arm,topo,rate,seed,episode,step,rd,rp,th,r_mean
pretrain,CERNET.gml,500,2,0,0,0.9422234679694972,0.27327910583627835,0.2696064973182541,0.9404878048780488
pretrain,CERNET.gml,500,2,0,1,0.9339764458610341,0.24644506464161586,0.2695220462837571,0.42658536585365847
pretrain,CERNET.gml,500,2,0,2,0.9369360504854405,0.23508047982944816,0.2694461949472435,0.4360975609756098
pretrain,CERNET.gml,500,2,0,3,0.93455891218009,0.2117232681356647,0.26943365803809105,0.40682926829268284
pretrain,CERNET.gml,500,2,0,4,0.9357458162042672,0.23741657045635317,0.26940153413197604,0.4607317073170732
pretrain,CERNET.gml,500,2,0,5,0.9369213052342997,0.22288976301092728,0.26939086951894725,0.42487804878048785
pretrain,CERNET.gml,500,2,0,6,0.9357488508411645,0.22222784278083468,0.26942743847233364,0.4329268292682927
pretrain,CERNET.gml,500,2,0,7,0.9345658544610284,0.24859588455896642,0.2694711334338179,0.4700000000000001
pretrain,CERNET.gml,500,2,0,8,0.9351495406610387,0.21357221483864697,0.2694903060038391,0.40341463414634143
pretrain,CERNET.gml,500,2,0,9,0.9327734803657454,0.22587901936421284,0.26952629228328057,0.44414634146341464
pretrain,CERNET.gml,500,2,0,10,0.935139236140253,0.22125963969992027,0.26960278881988436,0.4321951219512195
pretrain,CERNET.gml,500,2,0,11,0.9339917426600055,0.22189595423497618,0.26975326053591936,0.43268292682926834
pretrain,CERNET.gml,500,2,0,12,0.9387257666593645,0.24034928578590314,0.26980026014606684,0.461951219512195
pretrain,CERNET.gml,500,2,0,13,0.9345675952180494,0.23089080903053572,0.26982144878143205,0.43341463414634146
pretrain,CERNET.gml,500,2,0,14,0.9375335998441802,0.2048462802107074,0.26990822092094147,0.40707317073170735
pretrain,CERNET.gml,500,2,0,15,0.9368791721359745,0.2556543611400065,0.27005532506044666,0.4953658536585366
pretrain,CERNET.gml,500,2,0,16,0.9363444904829907,0.2337789314555595,0.2702439244400187,0.4292682926829269
pretrain,CERNET.gml,500,2,0,17,0.9422932234554585,0.24649211798768703,0.27044507453916355,0.46463414634146344
pretrain,CERNET.gml,500,2,0,18,0.9339807182394244,0.21018999000922803,0.27054790481879737,0.397560975609756
pretrain,CERNET.gml,500,2,0,19,0.9363470321030505,0.22099284484608547,0.2707225311047751,0.4480487804878049
pretrain,CERNET.gml,500,2,0,20,0.9351551842169151,0.20251253845575545,0.27092886892086526,0.41073170731707326
pretrain,CERNET.gml,500,2,0,21,0.9363435358785822,0.21191413543545123,0.2711800784745783,0.43609756097560975
pretrain,CERNET.gml,500,2,0,22,0.9357393317020963,0.20726213923840892,0.2713845361967334,0.4246341463414634
pretrain,CERNET.gml,500,2,0,23,0.9351527804193466,0.20549674599054488,0.27167923433465846,0.42487804878048785
pretrain,CERNET.gml,500,2,0,24,0.9351549446622465,0.20424661732113034,0.27198409446216,0.425609756097561
pretrain,CERNET.gml,500,2,0,25,0.9345575441611044,0.2078847347644876,0.27233128633640713,0.43
pretrain,CERNET.gml,500,2,0,26,0.934548877268123,0.2035134436736443,0.2726919620580603,0.42195121951219516
pretrain,CERNET.gml,500,2,0,27,0.9327821100377538,0.2039011111047846,0.2729865801500062,0.42560975609756097
pretrain,CERNET.gml,500,2,0,28,0.9345713015954451,0.2060530895711943,0.2733046498036313,0.43
pretrain,CERNET.gml,500,2,0,29,0.9357774925331178,0.20664297751840852,0.27353808200346325,0.4282926829268293
pretrain,CERNET.gml,500,2,0,30,0.9351460449317189,0.18459310324959238,0.27386005265049185,0.39804878048780495
pretrain,CERNET.gml,500,2,0,31,0.9345574317730889,0.1951221439190593,0.27432305243107774,0.42951219512195127
pretrain,CERNET.gml,500,2,0,32,0.9369474215078378,0.20938065251271848,0.2747750672074729,0.44
pretrain,CERNET.gml,500,2,0,33,0.9375337700837595,0.2223896221777476,0.27517036920947724,0.4487804878048781
pretrain,CERNET.gml,500,2,0,34,0.9339756159149071,0.2230593280682029,0.275537025915879,0.44170731707317074
pretrain,CERNET.gml,500,2,0,35,0.9363447695791581,0.19878294236591884,0.2759429533249752,0.4058536585365854
pretrain,CERNET.gml,500,2,0,36,0.9359425743648083,0.20103228501413778,0.27635289660905893,0.4258536585365853
pretrain,CERNET.gml,500,2,0,37,0.9357504891969787,0.18840185743081767,0.2766861620747732,0.4109756097560976
pretrain,CERNET.gml,500,2,0,38,0.9393122691533906,0.19460544011692574,0.2771615672809762,0.4239024390243901
pretrain,CERNET.gml,500,2,0,39,0.9357708846124119,0.20285411177004642,0.2775903758811121,0.4324390243902439
pretrain,CERNET.gml,500,2,0,40,0.934051336196686,0.19725422926023833,0.27797273749261053,0.41926829268292687
pretrain,CERNET.gml,500,2,0,41,0.9351518969005503,0.1955719956321407,0.2784437093114163,0.41975609756097554
pretrain,CERNET.gml,500,2,0,42,0.934559114056083,0.2011806810801178,0.2790466046659986,0.4321951219512195
pretrain,CERNET.gml,500,2,0,43,0.936348075271458,0.18787683076651637,0.27957169973359935,0.4109756097560975
pretrain,CERNET.gml,500,2,0,44,0.9345589683081574,0.18214673637388296,0.2802631398170871,0.4087804878048781
pretrain,CERNET.gml,500,2,0,45,0.9357440411607456,0.1906838851283766,0.28091639389670364,0.42487804878048774
pretrain,CERNET.gml,500,2,0,46,0.9339617859895686,0.1794913498097889,0.2814742605426196,0.4051219512195123
pretrain,CERNET.gml,500,2,0,47,0.9345517803766337,0.18187745934499772,0.2820862934278694,0.418780487804878
pretrain,CERNET.gml,500,2,0,48,0.9369496605248506,0.17677396480427146,0.28283975895068053,0.4053658536585365
pretrain,CERNET.gml,500,2,0,49,0.9363532217737086,0.18290829471911968,0.28336719109025876,0.42121951219512194
pretrain,CERNET.gml,500,2,1,0,0.9393146566245058,0.23833187160527128,0.26976715382959987,0.8929268292682927
pretrain,CERNET.gml,500,2,1,1,0.9357389134250526,0.2405642609653307,0.2696751330636665,0.44341463414634136
pretrain,CERNET.gml,500,2,1,2,0.9357511843590852,0.22868132391217003,0.26959961067166943,0.42707317073170725
pretrain,CERNET.gml,500,2,1,3,0.937534231734802,0.23884522490138654,0.2695484381725324,0.4534146341463415
pretrain,CERNET.gml,500,2,1,4,0.9363404629966076,0.25679496831275717,0.26952904038694636,0.4702439024390244
pretrain,CERNET.gml,500,2,1,5,0.9363418685271432,0.24351490873331935,0.26955623221553693,0.4380487804878049
pretrain,CERNET.gml,500,2,1,6,0.9368404268972171,0.2228228971514441,0.26954616473783266,0.4209756097560976
pretrain,CERNET.gml,500,2,1,7,0.9369321351520677,0.2369750739617575,0.2695853837268436,0.45317073170731714
pretrain,CERNET.gml,500,2,1,8,0.9357475802572921,0.2227446798637976,0.26964997246119254,0.42536585365853663
pretrain,CERNET.gml,500,2,1,9,0.9369346505497832,0.23741868872884322,0.26972475487611447,0.4560975609756097
pretrain,CERNET.gml,500,2,1,10,0.9381318772702891,0.22112089457950662,0.26982029463262713,0.42219512195121955
pretrain,CERNET.gml,500,2,1,11,0.9357655490175384,0.2147960215371471,0.2698561169263493,0.42536585365853663
pretrain,CERNET.gml,500,2,1,12,0.9333802563521816,0.22898225384415638,0.26993663532584955,0.44634146341463415
pretrain,CERNET.gml,500,2,1,13,0.9357424238952838,0.23439617301363552,0.26994071066643843,0.45170731707317074
pretrain,CERNET.gml,500,2,1,14,0.9339818153724327,0.2231020004878435,0.2701111300619592,0.4273170731707318
pretrain,CERNET.gml,500,2,1,15,0.9375256465762473,0.2203437520029114,0.27023178201371223,0.43585365853658536
pretrain,CERNET.gml,500,2,1,16,0.9381313945701293,0.21201885582259403,0.27041074934937964,0.42121951219512194
pretrain,CERNET.gml,500,2,1,17,0.9381091603032892,0.21558986891895637,0.2704614907126014,0.43682926829268287
pretrain,CERNET.gml,500,2,1,18,0.9339758828807941,0.22018311526166287,0.27067194630375296,0.43756097560975604
pretrain,CERNET.gml,500,2,1,19,0.9357014103736745,0.2192705894685206,0.27086045824041016,0.4341463414634146
pretrain,CERNET.gml,500,2,1,20,0.9381233728376761,0.1997923695529016,0.2711249688612556,0.41048780487804876
pretrain,CERNET.gml,500,2,1,21,0.9345586747726001,0.20346054190656296,0.27139335300932355,0.4246341463414634
pretrain,CERNET.gml,500,2,1,22,0.9357836026676308,0.22194838021410407,0.27168008629018864,0.4519512195121951
pretrain,CERNET.gml,500,2,1,23,0.9351484332461291,0.19250683857485398,0.2719783869622985,0.39560975609756105
pretrain,CERNET.gml,500,2,1,24,0.9333953771365329,0.21191874249046072,0.272245865774682,0.4460975609756097
pretrain,CERNET.gml,500,2,1,25,0.9369388167918528,0.1998798758304445,0.27255366144431453,0.4146341463414634
pretrain,CERNET.gml,500,2,1,26,0.9337210401877896,0.20481560805389615,0.2727859250042808,0.43073170731707316
pretrain,CERNET.gml,500,2,1,27,0.9327907579948929,0.19672576050921775,0.2731527321638086,0.412439024390244
pretrain,CERNET.gml,500,2,1,28,0.9381304252907119,0.20687333330765723,0.273295812807038,0.4395121951219512
pretrain,CERNET.gml,500,2,1,29,0.9345585353982171,0.21284922726218997,0.2737228319310774,0.43560975609756086
pretrain,CERNET.gml,500,2,1,30,0.9381288169294841,0.22070631853171732,0.27405458704165014,0.44536585365853654
pretrain,CERNET.gml,500,2,1,31,0.9381281226698611,0.19801941211475593,0.2744506211674374,0.4058536585365854
pretrain,CERNET.gml,500,2,1,32,0.9381245391807451,0.19762811079109888,0.2746935213546877,0.4260975609756098
pretrain,CERNET.gml,500,2,1,33,0.940440039682972,0.2138296079641243,0.27512730237751315,0.4478048780487805
pretrain,CERNET.gml,500,2,1,34,0.9375363133324781,0.18534067418639225,0.2755390595684017,0.39414634146341465
pretrain,CERNET.gml,500,2,1,35,0.940501085864725,0.1849932840617224,0.2759679140844247,0.41487804878048784
pretrain,CERNET.gml,500,2,1,36,0.9369379192772593,0.20366295846667457,0.2764357758897745,0.43414634146341463
pretrain,CERNET.gml,500,2,1,37,0.9410975801870277,0.19655750288140617,0.2767240870856256,0.42219512195121955
pretrain,CERNET.gml,500,2,1,38,0.9316153619385749,0.17200469752360728,0.2772377924317832,0.3848780487804878
pretrain,CERNET.gml,500,2,1,39,0.941097014663884,0.18876960817613553,0.27778838221740393,0.43341463414634135
pretrain,CERNET.gml,500,2,1,40,0.9351527563548925,0.20150182484750215,0.2782919127353985,0.43487804878048775
pretrain,CERNET.gml,500,2,1,41,0.9369411978725035,0.19474107153738746,0.27880561408680504,0.41707317073170735
pretrain,CERNET.gml,500,2,1,42,0.9346395478481977,0.18475037120221996,0.27924021714435565,0.40512195121951217
pretrain,CERNET.gml,500,2,1,43,0.9352512788672597,0.18134303785956743,0.2798452956130872,0.4102439024390244
pretrain,CERNET.gml,500,2,1,44,0.934597160167262,0.18221719788085922,0.2804658054732437,0.41780487804878047
pretrain,CERNET.gml,500,2,1,45,0.9352185889700064,0.17490240783787742,0.2811722247220294,0.4017073170731707
pretrain,CERNET.gml,500,2,1,46,0.9332869905754726,0.16853047135843838,0.2817803926279587,0.398780487804878
pretrain,CERNET.gml,500,2,1,47,0.9345693629887951,0.18352858253662208,0.2825230373460195,0.423170731707317
pretrain,CERNET.gml,500,2,1,48,0.9333983966680753,0.19183373313290072,0.2831217066874245,0.42756097560975614
pretrain,CERNET.gml,500,2,1,49,0.9345629133170559,0.18070285287333493,0.28388230254982605,0.4073170731707317
pretrain,CERNET.gml,500,2,2,0,0.944608237128418,0.3067284920042041,0.2694216453295164,0.9885365853658536
pretrain,CERNET.gml,500,2,2,1,0.9380905096050116,0.24965901911369123,0.26927896652893046,0.4109756097560975
pretrain,CERNET.gml,500,2,2,2,0.936337942274989,0.23039728616325228,0.269231027802322,0.42463414634146335
pretrain,CERNET.gml,500,2,2,3,0.936338764389065,0.22364287930582674,0.26920696462969423,0.42902439024390243
pretrain,CERNET.gml,500,2,2,4,0.9339737672279416,0.25187954028189097,0.2692090565199525,0.47146341463414637
pretrain,CERNET.gml,500,2,2,5,0.935163169447721,0.24582964677490368,0.26919478249624607,0.445609756097561
pretrain,CERNET.gml,500,2,2,6,0.9363403496537299,0.25566675610459055,0.26916297764951574,0.4651219512195122
pretrain,CERNET.gml,500,2,2,7,0.9363446915033821,0.2274887010157315,0.2692298635540665,0.4165853658536585
pretrain,CERNET.gml,500,2,2,8,0.935755190073589,0.23999596909345694,0.2692360096203251,0.4548780487804879
pretrain,CERNET.gml,500,2,2,9,0.9327876844915783,0.23003617588415948,0.2692712576123971,0.4324390243902439
pretrain,CERNET.gml,500,2,2,10,0.9351589731484784,0.21516581691947367,0.269313802397453,0.4190243902439024
pretrain,CERNET.gml,500,2,2,11,0.9357469305052558,0.22645594671233954,0.2693857893707853,0.44634146341463415
pretrain,CERNET.gml,500,2,2,12,0.9369382943321651,0.22217713582271825,0.2695161948105022,0.43487804878048775
pretrain,CERNET.gml,500,2,2,13,0.9393187920846796,0.23814982516082855,0.2696515897824299,0.4570731707317073
pretrain,CERNET.gml,500,2,2,14,0.9334071587481031,0.21786643028858213,0.2696539037285862,0.41756097560975614
pretrain,CERNET.gml,500,2,2,15,0.9363563101832815,0.24164169790243067,0.26979346534649995,0.46682926829268295
pretrain,CERNET.gml,500,2,2,16,0.9345595141823027,0.21013620052894982,0.2698926478962841,0.40707317073170735
pretrain,CERNET.gml,500,2,2,17,0.9363431708424995,0.20962383727613365,0.27008191360665845,0.4285365853658536
pretrain,CERNET.gml,500,2,2,18,0.9351544410276289,0.2083082599736694,0.27033188611153797,0.4251219512195122
pretrain,CERNET.gml,500,2,2,19,0.9333793781569398,0.22548300962854084,0.27051840408412114,0.44731707317073177
pretrain,CERNET.gml,500,2,2,20,0.9363547267731969,0.22876852570537276,0.2707134880635491,0.4458536585365854
pretrain,CERNET.gml,500,2,2,21,0.9351506620807388,0.2007891154333547,0.27093008901721194,0.40268292682926826
pretrain,CERNET.gml,500,2,2,22,0.9334166725618159,0.21608798649200406,0.27116118971009656,0.44390243902439025
pretrain,CERNET.gml,500,2,2,23,0.9351559033517468,0.19360253208437828,0.2714309341761823,0.4021951219512195
pretrain,CERNET.gml,500,2,2,24,0.9339642375399055,0.21039745955453834,0.27176065546231665,0.4395121951219513
pretrain,CERNET.gml,500,2,2,25,0.9369406458200148,0.2048321851628888,0.27209221472136264,0.4217073170731708
pretrain,CERNET.gml,500,2,2,26,0.9351541243713914,0.1907991155319196,0.2723273136003026,0.4065853658536585
pretrain,CERNET.gml,500,2,2,27,0.9357509236079028,0.21864209912412513,0.2726710149750838,0.455609756097561
pretrain,CERNET.gml,500,2,2,28,0.935750751223586,0.2184487830950941,0.27302780292154477,0.43609756097560975
pretrain,CERNET.gml,500,2,2,29,0.9363478244172254,0.20075199394936813,0.2733292371453002,0.4126829268292683
pretrain,CERNET.gml,500,2,2,30,0.9345453937843133,0.21257116573479276,0.2736381757299252,0.44
pretrain,CERNET.gml,500,2,2,31,0.9362692355991862,0.21125723992601145,0.2740711954889362,0.433170731707317
pretrain,CERNET.gml,500,2,2,32,0.9357496682269906,0.20410702956207957,0.2744536643600029,0.4246341463414634
pretrain,CERNET.gml,500,2,2,33,0.9357540163948599,0.19528564634799997,0.2749367944588996,0.4117073170731707
pretrain,CERNET.gml,500,2,2,34,0.9363424792531733,0.20638085302118966,0.2752868428114664,0.4378048780487805
pretrain,CERNET.gml,500,2,2,35,0.9363288584072718,0.2013698501216086,0.275775123409219,0.4217073170731707
pretrain,CERNET.gml,500,2,2,36,0.9369496192428234,0.20647580902435422,0.2761733655166867,0.43341463414634146
pretrain,CERNET.gml,500,2,2,37,0.9321835118478631,0.17680166673292985,0.2766734116671688,0.3848780487804878
pretrain,CERNET.gml,500,2,2,38,0.9327840599721716,0.20398035834652323,0.27709638456597735,0.44487804878048787
pretrain,CERNET.gml,500,2,2,39,0.9363474153478095,0.18854193586600448,0.27755499943759915,0.4102439024390244
pretrain,CERNET.gml,500,2,2,40,0.9351525797420105,0.17987322475874476,0.278068029156056,0.4058536585365854
pretrain,CERNET.gml,500,2,2,41,0.935127284537718,0.1874077919482051,0.2786498674823969,0.4226829268292682
pretrain,CERNET.gml,500,2,2,42,0.9363528091460769,0.18657151745914932,0.2791799358513252,0.41609756097560974
pretrain,CERNET.gml,500,2,2,43,0.9351583537325675,0.18917099655433223,0.27976178304280835,0.41780487804878047
pretrain,CERNET.gml,500,2,2,44,0.9357506570651798,0.1868523033443966,0.28028263988553676,0.4160975609756098
pretrain,CERNET.gml,500,2,2,45,0.9363333945863266,0.2001220037717759,0.2807819618908457,0.43609756097560975
pretrain,CERNET.gml,500,2,2,46,0.9351434167473844,0.18344508771923013,0.28125209594237277,0.4002439024390244
pretrain,CERNET.gml,500,2,2,47,0.9333879424616942,0.18892723379078527,0.28194133283058154,0.4224390243902439
pretrain,CERNET.gml,500,2,2,48,0.9333652809527202,0.17087051841019665,0.28263472587294547,0.3934146341463414
pretrain,CERNET.gml,500,2,2,49,0.9339601922185439,0.17526715168513574,0.28328511833093967,0.414390243902439
pretrain,CERNET.gml,500,2,3,0,0.9416836212920009,0.2349432312077422,0.2689316112088781,0.8890243902439026
pretrain,CERNET.gml,500,2,3,1,0.936343111536601,0.23126922457923765,0.26883933839688084,0.43536585365853653
pretrain,CERNET.gml,500,2,3,2,0.9369403263151576,0.23220969808552802,0.268791686553675,0.4395121951219512
pretrain,CERNET.gml,500,2,3,3,0.9369435259626455,0.2410139716052443,0.2687300345130937,0.4517073170731708
pretrain,CERNET.gml,500,2,3,4,0.9351542591921205,0.2261797437857948,0.26866435320898086,0.42634146341463414
pretrain,CERNET.gml,500,2,3,5,0.9357348671724566,0.23371390149375607,0.2686576217027446,0.4463414634146341
pretrain,CERNET.gml,500,2,3,6,0.9369334585820613,0.2473917546232771,0.26866246164629676,0.4614634146341463
pretrain,CERNET.gml,500,2,3,7,0.938706573322277,0.22697853749204114,0.2686855840669957,0.4253658536585365
pretrain,CERNET.gml,500,2,3,8,0.9333789876789553,0.23098720029790862,0.26868895682382227,0.4402439024390245
pretrain,CERNET.gml,500,2,3,9,0.9357509471806925,0.21794683220766486,0.26875461269158707,0.42341463414634145
pretrain,CERNET.gml,500,2,3,10,0.9393096058835915,0.24405325983506937,0.2687792529927321,0.47048780487804887
pretrain,CERNET.gml,500,2,3,11,0.9387191298003399,0.21921820018292576,0.26888030078084996,0.41780487804878047
pretrain,CERNET.gml,500,2,3,12,0.9345604016740298,0.2227347679924285,0.2689751426207127,0.4358536585365853
pretrain,CERNET.gml,500,2,3,13,0.9369362207440078,0.2133450697458615,0.26909146219876423,0.42439024390243907
pretrain,CERNET.gml,500,2,3,14,0.9357604488217403,0.21853414897481122,0.2692304149987554,0.4351219512195122
pretrain,CERNET.gml,500,2,3,15,0.9333858376354941,0.21117021536266448,0.26930531204494823,0.41926829268292687
pretrain,CERNET.gml,500,2,3,16,0.9399129469321247,0.2277936419652606,0.26936609546667456,0.4556097560975609
pretrain,CERNET.gml,500,2,3,17,0.9369433664356905,0.21490239657711904,0.2694990950078475,0.4224390243902439
pretrain,CERNET.gml,500,2,3,18,0.9351560196359434,0.20380649360589076,0.26963380569134066,0.41560975609756107
pretrain,CERNET.gml,500,2,3,19,0.9363451551463647,0.21653699323691472,0.26980404468241903,0.44317073170731713
pretrain,CERNET.gml,500,2,3,20,0.9351315393587173,0.21639318703189211,0.2699902722912378,0.4321951219512195
pretrain,CERNET.gml,500,2,3,21,0.9351158744785899,0.2052313851452553,0.27023989056453235,0.4173170731707318
pretrain,CERNET.gml,500,2,3,22,0.9345371813012072,0.20864458640914138,0.27046927516741753,0.42951219512195127
pretrain,CERNET.gml,500,2,3,23,0.936347708914034,0.20128517290512293,0.2707290930701164,0.41926829268292687
pretrain,CERNET.gml,500,2,3,24,0.9357474552910354,0.2172725910310685,0.2709950916456992,0.44804878048780483
pretrain,CERNET.gml,500,2,3,25,0.9357636051409773,0.21536462520175642,0.27132181858432514,0.4319512195121951
pretrain,CERNET.gml,500,2,3,26,0.9351548164210238,0.20482626883937216,0.2715574272018887,0.41926829268292687
pretrain,CERNET.gml,500,2,3,27,0.9345617248460315,0.18999161142680893,0.27189026648637893,0.4048780487804878
pretrain,CERNET.gml,500,2,3,28,0.9393163204035936,0.21179182072996772,0.2722857802296399,0.4463414634146341
pretrain,CERNET.gml,500,2,3,29,0.9351582402802716,0.20667698725294578,0.2725256428350617,0.42341463414634145
pretrain,CERNET.gml,500,2,3,30,0.9351561506424735,0.19779669921967866,0.2728636012374506,0.4178048780487805
pretrain,CERNET.gml,500,2,3,31,0.9333723866268908,0.21552394611286482,0.27333922125049825,0.4436585365853658
pretrain,CERNET.gml,500,2,3,32,0.936934783031347,0.20469039563272023,0.2736827509357627,0.42219512195121955
pretrain,CERNET.gml,500,2,3,33,0.9351555939940619,0.19222200631540387,0.27401798406938427,0.4102439024390244
pretrain,CERNET.gml,500,2,3,34,0.9352693252846974,0.22394162842035817,0.2744429943278395,0.464390243902439
pretrain,CERNET.gml,500,2,3,35,0.9369377084717805,0.19712292026635078,0.2749346500617557,0.4051219512195123
pretrain,CERNET.gml,500,2,3,36,0.9363394057835822,0.20099306652384538,0.27540097196408225,0.42853658536585365
pretrain,CERNET.gml,500,2,3,37,0.9357535982602745,0.19182316351885598,0.27585568605392113,0.41414634146341467
pretrain,CERNET.gml,500,2,3,38,0.9363112207510711,0.19094340059126408,0.2764055745538581,0.41829268292682925
pretrain,CERNET.gml,500,2,3,39,0.9351529122894462,0.18744235734436687,0.2769321689246622,0.4151219512195122
pretrain,CERNET.gml,500,2,3,40,0.934523737004543,0.19279822329609586,0.27752031224924584,0.4221951219512195
pretrain,CERNET.gml,500,2,3,41,0.9339913265546953,0.19512620005064363,0.27800722038867387,0.4217073170731707
pretrain,CERNET.gml,500,2,3,42,0.9369460129859071,0.19031487793359006,0.27856102721926823,0.4136585365853659
pretrain,CERNET.gml,500,2,3,43,0.9357600983927523,0.18136702008598898,0.27896157435995295,0.4102439024390243
pretrain,CERNET.gml,500,2,3,44,0.9357173937167849,0.18736492881587022,0.27961856301004795,0.41926829268292687
pretrain,CERNET.gml,500,2,3,45,0.9357509373817497,0.17374071616142983,0.28004173380841707,0.39829268292682923
pretrain,CERNET.gml,500,2,3,46,0.9357229357556663,0.18985421169372915,0.28063643003871175,0.43048780487804883
pretrain,CERNET.gml,500,2,3,47,0.9373379967270891,0.18897564906289685,0.2812495498830168,0.4153658536585366
pretrain,CERNET.gml,500,2,3,48,0.9369431353762737,0.18316443742417063,0.28178475751898446,0.41219512195121955
pretrain,CERNET.gml,500,2,3,49,0.9357814996409125,0.19490284508369296,0.28238374680915546,0.4297560975609757
pretrain,CERNET.gml,500,2,4,0,0.9422662496133265,0.28066472783277946,0.26981414886307525,0.9529268292682926
pretrain,CERNET.gml,500,2,4,1,0.9380150599649012,0.23550451070240555,0.26974471507242065,0.41
pretrain,CERNET.gml,500,2,4,2,0.9363378387606225,0.21682263121699935,0.26965671037611033,0.4139024390243902
pretrain,CERNET.gml,500,2,4,3,0.9345676316328184,0.2525960927069424,0.269588210396732,0.4753658536585366
pretrain,CERNET.gml,500,2,4,4,0.9351404441561848,0.23618376263077168,0.26949025381726527,0.4314634146341463
pretrain,CERNET.gml,500,2,4,5,0.9363371084856384,0.21890001485942534,0.26942927767614966,0.42048780487804877
pretrain,CERNET.gml,500,2,4,6,0.9369415386694367,0.21705962868392448,0.2694262619263108,0.42756097560975603
pretrain,CERNET.gml,500,2,4,7,0.9392923179502414,0.2222520176477018,0.26945069411171413,0.4387804878048781
pretrain,CERNET.gml,500,2,4,8,0.9375317588958213,0.2224731355890397,0.26950974654339643,0.4346341463414634
pretrain,CERNET.gml,500,2,4,9,0.9333734334342444,0.21761320206113866,0.2695642196399486,0.4246341463414634
pretrain,CERNET.gml,500,2,4,10,0.9381196660455312,0.23164204305343053,0.2696184362184934,0.4524390243902439
pretrain,CERNET.gml,500,2,4,11,0.9345694235153543,0.255495337026321,0.26968302255222704,0.4717073170731707
pretrain,CERNET.gml,500,2,4,12,0.9351405361451178,0.22772027569635656,0.26971149170815173,0.42073170731707316
pretrain,CERNET.gml,500,2,4,13,0.9362476406064256,0.22796040247179933,0.2697856638271062,0.4402439024390244
pretrain,CERNET.gml,500,2,4,14,0.9351527373387258,0.2139040452710542,0.26991541476688075,0.42073170731707316
pretrain,CERNET.gml,500,2,4,15,0.9345692826110118,0.22633092533409682,0.27007472049126063,0.4458536585365854
pretrain,CERNET.gml,500,2,4,16,0.9357506557370944,0.23877591293977193,0.2701887831687133,0.45609756097560983
pretrain,CERNET.gml,500,2,4,17,0.9357377312644256,0.21728426707219708,0.27035416469162044,0.4190243902439024
pretrain,CERNET.gml,500,2,4,18,0.9357474358431849,0.20376908826512347,0.2705079325500591,0.4139024390243902
pretrain,CERNET.gml,500,2,4,19,0.9351559748892614,0.20466114684497835,0.2706849813217885,0.425609756097561
pretrain,CERNET.gml,500,2,4,20,0.9339908227927064,0.20242536236999475,0.27094263355761555,0.4195121951219513
pretrain,CERNET.gml,500,2,4,21,0.9351536211581339,0.20622055280315457,0.27121515361225607,0.42975609756097566
pretrain,CERNET.gml,500,2,4,22,0.9345486503743418,0.22150202148517242,0.2714953804858499,0.44731707317073177
pretrain,CERNET.gml,500,2,4,23,0.9393131045647581,0.20170058635472798,0.27177791314658717,0.4095121951219512
pretrain,CERNET.gml,500,2,4,24,0.9393182949027411,0.20792207098942284,0.27194339857289546,0.43536585365853653
pretrain,CERNET.gml,500,2,4,25,0.9398882741467223,0.20872875344691644,0.27229525831968826,0.43268292682926823
pretrain,CERNET.gml,500,2,4,26,0.9369394982619225,0.2020299560444971,0.27247474618987966,0.4207317073170731
pretrain,CERNET.gml,500,2,4,27,0.9351623634343731,0.2205929073689419,0.27285353703128273,0.44682926829268294
pretrain,CERNET.gml,500,2,4,28,0.9351481622906272,0.21220824370584446,0.2730819375191953,0.42487804878048774
pretrain,CERNET.gml,500,2,4,29,0.9345539090466575,0.20110201541575679,0.27341144958309954,0.416829268292683
pretrain,CERNET.gml,500,2,4,30,0.9339739942076261,0.20125463332399857,0.27381107201764127,0.4214634146341464
pretrain,CERNET.gml,500,2,4,31,0.9351454624400317,0.19969615664463855,0.27413020673807265,0.42487804878048785
pretrain,CERNET.gml,500,2,4,32,0.9375371742640038,0.1991026356737672,0.2745362732368366,0.4221951219512195
pretrain,CERNET.gml,500,2,4,33,0.936343525621359,0.20601321780422263,0.2748596224992328,0.4336585365853659
pretrain,CERNET.gml,500,2,4,34,0.9351536182151422,0.209756595898946,0.2753356652952942,0.4324390243902439
pretrain,CERNET.gml,500,2,4,35,0.9357471755870609,0.19727317015164775,0.2757761823729902,0.41487804878048784
pretrain,CERNET.gml,500,2,4,36,0.9368507571113217,0.2288372021501521,0.2762639600024866,0.4665853658536585
pretrain,CERNET.gml,500,2,4,37,0.9362901057126389,0.19134131970588647,0.27670360981501396,0.3907317073170732
pretrain,CERNET.gml,500,2,4,38,0.9327764660507367,0.202694662198965,0.2769717818693725,0.43268292682926823
pretrain,CERNET.gml,500,2,4,39,0.9363360613847919,0.18290488549998907,0.2774674275320992,0.40414634146341466
pretrain,CERNET.gml,500,2,4,40,0.9345740735843773,0.1950350232922434,0.27803614637176527,0.42756097560975603
pretrain,CERNET.gml,500,2,4,41,0.9345685792050152,0.19529786620099765,0.2784192362724554,0.4224390243902439
pretrain,CERNET.gml,500,2,4,42,0.9333931524768967,0.1898682798584296,0.2789920517672417,0.414390243902439
pretrain,CERNET.gml,500,2,4,43,0.935751017152872,0.18323263413875676,0.27946840701923403,0.41
pretrain,CERNET.gml,500,2,4,44,0.9369348800457167,0.18868924437581555,0.2800809199278927,0.4221951219512195
pretrain,CERNET.gml,500,2,4,45,0.9375243588839334,0.18897836610764726,0.28068738397282494,0.4158536585365854
pretrain,CERNET.gml,500,2,4,46,0.9339781482257323,0.18464055386863767,0.2811818892598643,0.41560975609756107
pretrain,CERNET.gml,500,2,4,47,0.9357571847925643,0.19553874692218967,0.28189102783377107,0.4307317073170731
pretrain,CERNET.gml,500,2,4,48,0.9339734378397123,0.17311429472497844,0.2823412732226063,0.3907317073170732
pretrain,CERNET.gml,500,2,4,49,0.9357390488375666,0.17553503365519335,0.2830386928736165,0.4102439024390244
pretrain,CERNET.gml,500,2,5,0,0.9375308334066033,0.25568840314199476,0.269367766144212,0.914390243902439
pretrain,CERNET.gml,500,2,5,1,0.9327828929853903,0.24513170913986462,0.2692533956108622,0.4378048780487805
pretrain,CERNET.gml,500,2,5,2,0.9375260618786607,0.2199205780631327,0.2691513902375063,0.4151219512195122
pretrain,CERNET.gml,500,2,5,3,0.9345586947680367,0.23248522437882527,0.26909675391403765,0.44853658536585367
pretrain,CERNET.gml,500,2,5,4,0.9339648247308324,0.2370094771351918,0.2691035564152717,0.4451219512195122
pretrain,CERNET.gml,500,2,5,5,0.9405007935375346,0.23377070110215595,0.2690682827047742,0.44414634146341475
pretrain,CERNET.gml,500,2,5,6,0.9351657440078736,0.22868113697963077,0.26909938865198707,0.4321951219512195
pretrain,CERNET.gml,500,2,5,7,0.9357493998420972,0.233746740847194,0.2691029019720694,0.44658536585365843
pretrain,CERNET.gml,500,2,5,8,0.9357498782577509,0.21770890227370845,0.2691557593480586,0.4195121951219513
pretrain,CERNET.gml,500,2,5,9,0.9369376824971933,0.2190355130005583,0.269218195229021,0.43536585365853664
pretrain,CERNET.gml,500,2,5,10,0.9327888637751819,0.23646318309363054,0.26934609949859034,0.4529268292682927
pretrain,CERNET.gml,500,2,5,11,0.934559266433557,0.2221885311444571,0.2694176350320497,0.4251219512195122
pretrain,CERNET.gml,500,2,5,12,0.9357551479265496,0.2255427341828781,0.26954324660260937,0.4417073170731708
pretrain,CERNET.gml,500,2,5,13,0.9333830264545934,0.22108502416831785,0.2696514382224766,0.42975609756097555
pretrain,CERNET.gml,500,2,5,14,0.9339621730456791,0.2125196638666981,0.26974214737379465,0.42073170731707316
pretrain,CERNET.gml,500,2,5,15,0.9322334114621014,0.2345024965195808,0.2698472116816322,0.46048780487804886
pretrain,CERNET.gml,500,2,5,16,0.9345564043944916,0.2118533277138523,0.27005175762267436,0.4102439024390244
pretrain,CERNET.gml,500,2,5,17,0.9357533012578191,0.20130854733509698,0.270168641966151,0.4165853658536586
pretrain,CERNET.gml,500,2,5,18,0.9357484616234015,0.21290782036847072,0.2703621320116963,0.4395121951219512
pretrain,CERNET.gml,500,2,5,19,0.9381268548964725,0.22604817951622985,0.2705779652403851,0.4495121951219513
pretrain,CERNET.gml,500,2,5,20,0.9345610876475849,0.2108503016181249,0.2707463047665042,0.4173170731707317
pretrain,CERNET.gml,500,2,5,21,0.9339638806832131,0.22579908250375888,0.2709999993934469,0.4478048780487805
pretrain,CERNET.gml,500,2,5,22,0.9387259204998082,0.22654645299452708,0.2712828598379413,0.44317073170731713
pretrain,CERNET.gml,500,2,5,23,0.9345505604584425,0.20050136689124318,0.27146849611437335,0.40341463414634143
pretrain,CERNET.gml,500,2,5,24,0.9333798724066774,0.21414994609835025,0.27174912130758727,0.4409756097560975
pretrain,CERNET.gml,500,2,5,25,0.9351571542962455,0.21178240172890136,0.2720539716555211,0.4317073170731706
pretrain,CERNET.gml,500,2,5,26,0.9351544132984413,0.20017503840065184,0.2723966638244195,0.4151219512195123
pretrain,CERNET.gml,500,2,5,27,0.9375358963445443,0.2098140517542093,0.27266259325673636,0.435609756097561
pretrain,CERNET.gml,500,2,5,28,0.9345619333097693,0.197905728391416,0.2729160660146239,0.41195121951219515
pretrain,CERNET.gml,500,2,5,29,0.9387214306099421,0.20291083764064882,0.27333770505107774,0.43073170731707316
pretrain,CERNET.gml,500,2,5,30,0.9351575265677716,0.1979811227512141,0.2737593558427871,0.42121951219512194
pretrain,CERNET.gml,500,2,5,31,0.9363485527440321,0.2045664987168437,0.2741328807512551,0.43487804878048786
pretrain,CERNET.gml,500,2,5,32,0.9363452300359251,0.19895161495725217,0.2745911099807333,0.4182926829268293
pretrain,CERNET.gml,500,2,5,33,0.9363362342828067,0.20578279310405845,0.2750189739888692,0.42902439024390243
pretrain,CERNET.gml,500,2,5,34,0.9357487000887329,0.19474479568195743,0.2753121115717193,0.41292682926829266
pretrain,CERNET.gml,500,2,5,35,0.9336179466425436,0.20741484771571325,0.2757676799998876,0.4382926829268293
pretrain,CERNET.gml,500,2,5,36,0.9369821376620762,0.19230334865235524,0.2762604709574541,0.41341463414634144
pretrain,CERNET.gml,500,2,5,37,0.9362531840052377,0.20791646163425595,0.2768294351514655,0.4395121951219512
pretrain,CERNET.gml,500,2,5,38,0.9368969112873164,0.18739380746578047,0.27731553142487253,0.4034146341463414
pretrain,CERNET.gml,500,2,5,39,0.9357352721212333,0.18567664059407626,0.2778774223340867,0.4139024390243903
pretrain,CERNET.gml,500,2,5,40,0.9381134486678262,0.1778619104669455,0.27850118854684586,0.4063414634146342
pretrain,CERNET.gml,500,2,5,41,0.9352679760699374,0.20699187719635573,0.27911608789952713,0.44975609756097557
pretrain,CERNET.gml,500,2,5,42,0.9381084954914828,0.18214169543233202,0.279673481938787,0.39731707317073167
pretrain,CERNET.gml,500,2,5,43,0.9363336749722916,0.1838768676229808,0.2801619110119803,0.41487804878048784
pretrain,CERNET.gml,500,2,5,44,0.936336309525658,0.18105026570098584,0.2807744086991088,0.4146341463414634
pretrain,CERNET.gml,500,2,5,45,0.9345978939669753,0.18180087476265352,0.28146678746182413,0.41292682926829266
pretrain,CERNET.gml,500,2,5,46,0.9357579431763091,0.1781957221133295,0.28206606170460125,0.40853658536585363
pretrain,CERNET.gml,500,2,5,47,0.9339614173917644,0.18880777018980355,0.28275951154152845,0.42487804878048785
pretrain,CERNET.gml,500,2,5,48,0.9351552651150709,0.19412671221406783,0.28349592953141123,0.42487804878048774
pretrain,CERNET.gml,500,2,5,49,0.9351741852521516,0.18430019834797476,0.284143882448015,0.4102439024390243
pretrain,CERNET.gml,500,2,6,0,0.9422604805928381,0.27830479097103433,0.2677563007866917,0.9490243902439025
pretrain,CERNET.gml,500,2,6,1,0.9368592642775145,0.23521393589892492,0.26768374595026434,0.41048780487804876
pretrain,CERNET.gml,500,2,6,2,0.9350891567432823,0.23610854690347471,0.26766542095949764,0.4429268292682926
pretrain,CERNET.gml,500,2,6,3,0.9381261397197055,0.22206585071053833,0.2676459464019204,0.42341463414634156
pretrain,CERNET.gml,500,2,6,4,0.9345639678897029,0.21151179441331475,0.2675895472474101,0.41707317073170724
pretrain,CERNET.gml,500,2,6,5,0.9387209880898859,0.21359499611316649,0.2676036889422607,0.4319512195121951
pretrain,CERNET.gml,500,2,6,6,0.9339803842050862,0.25905364708525297,0.2675397701988779,0.48975609756097555
pretrain,CERNET.gml,500,2,6,7,0.9345605403946372,0.2274368305449701,0.26751298831793524,0.41439024390243906
pretrain,CERNET.gml,500,2,6,8,0.9351714817440414,0.22636021225820352,0.2675678222879672,0.435609756097561
pretrain,CERNET.gml,500,2,6,9,0.9369311854743176,0.21979513249803825,0.26755928577418014,0.428780487804878
pretrain,CERNET.gml,500,2,6,10,0.9369365508942148,0.23737745317552364,0.2676238960116581,0.4595121951219513
pretrain,CERNET.gml,500,2,6,11,0.9357445031181423,0.2226456603918972,0.2677141396737766,0.4246341463414635
pretrain,CERNET.gml,500,2,6,12,0.9339905114744835,0.22822515076738006,0.26784769803797437,0.4402439024390244
pretrain,CERNET.gml,500,2,6,13,0.9339874738068927,0.22176642506054586,0.2678817481948825,0.4317073170731707
pretrain,CERNET.gml,500,2,6,14,0.9345732877536397,0.2383115503330981,0.2680139656141791,0.4585365853658537
pretrain,CERNET.gml,500,2,6,15,0.9351526691324732,0.23805617993753878,0.2681917757863007,0.4465853658536585
pretrain,CERNET.gml,500,2,6,16,0.9357475806219837,0.20160280761227764,0.2683890425636001,0.39731707317073167
pretrain,CERNET.gml,500,2,6,17,0.9357470221772781,0.21326393690716702,0.2685232178579985,0.43780487804878054
pretrain,CERNET.gml,500,2,6,18,0.9387242615739647,0.22976360458373132,0.26875316771189506,0.4553658536585366
pretrain,CERNET.gml,500,2,6,19,0.9345928990592904,0.2024384720207351,0.2689532807777981,0.40195121951219515
pretrain,CERNET.gml,500,2,6,20,0.9357633952274447,0.2130112943038731,0.26911889540620876,0.43853658536585366
pretrain,CERNET.gml,500,2,6,21,0.9351325228660797,0.22563523383868148,0.2693008157886729,0.44634146341463415
pretrain,CERNET.gml,500,2,6,22,0.9363461450550666,0.20551142502887776,0.26952865318393243,0.41414634146341467
pretrain,CERNET.gml,500,2,6,23,0.9357536143657141,0.18902334225760956,0.26977899576379,0.4026829268292683
pretrain,CERNET.gml,500,2,6,24,0.9357554359863328,0.20419350825581492,0.27009637268405395,0.43756097560975615
pretrain,CERNET.gml,500,2,6,25,0.9370385437274289,0.22048683292865143,0.27039193411842344,0.4480487804878049
pretrain,CERNET.gml,500,2,6,26,0.9363476837429584,0.2077112402243894,0.27071181664769706,0.4209756097560976
pretrain,CERNET.gml,500,2,6,27,0.9357633717991332,0.19396680390980664,0.2710131883423816,0.4058536585365853
pretrain,CERNET.gml,500,2,6,28,0.9357548392640898,0.21460684232324168,0.27109181827872864,0.44902439024390234
pretrain,CERNET.gml,500,2,6,29,0.9345339834943647,0.20632113700052254,0.2714525984799838,0.42121951219512205
pretrain,CERNET.gml,500,2,6,30,0.9351632971873273,0.18545536159442436,0.2717226489096714,0.3995121951219513
pretrain,CERNET.gml,500,2,6,31,0.9345557245607646,0.1863109031028874,0.2721178157035242,0.41487804878048784
pretrain,CERNET.gml,500,2,6,32,0.9357725967303115,0.2011253966252256,0.2725284858216509,0.4382926829268293
pretrain,CERNET.gml,500,2,6,33,0.9345859217166139,0.21013273125349607,0.2729897280753464,0.43707317073170737
pretrain,CERNET.gml,500,2,6,34,0.9351659391738859,0.18787190492610467,0.2734420669072865,0.4017073170731708
pretrain,CERNET.gml,500,2,6,35,0.9381252420597297,0.2041660053577903,0.2739442077216245,0.4378048780487805
pretrain,CERNET.gml,500,2,6,36,0.9344981438864582,0.1818838584523076,0.27437602699571334,0.3968292682926829
pretrain,CERNET.gml,500,2,6,37,0.9351201609796352,0.22214217740359116,0.2749032366793683,0.4685365853658536
pretrain,CERNET.gml,500,2,6,38,0.9375389425459353,0.20159360720511574,0.2752944628463583,0.413170731707317
pretrain,CERNET.gml,500,2,6,39,0.9369661512278052,0.23038123007310513,0.27576557060410234,0.46975609756097564
pretrain,CERNET.gml,500,2,6,40,0.9345726439262582,0.18801753506650126,0.27628901697594266,0.38243902439024396
pretrain,CERNET.gml,500,2,6,41,0.9375190198937566,0.18432721872262856,0.2766774553861599,0.41341463414634144
pretrain,CERNET.gml,500,2,6,42,0.9363445573320481,0.19322100684628835,0.27722163464905314,0.4302439024390244
pretrain,CERNET.gml,500,2,6,43,0.9351676060654596,0.19441198264451454,0.27777597906821805,0.4182926829268293
pretrain,CERNET.gml,500,2,6,44,0.935749891106722,0.1882215124736728,0.27830500411044523,0.41560975609756107
pretrain,CERNET.gml,500,2,6,45,0.9339762563394917,0.18252260846945967,0.27889052656572677,0.40707317073170723
pretrain,CERNET.gml,500,2,6,46,0.9345548522914073,0.1740002285462468,0.27948338012104723,0.40439024390243905
pretrain,CERNET.gml,500,2,6,47,0.9363739456737206,0.19965040153910182,0.2802468731829084,0.44536585365853654
pretrain,CERNET.gml,500,2,6,48,0.9350268613047583,0.1940340991191065,0.2808854761929436,0.41634146341463424
pretrain,CERNET.gml,500,2,6,49,0.9339692354850593,0.17528998111517585,0.28155561783655814,0.39512195121951216
pretrain,CERNET.gml,500,2,7,0,0.9381555548724573,0.2863654562246411,0.26950825975861453,0.958048780487805
pretrain,CERNET.gml,500,2,7,1,0.9363497870912695,0.23959525486815705,0.2694513615264306,0.4102439024390244
pretrain,CERNET.gml,500,2,7,2,0.93574576395402,0.24685841740778272,0.269350327860079,0.454390243902439
pretrain,CERNET.gml,500,2,7,3,0.934559291784049,0.23567096235079601,0.2693294263163054,0.4339024390243903
pretrain,CERNET.gml,500,2,7,4,0.9351543093275877,0.2087697592986754,0.2693097748812512,0.40414634146341466
pretrain,CERNET.gml,500,2,7,5,0.9363426525356275,0.23311741637906805,0.2692384674101509,0.458780487804878
pretrain,CERNET.gml,500,2,7,6,0.935155181184424,0.22765794426718292,0.26927977698883165,0.4334146341463415
pretrain,CERNET.gml,500,2,7,7,0.9345599369695773,0.20861102426540862,0.2693070080204033,0.4090243902439025
pretrain,CERNET.gml,500,2,7,8,0.9357291761447625,0.23384519230673362,0.2693531871483696,0.4600000000000001
pretrain,CERNET.gml,500,2,7,9,0.9351041416307052,0.23223629004118684,0.26944036812953814,0.4395121951219511
pretrain,CERNET.gml,500,2,7,10,0.9357451875066097,0.22070075599388617,0.2694630847343361,0.42707317073170725
pretrain,CERNET.gml,500,2,7,11,0.9381222004022636,0.2078850951294606,0.2695830686381742,0.41780487804878047
pretrain,CERNET.gml,500,2,7,12,0.93812342604484,0.21548688335397725,0.2696363682031999,0.4382926829268292
pretrain,CERNET.gml,500,2,7,13,0.9369391828660956,0.20162084295243898,0.26979394079440217,0.41121951219512193
pretrain,CERNET.gml,500,2,7,14,0.9363293280944792,0.21275297615452515,0.2699131547588544,0.43756097560975604
pretrain,CERNET.gml,500,2,7,15,0.9375337904803794,0.2190510478633684,0.27006235194401174,0.4402439024390244
pretrain,CERNET.gml,500,2,7,16,0.9357578658736387,0.24181951005179014,0.27025818659194417,0.4634146341463415
pretrain,CERNET.gml,500,2,7,17,0.9399061136754177,0.22599005137512593,0.27040109692196407,0.4321951219512195
pretrain,CERNET.gml,500,2,7,18,0.9369306389378038,0.21124764560132314,0.2705372120289097,0.4190243902439024
pretrain,CERNET.gml,500,2,7,19,0.9398914313555962,0.22659103249477233,0.2707378950604761,0.45341463414634153
pretrain,CERNET.gml,500,2,7,20,0.9363492171360411,0.19950018265271638,0.27096664235496526,0.4021951219512195
pretrain,CERNET.gml,500,2,7,21,0.9369352984527288,0.21487409773917784,0.271166230106123,0.4441463414634146
pretrain,CERNET.gml,500,2,7,22,0.9351593186737431,0.21107769857224082,0.27139456825619857,0.42560975609756097
pretrain,CERNET.gml,500,2,7,23,0.935745646046812,0.19822448558275194,0.2715955503766067,0.4151219512195122
pretrain,CERNET.gml,500,2,7,24,0.9339760471241207,0.21819326366598216,0.27192962747343213,0.4492682926829269
pretrain,CERNET.gml,500,2,7,25,0.9333823873041813,0.2162548739760567,0.2722642214695825,0.42902439024390254
pretrain,CERNET.gml,500,2,7,26,0.9351543763560695,0.2106245415771052,0.2725326972107323,0.42829268292682926
pretrain,CERNET.gml,500,2,7,27,0.9357428288985203,0.21874251191346009,0.2728178376207182,0.4395121951219513
pretrain,CERNET.gml,500,2,7,28,0.9333857061296006,0.19391090981076478,0.27308952292149513,0.4004878048780488
pretrain,CERNET.gml,500,2,7,29,0.9358030553700656,0.20869081106476658,0.2734837681936435,0.44121951219512195
pretrain,CERNET.gml,500,2,7,30,0.9363401126143593,0.18775153699556404,0.27380684560664514,0.40073170731707314
pretrain,CERNET.gml,500,2,7,31,0.9351584272834973,0.21791929718913286,0.2742067208369137,0.45951219512195124
pretrain,CERNET.gml,500,2,7,32,0.9369349105472518,0.19642939960535785,0.2745648617578613,0.40487804878048783
pretrain,CERNET.gml,500,2,7,33,0.9373608382039333,0.20967211936260666,0.27487815876726657,0.44268292682926835
pretrain,CERNET.gml,500,2,7,34,0.9339679445523785,0.1869116464408136,0.2753424426009584,0.3990243902439024
pretrain,CERNET.gml,500,2,7,35,0.9345573587063034,0.1908124350466246,0.275839197100305,0.41853658536585364
pretrain,CERNET.gml,500,2,7,36,0.9357420915049027,0.1906450302106677,0.2762264159190001,0.4219512195121952
pretrain,CERNET.gml,500,2,7,37,0.9345551224437655,0.17641634307688456,0.27671843697202203,0.39829268292682923
pretrain,CERNET.gml,500,2,7,38,0.9333764309980143,0.1965368415188809,0.27723738198501713,0.43585365853658536
pretrain,CERNET.gml,500,2,7,39,0.934529456808892,0.19108907301609343,0.27776305106267857,0.41609756097560974
pretrain,CERNET.gml,500,2,7,40,0.9374972618197904,0.19789717010452373,0.27833761646659333,0.4273170731707318
pretrain,CERNET.gml,500,2,7,41,0.9381186207818746,0.2032440834156802,0.27888401037281174,0.42804878048780487
pretrain,CERNET.gml,500,2,7,42,0.9351502518564132,0.18233296153680734,0.2791970177145298,0.40146341463414636
pretrain,CERNET.gml,500,2,7,43,0.9339720025519836,0.19187988737419803,0.27980084668431593,0.42439024390243907
pretrain,CERNET.gml,500,2,7,44,0.9357564223577379,0.19883918703852982,0.28034481010976986,0.42902439024390243
pretrain,CERNET.gml,500,2,7,45,0.9375341588952042,0.20007162715225074,0.2808567504152618,0.4292682926829269
pretrain,CERNET.gml,500,2,7,46,0.9345573471464578,0.16848975264810875,0.2813398362273651,0.3807317073170732
pretrain,CERNET.gml,500,2,7,47,0.9339777716946819,0.17919236771759028,0.28196901625987486,0.42048780487804877
pretrain,CERNET.gml,500,2,7,48,0.9327826315786086,0.1714540330715209,0.28269976999831753,0.39975609756097563
pretrain,CERNET.gml,500,2,7,49,0.9369439507444602,0.18513277236734565,0.2831850737999014,0.42658536585365847
pretrain,CERNET.gml,500,2,8,0,0.9422862059098941,0.2746803740607551,0.2699741342353845,0.9460975609756097
pretrain,CERNET.gml,500,2,8,1,0.9363472367245441,0.2285610240834765,0.2699247109055762,0.40414634146341466
pretrain,CERNET.gml,500,2,8,2,0.9357479250812011,0.2298012316533088,0.26983438552602856,0.43902439024390244
pretrain,CERNET.gml,500,2,8,3,0.9363414541803368,0.23785646376727604,0.269840466436837,0.44975609756097557
pretrain,CERNET.gml,500,2,8,4,0.9363419575467602,0.23848015143724635,0.2698259879313268,0.44487804878048776
pretrain,CERNET.gml,500,2,8,5,0.9351543796484685,0.21591370540345814,0.26982996727366704,0.4131707317073171
pretrain,CERNET.gml,500,2,8,6,0.9345675519760157,0.23277830120561763,0.26981893842559695,0.4502439024390244
pretrain,CERNET.gml,500,2,8,7,0.9363425553338606,0.23142550856321517,0.26977054686863894,0.4424390243902439
pretrain,CERNET.gml,500,2,8,8,0.9393189896666462,0.235769533688427,0.2698366324214471,0.44902439024390234
pretrain,CERNET.gml,500,2,8,9,0.9357653832976351,0.22979468180977522,0.2698810822702348,0.4336585365853659
pretrain,CERNET.gml,500,2,8,10,0.9339666555758274,0.21010151725264883,0.2699177091187612,0.4136585365853659
pretrain,CERNET.gml,500,2,8,11,0.9357366012816887,0.22996443775395425,0.27002650468825806,0.4539024390243902
pretrain,CERNET.gml,500,2,8,12,0.9340046665033461,0.21074287937859584,0.2700752417575685,0.4114634146341464
pretrain,CERNET.gml,500,2,8,13,0.9339760241325077,0.22926284359427718,0.27009990704673076,0.4539024390243902
pretrain,CERNET.gml,500,2,8,14,0.9369370680013586,0.21663114175244394,0.2702180618332623,0.4224390243902439
pretrain,CERNET.gml,500,2,8,15,0.9357434578720606,0.212832433070272,0.270325215303297,0.42853658536585376
pretrain,CERNET.gml,500,2,8,16,0.935749685913451,0.20109991353767528,0.27050281699141376,0.41268292682926827
pretrain,CERNET.gml,500,2,8,17,0.935751881940391,0.22726647825570923,0.2706827784161654,0.4578048780487804
pretrain,CERNET.gml,500,2,8,18,0.9363448286880524,0.22025176851421716,0.270875857345367,0.43
pretrain,CERNET.gml,500,2,8,19,0.9369232731351674,0.22919380268434425,0.2710509167691763,0.44780487804878055
pretrain,CERNET.gml,500,2,8,20,0.9369337578768159,0.20578329509615298,0.27127560197902245,0.4104878048780488
pretrain,CERNET.gml,500,2,8,21,0.9393114095907513,0.21614939581126333,0.27140863913950486,0.4402439024390244
pretrain,CERNET.gml,500,2,8,22,0.9339677432540601,0.21038293997734825,0.27164498522112507,0.42414634146341457
pretrain,CERNET.gml,500,2,8,23,0.933979460988636,0.21301680841085513,0.2719542778036681,0.43341463414634146
pretrain,CERNET.gml,500,2,8,24,0.9327817894197951,0.2107395730521628,0.27219261727144084,0.42487804878048785
pretrain,CERNET.gml,500,2,8,25,0.9381320959555453,0.21478487922841769,0.2724144020084966,0.43975609756097556
pretrain,CERNET.gml,500,2,8,26,0.9356863260714766,0.21308681460290466,0.2726962411333209,0.42707317073170725
pretrain,CERNET.gml,500,2,8,27,0.9393201518315961,0.20639916707034142,0.27290496415209503,0.4251219512195122
pretrain,CERNET.gml,500,2,8,28,0.9351566811003207,0.18442741277959884,0.27317249560573403,0.3973170731707318
pretrain,CERNET.gml,500,2,8,29,0.9387139190269543,0.20133824807115436,0.27352376375044635,0.4404878048780487
pretrain,CERNET.gml,500,2,8,30,0.9351566747380158,0.21613392040289084,0.2739258890290078,0.44536585365853654
pretrain,CERNET.gml,500,2,8,31,0.935748638598349,0.20347604182374204,0.2743299665506638,0.4202439024390245
pretrain,CERNET.gml,500,2,8,32,0.9363457761268205,0.19036141609224055,0.27473816048175065,0.40609756097560973
pretrain,CERNET.gml,500,2,8,33,0.9410680803212402,0.19344677827713314,0.2751769525181918,0.424390243902439
pretrain,CERNET.gml,500,2,8,34,0.935746092793196,0.20388188073047617,0.2756241957809886,0.4321951219512195
pretrain,CERNET.gml,500,2,8,35,0.9357465846900389,0.19821439893248582,0.2760912039331628,0.4214634146341464
pretrain,CERNET.gml,500,2,8,36,0.9351542469507392,0.1862430949932969,0.2764997986236943,0.40707317073170735
pretrain,CERNET.gml,500,2,8,37,0.9363584311276391,0.19467460084559807,0.27701031366064544,0.42536585365853663
pretrain,CERNET.gml,500,2,8,38,0.9375242647292527,0.20492245591426483,0.277401349910973,0.43756097560975615
pretrain,CERNET.gml,500,2,8,39,0.9351506097258302,0.18934830734669617,0.2778701365034836,0.40414634146341466
pretrain,CERNET.gml,500,2,8,40,0.9345532193693289,0.18161576291334172,0.27833456043993565,0.40829268292682924
pretrain,CERNET.gml,500,2,8,41,0.9366597202488738,0.1916875063188257,0.2789122191354681,0.42926829268292677
pretrain,CERNET.gml,500,2,8,42,0.93634680417143,0.192068038942015,0.27946360276417925,0.42
pretrain,CERNET.gml,500,2,8,43,0.9333502895347261,0.18958722479504664,0.2800305087279743,0.4158536585365854
pretrain,CERNET.gml,500,2,8,44,0.9351765180557126,0.1952096544106095,0.2805905022283937,0.4260975609756098
pretrain,CERNET.gml,500,2,8,45,0.933943726105358,0.1730585871445757,0.28120529899155766,0.3912195121951219
pretrain,CERNET.gml,500,2,8,46,0.9345694378487202,0.18420370621945673,0.2816427921722702,0.4239024390243903
pretrain,CERNET.gml,500,2,8,47,0.9339699541309074,0.1924656729825644,0.28228748820902716,0.4273170731707317
pretrain,CERNET.gml,500,2,8,48,0.9338475288839077,0.18586551238932025,0.2829590393361895,0.4126829268292683
pretrain,CERNET.gml,500,2,8,49,0.932787645760559,0.1903795069428959,0.2836306205837517,0.42073170731707316
pretrain,CERNET.gml,500,2,9,0,0.9411028466215158,0.2471052225513785,0.2692892523184089,0.9048780487804877
pretrain,CERNET.gml,500,2,9,1,0.9369394001304333,0.22679557878778564,0.26917812970775373,0.4202439024390243
pretrain,CERNET.gml,500,2,9,2,0.9339644512575265,0.23647032905302648,0.26912350183651584,0.448048780487805
pretrain,CERNET.gml,500,2,9,3,0.9404926774360954,0.22812123295086797,0.26906873304433493,0.43390243902439013
pretrain,CERNET.gml,500,2,9,4,0.9339711536111438,0.21868716967866836,0.2690242434964939,0.4224390243902439
pretrain,CERNET.gml,500,2,9,5,0.9351752596979077,0.24471788252640064,0.2690562506827023,0.46731707317073173
pretrain,CERNET.gml,500,2,9,6,0.9357358675059695,0.2520777634796702,0.2690626256349428,0.4602439024390244
pretrain,CERNET.gml,500,2,9,7,0.9357490708724262,0.21158206445623096,0.2691209628758579,0.3980487804878049
pretrain,CERNET.gml,500,2,9,8,0.9351541924601936,0.22040519870856964,0.2691062214217464,0.44
pretrain,CERNET.gml,500,2,9,9,0.9381233555102155,0.22587462042798126,0.26920282325658,0.44268292682926824
pretrain,CERNET.gml,500,2,9,10,0.9363371983991254,0.24495745778552347,0.2692807030686726,0.46195121951219514
pretrain,CERNET.gml,500,2,9,11,0.9393172536484999,0.2305371782243319,0.2693284273763039,0.43390243902439024
pretrain,CERNET.gml,500,2,9,12,0.9334334102297752,0.2297978349886325,0.2694074291564002,0.43560975609756103
pretrain,CERNET.gml,500,2,9,13,0.9350878004141623,0.24688144206671597,0.2695186253111457,0.4641463414634146
pretrain,CERNET.gml,500,2,9,14,0.9369357205213994,0.20343833474937567,0.26959382499065115,0.3934146341463414
pretrain,CERNET.gml,500,2,9,15,0.9363407638890517,0.21708974766237288,0.2697811315203922,0.4419512195121951
pretrain,CERNET.gml,500,2,9,16,0.9357467037601189,0.20797839454536485,0.2699366628471722,0.41975609756097565
pretrain,CERNET.gml,500,2,9,17,0.938718388235078,0.21637630866788374,0.2701301759602224,0.44243902439024385
pretrain,CERNET.gml,500,2,9,18,0.9345267408196954,0.22105610185906074,0.2703705078126247,0.43609756097560975
pretrain,CERNET.gml,500,2,9,19,0.934560828783596,0.21282774554400444,0.2705464329519995,0.423170731707317
pretrain,CERNET.gml,500,2,9,20,0.9351339735981765,0.19714598703292782,0.2707554307331364,0.40804878048780496
pretrain,CERNET.gml,500,2,9,21,0.9351537308505269,0.22939847650666864,0.27096124243060743,0.46463414634146344
pretrain,CERNET.gml,500,2,9,22,0.9375268804943399,0.20197956308010173,0.2712310597454944,0.40560975609756106
pretrain,CERNET.gml,500,2,9,23,0.9357424040907273,0.21067926955427482,0.271494117553777,0.4380487804878049
pretrain,CERNET.gml,500,2,9,24,0.9351552666486683,0.19391777264481183,0.2718124802926723,0.40512195121951217
pretrain,CERNET.gml,500,2,9,25,0.9346053907857024,0.2237203063555443,0.2721604622918622,0.45780487804878056
pretrain,CERNET.gml,500,2,9,26,0.9411002797157745,0.21978602552970142,0.27244205221990936,0.4392682926829269
pretrain,CERNET.gml,500,2,9,27,0.9351534946857616,0.19694190757009755,0.2727521667672359,0.4053658536585366
pretrain,CERNET.gml,500,2,9,28,0.9345699768944495,0.23130971853309987,0.27310185864529174,0.46829268292682935
pretrain,CERNET.gml,500,2,9,29,0.9351544124412682,0.21090498119634327,0.2734157322520748,0.41756097560975614
pretrain,CERNET.gml,500,2,9,30,0.9357483586753008,0.1968550609257233,0.2738451845006916,0.41219512195121955
pretrain,CERNET.gml,500,2,9,31,0.9369400476465632,0.20931570458203083,0.2742448592333709,0.4380487804878048
pretrain,CERNET.gml,500,2,9,32,0.9357360298685002,0.18835863687647966,0.2745792985907177,0.4017073170731708
pretrain,CERNET.gml,500,2,9,33,0.9339646559517636,0.20919858794052515,0.27502155183631566,0.44707317073170727
pretrain,CERNET.gml,500,2,9,34,0.9363424665212408,0.19456721135923571,0.27547550835076307,0.4131707317073171
pretrain,CERNET.gml,500,2,9,35,0.9363322902035789,0.20198499008091034,0.2758770784032689,0.4282926829268293
pretrain,CERNET.gml,500,2,9,36,0.9375317854075227,0.1926915161393527,0.27634964112196825,0.4153658536585365
pretrain,CERNET.gml,500,2,9,37,0.9357375444716017,0.19608915518117845,0.27682172565345775,0.4236585365853659
pretrain,CERNET.gml,500,2,9,38,0.9393076254466618,0.1962289269230205,0.27729231133587734,0.42390243902439023
pretrain,CERNET.gml,500,2,9,39,0.9381245431773078,0.18019711885119472,0.27771515214619835,0.40292682926829276
pretrain,CERNET.gml,500,2,9,40,0.9368263819122046,0.195287186031393,0.2782935181909583,0.4292682926829269
pretrain,CERNET.gml,500,2,9,41,0.9375100156360794,0.1860073782517263,0.2787043482585626,0.4121951219512195
pretrain,CERNET.gml,500,2,9,42,0.935753373430004,0.18476484131651483,0.27930618722409284,0.4126829268292683
pretrain,CERNET.gml,500,2,9,43,0.933958778576093,0.17321552046339325,0.279828956992193,0.3990243902439024
pretrain,CERNET.gml,500,2,9,44,0.935151663206917,0.18615972781978699,0.2804558488459716,0.4251219512195122
pretrain,CERNET.gml,500,2,9,45,0.9333640754784956,0.1862380286304354,0.28107903770125525,0.41268292682926827
pretrain,CERNET.gml,500,2,9,46,0.9381147963781095,0.1905439490539672,0.2815590236896053,0.42634146341463414
pretrain,CERNET.gml,500,2,9,47,0.9351562173359474,0.1872901291390787,0.28227942310056775,0.4158536585365853
pretrain,CERNET.gml,500,2,9,48,0.9345325725302186,0.17918537699259254,0.28284317841024226,0.40414634146341466
pretrain,CERNET.gml,500,2,9,49,0.9375320918418549,0.1859301405279749,0.28338215420786195,0.423170731707317
pretrain,CERNET.gml,500,2,10,0,0.9434847885587074,0.25989305552082526,0.2684178907743811,0.9260975609756096
pretrain,CERNET.gml,500,2,10,1,0.9363498251845327,0.2445804707652533,0.2683437649505311,0.43414634146341463
pretrain,CERNET.gml,500,2,10,2,0.9339634134959431,0.2299792353010877,0.2682185897587829,0.4282926829268293
pretrain,CERNET.gml,500,2,10,3,0.9339850640203476,0.2306871939553288,0.2682094954908258,0.4385365853658536
pretrain,CERNET.gml,500,2,10,4,0.9327842663622223,0.22949061231388768,0.2681872931472339,0.43390243902439024
pretrain,CERNET.gml,500,2,10,5,0.9357584147124376,0.23055845340144404,0.26810902822547683,0.4417073170731706
pretrain,CERNET.gml,500,2,10,6,0.936921689187641,0.2155547499295666,0.2681002826572497,0.41975609756097554
pretrain,CERNET.gml,500,2,10,7,0.9351552146101256,0.2218444990433068,0.26814339187555897,0.43902439024390233
pretrain,CERNET.gml,500,2,10,8,0.9351642425407893,0.23954589308765847,0.268200455674965,0.45926829268292685
pretrain,CERNET.gml,500,2,10,9,0.9351555299488283,0.21965728330417725,0.268259152469615,0.42000000000000004
pretrain,CERNET.gml,500,2,10,10,0.9369296298175277,0.2366304653579871,0.26836517066905163,0.45634146341463416
pretrain,CERNET.gml,500,2,10,11,0.9345615238148645,0.20479045093901943,0.26842826995101166,0.4009756097560976
pretrain,CERNET.gml,500,2,10,12,0.9351563590154175,0.204879679441972,0.2685480447484957,0.4229268292682928
pretrain,CERNET.gml,500,2,10,13,0.9393164228817217,0.23844042759912393,0.268683536637599,0.47195121951219515
pretrain,CERNET.gml,500,2,10,14,0.9374924700493132,0.24037956493269713,0.26879376163666613,0.45146341463414635
pretrain,CERNET.gml,500,2,10,15,0.9351389911953564,0.21753950583803155,0.26895385565654983,0.416829268292683
pretrain,CERNET.gml,500,2,10,16,0.9363496535317192,0.2143662027267819,0.269133392204843,0.42804878048780487
pretrain,CERNET.gml,500,2,10,17,0.9351635994503498,0.2316859210355559,0.2692298590190913,0.45682926829268283
pretrain,CERNET.gml,500,2,10,18,0.9339800644734443,0.2174824534661845,0.26946469407836043,0.4224390243902439
pretrain,CERNET.gml,500,2,10,19,0.9375424741115214,0.22911633839599302,0.26964623214050853,0.4502439024390244
pretrain,CERNET.gml,500,2,10,20,0.9369365068887567,0.1932681029887644,0.26980563393877743,0.39317073170731703
pretrain,CERNET.gml,500,2,10,21,0.9393149781272634,0.20815690740150009,0.27008451378280746,0.4407317073170731
pretrain,CERNET.gml,500,2,10,22,0.9369399582943492,0.20056937079127093,0.2703839679677192,0.4165853658536585
pretrain,CERNET.gml,500,2,10,23,0.9327884126754804,0.21325527084250803,0.2705415511357851,0.44
pretrain,CERNET.gml,500,2,10,24,0.934551241108359,0.19655432983895016,0.2708150300313716,0.40853658536585363
pretrain,CERNET.gml,500,2,10,25,0.9351598600376941,0.22162641649702639,0.2711059302271913,0.45780487804878056
pretrain,CERNET.gml,500,2,10,26,0.9363405190967984,0.1969180204887764,0.2714740215905757,0.4046341463414635
pretrain,CERNET.gml,500,2,10,27,0.9345596141574992,0.19896438089092588,0.2717931722293559,0.4231707317073171
pretrain,CERNET.gml,500,2,10,28,0.9345591530624804,0.2120673516198131,0.2720742860882446,0.4409756097560975
pretrain,CERNET.gml,500,2,10,29,0.93634878735476,0.19558823545595486,0.2724480065282263,0.41048780487804876
pretrain,CERNET.gml,500,2,10,30,0.9322034564913985,0.21374407779069401,0.27281921008885823,0.4434146341463415
pretrain,CERNET.gml,500,2,10,31,0.9339669275724366,0.1941902094328131,0.27314782841307017,0.40439024390243905
pretrain,CERNET.gml,500,2,10,32,0.9357477683600188,0.19867129468861994,0.27356975783168835,0.43000000000000005
pretrain,CERNET.gml,500,2,10,33,0.9357427977370087,0.2047866483963315,0.27398831056240497,0.4351219512195122
pretrain,CERNET.gml,500,2,10,34,0.9369415709143957,0.19541323316701317,0.2745180388752613,0.41609756097560974
pretrain,CERNET.gml,500,2,10,35,0.933967606911642,0.1825874460597882,0.2749606759678559,0.4031707317073171
pretrain,CERNET.gml,500,2,10,36,0.9351768190727054,0.18737643163746262,0.27542755630154353,0.41926829268292676
pretrain,CERNET.gml,500,2,10,37,0.936890812143869,0.2175118122450516,0.2758784068901299,0.4607317073170732
pretrain,CERNET.gml,500,2,10,38,0.9355643919518513,0.18854419502868694,0.2763514095451451,0.39439024390243904
pretrain,CERNET.gml,500,2,10,39,0.9351506382510463,0.18359902371021838,0.27688134744913356,0.4109756097560975
pretrain,CERNET.gml,500,2,10,40,0.9375284304412889,0.193673666081631,0.27747665065057875,0.4295121951219512
pretrain,CERNET.gml,500,2,10,41,0.935754058628758,0.19832632182292,0.2779435382049541,0.42756097560975614
pretrain,CERNET.gml,500,2,10,42,0.9381297610596856,0.22029876862415426,0.27851822929496356,0.45414634146341465
pretrain,CERNET.gml,500,2,10,43,0.9369573317576643,0.19217147886364033,0.27889523249583337,0.40219512195121954
pretrain,CERNET.gml,500,2,10,44,0.9333851250956138,0.1763209323307609,0.27935623943426596,0.3990243902439024
pretrain,CERNET.gml,500,2,10,45,0.9357528893750384,0.19275595553717595,0.2800032855788904,0.43048780487804883
pretrain,CERNET.gml,500,2,10,46,0.9333725532397914,0.18757969729209195,0.28048274212041646,0.41292682926829266
pretrain,CERNET.gml,500,2,10,47,0.9363478007404601,0.19876971974139032,0.2811352774285239,0.4319512195121951
pretrain,CERNET.gml,500,2,10,48,0.9339604900542143,0.1775657609256979,0.28174402056917547,0.39975609756097563
pretrain,CERNET.gml,500,2,10,49,0.9351525441572051,0.18740058927448824,0.2825330511241168,0.42121951219512194
pretrain,CERNET.gml,500,2,11,0,0.9405700272040534,0.2810948820071957,0.26931269115032846,0.9507317073170732
pretrain,CERNET.gml,500,2,11,1,0.934610953543438,0.23248473288353155,0.2691777726054862,0.40195121951219503
pretrain,CERNET.gml,500,2,11,2,0.9345553233310732,0.2232435651165136,0.2691188491971219,0.42609756097560975
pretrain,CERNET.gml,500,2,11,3,0.93753382479305,0.23511681220729777,0.26909036380878226,0.45121951219512196
pretrain,CERNET.gml,500,2,11,4,0.9381207929779934,0.21452764007488534,0.26906813811274094,0.41292682926829266
pretrain,CERNET.gml,500,2,11,5,0.9327893954021373,0.21943252713305736,0.2690907569780571,0.4295121951219511
pretrain,CERNET.gml,500,2,11,6,0.9339725576820065,0.24438360499676887,0.2689930619312037,0.4680487804878049
pretrain,CERNET.gml,500,2,11,7,0.9387185029693351,0.24166312828724623,0.26902330283820414,0.44634146341463415
pretrain,CERNET.gml,500,2,11,8,0.9369411270937802,0.24790753781252725,0.26900764784481784,0.4585365853658537
pretrain,CERNET.gml,500,2,11,9,0.9363474700420232,0.2366568841274087,0.26903435134116316,0.43634146341463415
pretrain,CERNET.gml,500,2,11,10,0.9351556399308757,0.219045624006945,0.2690869253705364,0.42073170731707327
pretrain,CERNET.gml,500,2,11,11,0.936942143666487,0.23784325656562352,0.26917907794456,0.45780487804878045
pretrain,CERNET.gml,500,2,11,12,0.936340298578974,0.23717526635147917,0.2692066102556373,0.4473170731707317
pretrain,CERNET.gml,500,2,11,13,0.9363414860782642,0.21329500739511448,0.26931466554071637,0.4107317073170731
pretrain,CERNET.gml,500,2,11,14,0.9375323007254638,0.22639049033085357,0.2694219293230156,0.4514634146341463
pretrain,CERNET.gml,500,2,11,15,0.9357502221783512,0.21695133548092832,0.2695961688721042,0.4231707317073171
pretrain,CERNET.gml,500,2,11,16,0.9351495399769452,0.20521417392040628,0.26971037553014154,0.41707317073170735
pretrain,CERNET.gml,500,2,11,17,0.9369373545922672,0.21288348911263352,0.2698975417936993,0.43853658536585377
pretrain,CERNET.gml,500,2,11,18,0.9369399946088885,0.20706558749402248,0.27011661685234967,0.4229268292682928
pretrain,CERNET.gml,500,2,11,19,0.9351565785856916,0.19839394275377858,0.2702870570146979,0.4136585365853658
pretrain,CERNET.gml,500,2,11,20,0.9381371874391079,0.2238278561498317,0.27053786351000975,0.45829268292682934
pretrain,CERNET.gml,500,2,11,21,0.9351541692251409,0.20491395185390335,0.27076944583643847,0.41121951219512193
pretrain,CERNET.gml,500,2,11,22,0.9369425591797795,0.22647007728898091,0.2710045193204524,0.45365853658536587
pretrain,CERNET.gml,500,2,11,23,0.9339703294929143,0.22194509936421183,0.27120010833418146,0.43585365853658536
pretrain,CERNET.gml,500,2,11,24,0.9375170088935366,0.20401381928366374,0.2715101747508152,0.414390243902439
pretrain,CERNET.gml,500,2,11,25,0.9345694297491067,0.20992294674721088,0.27175006360178133,0.4317073170731707
pretrain,CERNET.gml,500,2,11,26,0.9381279859417484,0.22099619933710873,0.27206573932870454,0.4478048780487805
pretrain,CERNET.gml,500,2,11,27,0.9345609709841922,0.202155998669172,0.27234808662914617,0.4119512195121952
pretrain,CERNET.gml,500,2,11,28,0.933371573381118,0.2092645787976329,0.2727539566012638,0.4324390243902439
pretrain,CERNET.gml,500,2,11,29,0.9387229369226824,0.2338283780065446,0.27315984498718404,0.4631707317073171
pretrain,CERNET.gml,500,2,11,30,0.9375053264108966,0.22759188530669064,0.27342670860403995,0.443170731707317
pretrain,CERNET.gml,500,2,11,31,0.93753612075829,0.20943241382685304,0.2738257145049017,0.41975609756097565
pretrain,CERNET.gml,500,2,11,32,0.9339813623376784,0.20178278998576762,0.27416588458720315,0.41829268292682925
pretrain,CERNET.gml,500,2,11,33,0.9357449199034618,0.21366940508545662,0.2745841590406668,0.4402439024390244
pretrain,CERNET.gml,500,2,11,34,0.9369295584239808,0.20219932582118344,0.2750390795223456,0.4187804878048781
pretrain,CERNET.gml,500,2,11,35,0.9345539315668112,0.19368979718194235,0.2754830177108501,0.41292682926829266
pretrain,CERNET.gml,500,2,11,36,0.9357493979123378,0.200703345967188,0.27585002881396964,0.4292682926829269
pretrain,CERNET.gml,500,2,11,37,0.9339607716704972,0.18563095776249833,0.2762150918351855,0.4063414634146342
pretrain,CERNET.gml,500,2,11,38,0.9369376607139228,0.18962971857518593,0.27677622117775674,0.42
pretrain,CERNET.gml,500,2,11,39,0.9355406650390695,0.19297694037006746,0.27726957711040184,0.4236585365853659
pretrain,CERNET.gml,500,2,11,40,0.9381240756411883,0.19106000387549907,0.27782319493037133,0.41975609756097565
pretrain,CERNET.gml,500,2,11,41,0.9368579435873537,0.1907212992694817,0.27838159908544147,0.4153658536585365
pretrain,CERNET.gml,500,2,11,42,0.9357430514114345,0.1862084151804866,0.2788644314686576,0.41414634146341467
pretrain,CERNET.gml,500,2,11,43,0.9375132699020793,0.189318815063394,0.2794676819966512,0.42487804878048785
pretrain,CERNET.gml,500,2,11,44,0.932797821527126,0.18332545038963968,0.2801044383058331,0.4065853658536585
pretrain,CERNET.gml,500,2,11,45,0.9369431257248997,0.18857257958018073,0.28065419272642217,0.4217073170731708
pretrain,CERNET.gml,500,2,11,46,0.9357511428992566,0.18459398076714623,0.2812506180418799,0.4134146341463414
pretrain,CERNET.gml,500,2,11,47,0.9333739509801919,0.1691855512100485,0.28194329375235516,0.39292682926829264
pretrain,CERNET.gml,500,2,11,48,0.9327806268692584,0.17797406981014283,0.2826296028543283,0.4190243902439024
pretrain,CERNET.gml,500,2,11,49,0.9333840237603069,0.16997502677448073,0.28330171378641994,0.39999999999999997
pretrain,CERNET.gml,500,2,12,0,0.9440752023366263,0.2789016233391114,0.2683069979287869,0.9512195121951219
pretrain,CERNET.gml,500,2,12,1,0.9351801339427961,0.23108569677849336,0.2682338872734453,0.4024390243902439
pretrain,CERNET.gml,500,2,12,2,0.9369882304694586,0.2474810048590698,0.2681725518304353,0.46024390243902435
pretrain,CERNET.gml,500,2,12,3,0.9333768055908773,0.22863823175258569,0.26808521065336094,0.4226829268292682
pretrain,CERNET.gml,500,2,12,4,0.9351602945200448,0.23398257478358314,0.268051943309123,0.44341463414634136
pretrain,CERNET.gml,500,2,12,5,0.9375259039927089,0.23153721558566623,0.2679794179218128,0.4414634146341463
pretrain,CERNET.gml,500,2,12,6,0.9375272589504128,0.21430627419409748,0.2679722231299297,0.41560975609756085
pretrain,CERNET.gml,500,2,12,7,0.9363417063649957,0.21732075329504502,0.26797140801578445,0.4336585365853659
pretrain,CERNET.gml,500,2,12,8,0.9339665772710053,0.22697099882923208,0.26798630152246583,0.4424390243902439
pretrain,CERNET.gml,500,2,12,9,0.9357666439981405,0.24577463287337376,0.26806126950053294,0.4639024390243903
pretrain,CERNET.gml,500,2,12,10,0.9351559917782234,0.23285494232291384,0.2680730259784999,0.4329268292682927
pretrain,CERNET.gml,500,2,12,11,0.9363385547895161,0.21818328582132793,0.26814066560965655,0.4246341463414635
pretrain,CERNET.gml,500,2,12,12,0.9363439829625851,0.25006982466270045,0.26824450458932053,0.47609756097560973
pretrain,CERNET.gml,500,2,12,13,0.9363605098862814,0.2462569363343613,0.2683513686048693,0.45073170731707307
pretrain,CERNET.gml,500,2,12,14,0.9369415326176285,0.21778062612838156,0.2684825047455086,0.4117073170731707
pretrain,CERNET.gml,500,2,12,15,0.9351578391305061,0.22184808906242173,0.26862224112082217,0.4395121951219512
pretrain,CERNET.gml,500,2,12,16,0.9357615460823978,0.22235897138189836,0.26874939604175097,0.4341463414634146
pretrain,CERNET.gml,500,2,12,17,0.9363462669050805,0.22102226978475362,0.26881991355618023,0.4365853658536585
pretrain,CERNET.gml,500,2,12,18,0.9375343199810525,0.2009054191193051,0.2690144060319401,0.40829268292682924
pretrain,CERNET.gml,500,2,12,19,0.9387191782397922,0.23862937675909704,0.2691944271396518,0.4763414634146342
pretrain,CERNET.gml,500,2,12,20,0.9346372032250316,0.21302343988262645,0.2693531677909341,0.40853658536585363
pretrain,CERNET.gml,500,2,12,21,0.935153614154863,0.22354989888123608,0.2694305591333256,0.4460975609756098
pretrain,CERNET.gml,500,2,12,22,0.9399160505413763,0.23244787871398215,0.2696667031392298,0.45268292682926825
pretrain,CERNET.gml,500,2,12,23,0.9369363745366057,0.20049366216392792,0.2698395105969612,0.3985365853658537
pretrain,CERNET.gml,500,2,12,24,0.9381246307140404,0.20032739886749998,0.2700454667434483,0.424390243902439
pretrain,CERNET.gml,500,2,12,25,0.9369379125318521,0.21018561882221914,0.2703520716659963,0.4368292682926829
pretrain,CERNET.gml,500,2,12,26,0.9334053119536205,0.23141719762051377,0.27067170539592006,0.4560975609756097
pretrain,CERNET.gml,500,2,12,27,0.9387090442494874,0.22463051639972997,0.27094632818831593,0.4373170731707317
pretrain,CERNET.gml,500,2,12,28,0.9375268524025642,0.2178458350575292,0.2712238427315059,0.43121951219512195
pretrain,CERNET.gml,500,2,12,29,0.9339810075481817,0.21268970817762023,0.271552308065072,0.4282926829268293
pretrain,CERNET.gml,500,2,12,30,0.9363491730677556,0.19697534328122648,0.2719212751664867,0.41
pretrain,CERNET.gml,500,2,12,31,0.9363492665480768,0.2238230369696451,0.2722940566513318,0.4602439024390244
pretrain,CERNET.gml,500,2,12,32,0.9327846764925314,0.18705215858176602,0.2726074829063944,0.38707317073170733
pretrain,CERNET.gml,500,2,12,33,0.9339727853753452,0.18554370406256673,0.27297438342170893,0.4136585365853659
pretrain,CERNET.gml,500,2,12,34,0.9369322442809654,0.20932932075350794,0.27349932625099077,0.44951219512195123
pretrain,CERNET.gml,500,2,12,35,0.9324005469194847,0.19687258922143824,0.2739903296078854,0.4080487804878048
pretrain,CERNET.gml,500,2,12,36,0.9339677540364486,0.19289182877729905,0.2744168360082235,0.4187804878048781
pretrain,CERNET.gml,500,2,12,37,0.93579102629544,0.221341666984774,0.27492753878785653,0.45780487804878045
pretrain,CERNET.gml,500,2,12,38,0.9369540969702198,0.2232757251720349,0.2753100537729137,0.4419512195121951
pretrain,CERNET.gml,500,2,12,39,0.9351560208415782,0.19934968499968533,0.27573288615959085,0.4080487804878049
pretrain,CERNET.gml,500,2,12,40,0.9389551172818368,0.19267272522259038,0.2762202450426329,0.42048780487804877
pretrain,CERNET.gml,500,2,12,41,0.934570900242823,0.18849256914371584,0.27679631014932804,0.4139024390243903
pretrain,CERNET.gml,500,2,12,42,0.9357355558223719,0.20505913809402512,0.27727254087528347,0.44487804878048787
pretrain,CERNET.gml,500,2,12,43,0.9339744616108206,0.17663216754620678,0.2779768171230238,0.38658536585365855
pretrain,CERNET.gml,500,2,12,44,0.9345703637248401,0.19293440386681573,0.2785010457957601,0.4351219512195122
pretrain,CERNET.gml,500,2,12,45,0.9339653378925691,0.1818459951526829,0.27921680254914316,0.40609756097560973
pretrain,CERNET.gml,500,2,12,46,0.9327939746171533,0.18175602316389117,0.27993607441178264,0.4102439024390244
pretrain,CERNET.gml,500,2,12,47,0.9317698444749715,0.1878784156638036,0.28050051657472097,0.42146341463414627
pretrain,CERNET.gml,500,2,12,48,0.9339771869057188,0.172440717085101,0.28122809373872687,0.39731707317073167
pretrain,CERNET.gml,500,2,12,49,0.9381231250259693,0.1834367310974186,0.281912780969762,0.4236585365853659
pretrain,CERNET.gml,500,2,13,0,0.9399179496453751,0.2711389143247634,0.26967528102381294,0.9368292682926829
pretrain,CERNET.gml,500,2,13,1,0.934627019328044,0.23996814294639868,0.2695634371784672,0.4214634146341464
pretrain,CERNET.gml,500,2,13,2,0.9328801724669922,0.22472497078158937,0.2695525426256564,0.42219512195121955
pretrain,CERNET.gml,500,2,13,3,0.9345716901233145,0.21810906303755218,0.2695332226615974,0.42536585365853663
pretrain,CERNET.gml,500,2,13,4,0.9393150948567551,0.2404814039983579,0.2694783636726226,0.4648780487804878
pretrain,CERNET.gml,500,2,13,5,0.9339695977974645,0.24311152945063533,0.26949611039131194,0.44634146341463415
pretrain,CERNET.gml,500,2,13,6,0.9369141061072155,0.23269894738885794,0.26949861846379725,0.43609756097560975
pretrain,CERNET.gml,500,2,13,7,0.9381264847056333,0.25331004703070265,0.26955381098837233,0.47048780487804875
pretrain,CERNET.gml,500,2,13,8,0.939905567720286,0.2420003232438413,0.26954475014356594,0.4407317073170732
pretrain,CERNET.gml,500,2,13,9,0.9327859904280003,0.21481266433486576,0.26953707832211354,0.4060975609756098
pretrain,CERNET.gml,500,2,13,10,0.9351478038909651,0.21952061254779873,0.2695573535659023,0.4358536585365853
pretrain,CERNET.gml,500,2,13,11,0.9351552527047833,0.21164481481877156,0.26962216617935203,0.42341463414634145
pretrain,CERNET.gml,500,2,13,12,0.9356213056123183,0.2328316631524314,0.2697403487078328,0.45756097560975606
pretrain,CERNET.gml,500,2,13,13,0.9381108622783317,0.22091139770064766,0.26987288084279837,0.42707317073170736
pretrain,CERNET.gml,500,2,13,14,0.9387232063024505,0.2245860888090022,0.2700034669197819,0.44048780487804867
pretrain,CERNET.gml,500,2,13,15,0.9339670881412541,0.20552202013953455,0.2700497297850949,0.41195121951219515
pretrain,CERNET.gml,500,2,13,16,0.9351646884887302,0.21972381407147942,0.27024581124592334,0.44390243902439025
pretrain,CERNET.gml,500,2,13,17,0.9345659682439234,0.2189695021207923,0.2703332419079891,0.4346341463414634
pretrain,CERNET.gml,500,2,13,18,0.9345611495417637,0.1961405664941146,0.2705192062750049,0.4024390243902438
pretrain,CERNET.gml,500,2,13,19,0.9381258744002132,0.21567049987766065,0.27076110675842746,0.4482926829268292
pretrain,CERNET.gml,500,2,13,20,0.9351655305621241,0.21222796476927988,0.2710103676568092,0.4260975609756098
pretrain,CERNET.gml,500,2,13,21,0.934572391772809,0.21718466712907622,0.2711811483694267,0.43707317073170737
pretrain,CERNET.gml,500,2,13,22,0.9351012094179101,0.21236170575917063,0.27135694517364084,0.42609756097560975
pretrain,CERNET.gml,500,2,13,23,0.9339662297295417,0.20125558529285129,0.2715406978745261,0.41341463414634144
pretrain,CERNET.gml,500,2,13,24,0.9381238512079242,0.19793835566615556,0.27183812006054736,0.42292682926829267
pretrain,CERNET.gml,500,2,13,25,0.932787509523547,0.22601997787888606,0.27217505389341684,0.4565853658536585
pretrain,CERNET.gml,500,2,13,26,0.9363452271858025,0.20762710122098862,0.2724372659763791,0.4178048780487805
pretrain,CERNET.gml,500,2,13,27,0.936343671488233,0.2135452416888731,0.27273156116735253,0.43609756097560975
pretrain,CERNET.gml,500,2,13,28,0.9327903541056026,0.2092054881384931,0.27302575688060504,0.42487804878048774
pretrain,CERNET.gml,500,2,13,29,0.9357551438985746,0.19894203381240447,0.27332476718010285,0.4158536585365854
pretrain,CERNET.gml,500,2,13,30,0.9351522688260486,0.19310980033951947,0.2736700100180013,0.41707317073170735
pretrain,CERNET.gml,500,2,13,31,0.9351650588906034,0.20991925784305426,0.2741593197721983,0.4409756097560975
pretrain,CERNET.gml,500,2,13,32,0.9375228824957229,0.21896615177525808,0.27449208310108386,0.44634146341463415
pretrain,CERNET.gml,500,2,13,33,0.9345596575609915,0.18743193652936058,0.27480331796528207,0.3931707317073171
pretrain,CERNET.gml,500,2,13,34,0.9357436264518022,0.199011258522827,0.27515960978169174,0.4321951219512195
pretrain,CERNET.gml,500,2,13,35,0.9334014749737114,0.1866368499574229,0.27557529930472463,0.404390243902439
pretrain,CERNET.gml,500,2,13,36,0.9381246567833048,0.20567438770578045,0.27597448763541155,0.44341463414634147
pretrain,CERNET.gml,500,2,13,37,0.9363464873749742,0.19518478605863673,0.27645669508429277,0.4163414634146341
pretrain,CERNET.gml,500,2,13,38,0.9339202548586183,0.19323605452557321,0.27696041209888744,0.4160975609756096
pretrain,CERNET.gml,500,2,13,39,0.9356890296150673,0.1874392270705518,0.2774926984858829,0.41463414634146334
pretrain,CERNET.gml,500,2,13,40,0.9363424125155367,0.17992426800909736,0.2780265391893975,0.404390243902439
pretrain,CERNET.gml,500,2,13,41,0.9349469014965249,0.18945095838833909,0.27854907028198905,0.4251219512195122
pretrain,CERNET.gml,500,2,13,42,0.936931092689954,0.1891894738293242,0.27903277813160016,0.4158536585365854
pretrain,CERNET.gml,500,2,13,43,0.9354203355358462,0.17736589722833618,0.27950084839483946,0.40414634146341466
pretrain,CERNET.gml,500,2,13,44,0.9351633866541018,0.18633624830748943,0.2801321884041136,0.42390243902439023
pretrain,CERNET.gml,500,2,13,45,0.9351549927378711,0.20595737486289245,0.2806994571758861,0.44121951219512195
pretrain,CERNET.gml,500,2,13,46,0.9310253974179892,0.1776827339456851,0.2812527501791712,0.38682926829268294
pretrain,CERNET.gml,500,2,13,47,0.9369409219218636,0.19077266991363903,0.28185517131744803,0.4329268292682927
pretrain,CERNET.gml,500,2,13,48,0.935751903034525,0.18115691135644918,0.28242860454041074,0.40365853658536577
pretrain,CERNET.gml,500,2,13,49,0.9316145667310178,0.18504381295280603,0.2829032705741589,0.41609756097560974
pretrain,CERNET.gml,500,2,14,0,0.945860544958394,0.29378793260299896,0.2687880930137794,0.975609756097561
pretrain,CERNET.gml,500,2,14,1,0.9363495821072201,0.24610534304217746,0.2687491861271788,0.41195121951219504
pretrain,CERNET.gml,500,2,14,2,0.9357451682123034,0.26555599538733105,0.2686828384134714,0.4736585365853659
pretrain,CERNET.gml,500,2,14,3,0.9369289096907549,0.24098987901037072,0.26860334501811584,0.428780487804878
pretrain,CERNET.gml,500,2,14,4,0.9369112141307158,0.23158573034726532,0.2685464220384644,0.4331707317073171
pretrain,CERNET.gml,500,2,14,5,0.9345545390243074,0.2277452942165707,0.2685300071338428,0.43121951219512195
pretrain,CERNET.gml,500,2,14,6,0.9351558090511142,0.2200844462263116,0.26852415854602313,0.42707317073170725
pretrain,CERNET.gml,500,2,14,7,0.9345632306535969,0.2222761136100406,0.2685621229707688,0.4351219512195123
pretrain,CERNET.gml,500,2,14,8,0.9339784760464236,0.24897303276162913,0.2685796567539976,0.4700000000000001
pretrain,CERNET.gml,500,2,14,9,0.9363325936453724,0.24678474582936175,0.2686020170449414,0.45121951219512185
pretrain,CERNET.gml,500,2,14,10,0.937527534722027,0.2375059060601485,0.2686479167527352,0.44048780487804884
pretrain,CERNET.gml,500,2,14,11,0.9357510032501681,0.21667237327030758,0.2687048374751069,0.4165853658536586
pretrain,CERNET.gml,500,2,14,12,0.9339772685597163,0.23101690397158375,0.2688023949948465,0.44756097560975605
pretrain,CERNET.gml,500,2,14,13,0.9345701029593303,0.2186214223060442,0.2688541842850769,0.4231707317073171
pretrain,CERNET.gml,500,2,14,14,0.936923307242448,0.23906370046371195,0.26893518351145246,0.4648780487804878
pretrain,CERNET.gml,500,2,14,15,0.9369401533774552,0.21136766614628685,0.2691047857333936,0.40926829268292675
pretrain,CERNET.gml,500,2,14,16,0.9363454496860549,0.22345711356547332,0.2692367865319953,0.44390243902439025
pretrain,CERNET.gml,500,2,14,17,0.9363454586559514,0.20384746224858688,0.2692890382633487,0.41268292682926827
pretrain,CERNET.gml,500,2,14,18,0.9369307961305843,0.21601120035776852,0.26945320047015986,0.44219512195121946
pretrain,CERNET.gml,500,2,14,19,0.9375369500001666,0.22099995595256425,0.2696640690378914,0.44024390243902434
pretrain,CERNET.gml,500,2,14,20,0.9345606814384559,0.20168925423596354,0.2698683541338609,0.4075609756097561
pretrain,CERNET.gml,500,2,14,21,0.9338031687525484,0.21411707869178398,0.2700968183820864,0.44121951219512195
pretrain,CERNET.gml,500,2,14,22,0.9339960208673599,0.23513890153678746,0.270315441851858,0.4580487804878049
pretrain,CERNET.gml,500,2,14,23,0.9381255178262262,0.2284051238797621,0.27046738624991434,0.43829268292682916
pretrain,CERNET.gml,500,2,14,24,0.9339724543485906,0.21937340933302593,0.2706947389537908,0.42902439024390254
pretrain,CERNET.gml,500,2,14,25,0.9345615339266747,0.2041201014842822,0.2709616684101485,0.4163414634146341
pretrain,CERNET.gml,500,2,14,26,0.9339754068075803,0.21527394144957251,0.2712839780118332,0.4392682926829268
pretrain,CERNET.gml,500,2,14,27,0.9357515326817581,0.22009087636277838,0.27160069051629765,0.44121951219512195
pretrain,CERNET.gml,500,2,14,28,0.9369380073443189,0.23115627300128036,0.27193896362308223,0.455609756097561
pretrain,CERNET.gml,500,2,14,29,0.9369424562117091,0.21461661172997978,0.27230477492208754,0.4214634146341464
pretrain,CERNET.gml,500,2,14,30,0.9363376312003295,0.21318155266952896,0.2726397758457207,0.4317073170731707
pretrain,CERNET.gml,500,2,14,31,0.9351535497871842,0.18900231964214878,0.2730599777103582,0.4000000000000001
pretrain,CERNET.gml,500,2,14,32,0.9381305425068089,0.20504611869402978,0.2734470538347429,0.4395121951219511
pretrain,CERNET.gml,500,2,14,33,0.9345601331783995,0.19906445842529866,0.2737467765981605,0.42219512195121955
pretrain,CERNET.gml,500,2,14,34,0.9340754977000237,0.19757201281213208,0.2741854526162614,0.41902439024390253
pretrain,CERNET.gml,500,2,14,35,0.9339629373674071,0.19332192026068526,0.2746109938809878,0.4190243902439024
pretrain,CERNET.gml,500,2,14,36,0.9369349967329151,0.2163443192290353,0.2751273930712724,0.44902439024390245
pretrain,CERNET.gml,500,2,14,37,0.9345556435802229,0.19673640596132116,0.2754576238428427,0.4131707317073171
pretrain,CERNET.gml,500,2,14,38,0.9363461790519755,0.20298329628763612,0.2760134220667346,0.43121951219512195
pretrain,CERNET.gml,500,2,14,39,0.9363815868645952,0.2206390766831125,0.27643707527095174,0.45048780487804885
pretrain,CERNET.gml,500,2,14,40,0.9363548607079684,0.19286530286429143,0.27676506827771286,0.4024390243902439
pretrain,CERNET.gml,500,2,14,41,0.9333851735739366,0.19483313798409332,0.27722325889418226,0.4207317073170731
pretrain,CERNET.gml,500,2,14,42,0.9345602604600384,0.1979199396461048,0.27767111198034794,0.42707317073170736
pretrain,CERNET.gml,500,2,14,43,0.9381291624693027,0.18247563160997926,0.2781535410952938,0.40414634146341466
pretrain,CERNET.gml,500,2,14,44,0.9339664536999062,0.19259073045249048,0.2786573835653765,0.4251219512195122
pretrain,CERNET.gml,500,2,14,45,0.9369392253412049,0.19795389205114977,0.27921023419413066,0.42804878048780487
pretrain,CERNET.gml,500,2,14,46,0.934558217636955,0.1850624013834556,0.27976299410069466,0.40853658536585363
pretrain,CERNET.gml,500,2,14,47,0.9333664598659216,0.19110279022188678,0.280369887093867,0.42
pretrain,CERNET.gml,500,2,14,48,0.9363594108961371,0.16483649606892845,0.2808616461652766,0.3873170731707317
pretrain,CERNET.gml,500,2,14,49,0.9357561677369061,0.20203019832575533,0.28144434307135463,0.45268292682926825
pretrain,CERNET.gml,500,2,15,0,0.9410813157219837,0.23902693906964978,0.26958749752082495,0.8939024390243903
pretrain,CERNET.gml,500,2,15,1,0.9351477627846172,0.24426058853335395,0.2694435956832877,0.44902439024390245
pretrain,CERNET.gml,500,2,15,2,0.9351407099470896,0.21405395251061893,0.269372806685073,0.40512195121951217
pretrain,CERNET.gml,500,2,15,3,0.9375230354031966,0.24890272879727157,0.26931177553909225,0.47463414634146345
pretrain,CERNET.gml,500,2,15,4,0.9345600375367824,0.222556146284263,0.26924723164267095,0.4153658536585366
pretrain,CERNET.gml,500,2,15,5,0.9357496282237127,0.21680339779491545,0.26926963280507304,0.42487804878048785
pretrain,CERNET.gml,500,2,15,6,0.9375189407081747,0.23881168810193076,0.2692362463126618,0.4607317073170732
pretrain,CERNET.gml,500,2,15,7,0.9333861457518425,0.20869515466041985,0.2692548546346152,0.39999999999999997
pretrain,CERNET.gml,500,2,15,8,0.9333796938786013,0.22897645492398852,0.2692090871646322,0.4521951219512196
pretrain,CERNET.gml,500,2,15,9,0.9351230994134009,0.21476228737169023,0.26923400204138925,0.4195121951219512
pretrain,CERNET.gml,500,2,15,10,0.9369360392938488,0.2445807580031205,0.2692788492051522,0.4731707317073171
pretrain,CERNET.gml,500,2,15,11,0.9351648727070884,0.22918048984036718,0.2693060028713171,0.4287804878048781
pretrain,CERNET.gml,500,2,15,12,0.9369418145739714,0.22977768644948465,0.2693940522957306,0.44121951219512184
pretrain,CERNET.gml,500,2,15,13,0.9381231669170914,0.21434176665297022,0.2694901357463228,0.4214634146341464
pretrain,CERNET.gml,500,2,15,14,0.9386986562755476,0.2328811888403031,0.26962931986870114,0.4570731707317073
pretrain,CERNET.gml,500,2,15,15,0.9381326752664351,0.24331064488003096,0.2697681563337694,0.4573170731707317
pretrain,CERNET.gml,500,2,15,16,0.9375343004929433,0.22552939228812527,0.2698533035602795,0.42902439024390243
pretrain,CERNET.gml,500,2,15,17,0.9369358538449605,0.21568163796585405,0.27006584213973867,0.424390243902439
pretrain,CERNET.gml,500,2,15,18,0.934558792634078,0.20118610743798843,0.2702835309265966,0.4095121951219513
pretrain,CERNET.gml,500,2,15,19,0.9351565349101096,0.21400255207929064,0.2704834483224808,0.4424390243902439
pretrain,CERNET.gml,500,2,15,20,0.9363398386218313,0.1974785684747787,0.27074463394003184,0.40829268292682924
pretrain,CERNET.gml,500,2,15,21,0.9339677883133377,0.21121863594336804,0.270968300692559,0.4365853658536586
pretrain,CERNET.gml,500,2,15,22,0.9363556511729444,0.24163864604683305,0.2712195536004426,0.4741463414634145
pretrain,CERNET.gml,500,2,15,23,0.935154265818921,0.20368142615187523,0.271457185260165,0.39878048780487807
pretrain,CERNET.gml,500,2,15,24,0.9363454914789072,0.21666216570444713,0.2717312313737659,0.44195121951219524
pretrain,CERNET.gml,500,2,15,25,0.9357450054996971,0.21811928806763747,0.2719757706415345,0.435609756097561
pretrain,CERNET.gml,500,2,15,26,0.9333765941983003,0.2049058764812255,0.2722140067558116,0.41756097560975614
pretrain,CERNET.gml,500,2,15,27,0.9363492263224509,0.20013644221371127,0.27259240686504393,0.4209756097560977
pretrain,CERNET.gml,500,2,15,28,0.9387256147426404,0.20908897583962555,0.2728904571983395,0.43634146341463415
pretrain,CERNET.gml,500,2,15,29,0.9340132392666924,0.19383306957627106,0.2732712157880892,0.4058536585365853
pretrain,CERNET.gml,500,2,15,30,0.9351695657273422,0.20066981313898571,0.2735403516961553,0.42780487804878053
pretrain,CERNET.gml,500,2,15,31,0.9393006080783611,0.2119395361153506,0.27385688297752186,0.43975609756097556
pretrain,CERNET.gml,500,2,15,32,0.9381255644582607,0.19887541947319057,0.27415035360980344,0.41487804878048784
pretrain,CERNET.gml,500,2,15,33,0.9387178105365438,0.21845050276823988,0.2745403563526295,0.451219512195122
pretrain,CERNET.gml,500,2,15,34,0.9363476095026572,0.1929054711387232,0.27482592975174314,0.4039024390243903
pretrain,CERNET.gml,500,2,15,35,0.935161561351316,0.18723819596341967,0.275274246600629,0.4085365853658536
pretrain,CERNET.gml,500,2,15,36,0.9369249553959889,0.18638892805985885,0.2756551780502989,0.41829268292682925
pretrain,CERNET.gml,500,2,15,37,0.9410936780033107,0.22662414367677805,0.2762185082746262,0.46707317073170734
pretrain,CERNET.gml,500,2,15,38,0.9381094370623478,0.19256128711223605,0.2763995030433748,0.3968292682926829
pretrain,CERNET.gml,500,2,15,39,0.9375225862372849,0.19110637816384907,0.27680390259344123,0.4180487804878049
pretrain,CERNET.gml,500,2,15,40,0.9369432843936674,0.18339933672895103,0.2773214508114108,0.40707317073170723
pretrain,CERNET.gml,500,2,15,41,0.9369397044321127,0.1892565101850645,0.2777013730765495,0.4241463414634146
pretrain,CERNET.gml,500,2,15,42,0.9334129988403758,0.20844280869461324,0.27817648630706526,0.443170731707317
pretrain,CERNET.gml,500,2,15,43,0.939914594860795,0.18029631947304467,0.278677712469019,0.39634146341463417
pretrain,CERNET.gml,500,2,15,44,0.9363429026960386,0.1877699735383115,0.2792012539782431,0.4187804878048781
pretrain,CERNET.gml,500,2,15,45,0.9345921510557185,0.18226426623560557,0.27978244682020115,0.4065853658536585
pretrain,CERNET.gml,500,2,15,46,0.933998388567041,0.20424154580304354,0.2804032215839641,0.44219512195121957
pretrain,CERNET.gml,500,2,15,47,0.9387275573703607,0.18972384185697888,0.2809373013637102,0.41560975609756096
pretrain,CERNET.gml,500,2,15,48,0.9375320950423632,0.18676424824489019,0.2815505765178181,0.41487804878048773
pretrain,CERNET.gml,500,2,15,49,0.9369340462490545,0.17795649339054528,0.2822473379084829,0.40560975609756106
pretrain,CERNET.gml,500,2,16,0,0.9428987375105083,0.280002863074041,0.27009057085645544,0.9521951219512195
pretrain,CERNET.gml,500,2,16,1,0.9375278028233711,0.23588013480944323,0.2700125966174698,0.4104878048780488
pretrain,CERNET.gml,500,2,16,2,0.9375358079087627,0.24897429678429717,0.27000219841703527,0.4585365853658537
pretrain,CERNET.gml,500,2,16,3,0.9387142841339897,0.22448769062183732,0.26989298888184443,0.4202439024390244
pretrain,CERNET.gml,500,2,16,4,0.9357493750067356,0.23955745895871233,0.2698742601313296,0.4548780487804879
pretrain,CERNET.gml,500,2,16,5,0.9351745402186152,0.23409729249057667,0.26984832120186053,0.4378048780487805
pretrain,CERNET.gml,500,2,16,6,0.9345769165837389,0.2340748224902611,0.26983435395967303,0.4409756097560976
pretrain,CERNET.gml,500,2,16,7,0.9345654949265446,0.24757408814358886,0.26985728703658984,0.4587804878048781
pretrain,CERNET.gml,500,2,16,8,0.9375278577689324,0.20496001289847682,0.26985352013279423,0.39512195121951216
pretrain,CERNET.gml,500,2,16,9,0.9339726618181805,0.23132211013027515,0.2698932219016745,0.4585365853658537
pretrain,CERNET.gml,500,2,16,10,0.9345574851100696,0.2056864129077987,0.26997111923522227,0.4053658536585366
pretrain,CERNET.gml,500,2,16,11,0.9351586470774711,0.24313553964063872,0.27004694211992863,0.47487804878048784
pretrain,CERNET.gml,500,2,16,12,0.9410736057888294,0.25622446885483574,0.27009947135573487,0.47121951219512204
pretrain,CERNET.gml,500,2,16,13,0.933387093060001,0.23732979642753146,0.270173334814031,0.42975609756097555
pretrain,CERNET.gml,500,2,16,14,0.9345715633447574,0.2230380891249161,0.2703061944362655,0.4263414634146341
pretrain,CERNET.gml,500,2,16,15,0.9369399045874943,0.23089252806221147,0.2703816961254404,0.4473170731707316
pretrain,CERNET.gml,500,2,16,16,0.9351569387377037,0.21452321335889526,0.270522632490431,0.42219512195121955
pretrain,CERNET.gml,500,2,16,17,0.9339673532193571,0.20421867477293232,0.2707146428197672,0.41414634146341467
pretrain,CERNET.gml,500,2,16,18,0.935176854567942,0.21665587051915466,0.2708964406629134,0.44170731707317074
pretrain,CERNET.gml,500,2,16,19,0.938142760778131,0.21058496146524452,0.2710922686083437,0.4268292682926829
pretrain,CERNET.gml,500,2,16,20,0.9345718496531492,0.22538548129376113,0.2712743999087324,0.4465853658536585
pretrain,CERNET.gml,500,2,16,21,0.9381315025452438,0.21982677749053128,0.2714130337261114,0.4321951219512194
pretrain,CERNET.gml,500,2,16,22,0.9387181546663275,0.20173417040245603,0.27163753363687243,0.4129268292682926
pretrain,CERNET.gml,500,2,16,23,0.942287236740954,0.22638505213874693,0.27183805115891313,0.45902439024390235
pretrain,CERNET.gml,500,2,16,24,0.937539012005382,0.21522771318737471,0.2720230544219835,0.42341463414634145
pretrain,CERNET.gml,500,2,16,25,0.9387236474676125,0.22234549441707718,0.27219616633435595,0.4463414634146341
pretrain,CERNET.gml,500,2,16,26,0.9327874381140188,0.20706171002147236,0.2725197930507476,0.4104878048780488
pretrain,CERNET.gml,500,2,16,27,0.9357509184162772,0.20830387501954192,0.2726730459845398,0.43536585365853664
pretrain,CERNET.gml,500,2,16,28,0.9339872429875086,0.20460806337821902,0.27305434922289945,0.4209756097560976
pretrain,CERNET.gml,500,2,16,29,0.9357597300851863,0.2022679903627604,0.2733323853287004,0.4268292682926829
pretrain,CERNET.gml,500,2,16,30,0.9351564129692417,0.1880442209068591,0.27373984672391016,0.4036585365853659
pretrain,CERNET.gml,500,2,16,31,0.9347164527491937,0.19631318314024526,0.2741251007555337,0.42975609756097555
pretrain,CERNET.gml,500,2,16,32,0.9399134745773168,0.1929930251398225,0.27455094844437833,0.41902439024390237
pretrain,CERNET.gml,500,2,16,33,0.9374970452394029,0.19898939751177866,0.2749211380287771,0.42560975609756097
pretrain,CERNET.gml,500,2,16,34,0.9363331887129941,0.18816672307179472,0.2752769065118862,0.40975609756097564
pretrain,CERNET.gml,500,2,16,35,0.9387021512866701,0.1928654906863021,0.27571263587013,0.4260975609756098
pretrain,CERNET.gml,500,2,16,36,0.9392788874167706,0.2046543243837656,0.276244980542632,0.4373170731707317
pretrain,CERNET.gml,500,2,16,37,0.9416810374413808,0.21591206065662588,0.2766706421201265,0.4478048780487805
pretrain,CERNET.gml,500,2,16,38,0.9357447603748807,0.1924403224073984,0.27708958086613766,0.3975609756097561
pretrain,CERNET.gml,500,2,16,39,0.9357402068589092,0.210117140042466,0.27751511596182815,0.44902439024390245
pretrain,CERNET.gml,500,2,16,40,0.936347890110035,0.1881318104551078,0.2780611742437949,0.4014634146341465
pretrain,CERNET.gml,500,2,16,41,0.9351379634097032,0.19276057361659052,0.27847307151492856,0.4217073170731707
pretrain,CERNET.gml,500,2,16,42,0.9357534520480814,0.18566287084765032,0.27896941571421324,0.41268292682926827
pretrain,CERNET.gml,500,2,16,43,0.9363447732819679,0.18211091609442595,0.27953069397333913,0.4102439024390244
pretrain,CERNET.gml,500,2,16,44,0.9393045941010971,0.20223167043446497,0.28009235789899445,0.441219512195122
pretrain,CERNET.gml,500,2,16,45,0.9357449143957064,0.18961984875741977,0.28054932347915196,0.40853658536585363
pretrain,CERNET.gml,500,2,16,46,0.9345465793119326,0.17405561410140516,0.28118798477273477,0.4002439024390244
pretrain,CERNET.gml,500,2,16,47,0.9351838109344709,0.1779352475936309,0.28184418514022197,0.4151219512195122
pretrain,CERNET.gml,500,2,16,48,0.935158739520292,0.1869452086999601,0.2825821837016808,0.42048780487804877
pretrain,CERNET.gml,500,2,16,49,0.9375314456183613,0.19551917503873092,0.2830312948815023,0.4314634146341463
pretrain,CERNET.gml,500,2,17,0,0.9393209857136815,0.25985860953826484,0.26895183616697915,0.9231707317073171
pretrain,CERNET.gml,500,2,17,1,0.9369305421589702,0.2677624350181646,0.26888676329325256,0.46829268292682924
pretrain,CERNET.gml,500,2,17,2,0.9381212076612968,0.22933144823028048,0.26883399849392525,0.4124390243902439
pretrain,CERNET.gml,500,2,17,3,0.9369335133048313,0.22853155337903772,0.26879081865828913,0.43536585365853664
pretrain,CERNET.gml,500,2,17,4,0.9369272840088413,0.22383465127279253,0.26874773142146685,0.42902439024390243
pretrain,CERNET.gml,500,2,17,5,0.9369375713939445,0.25369523305427844,0.26865877492234674,0.4765853658536585
pretrain,CERNET.gml,500,2,17,6,0.9375366319473362,0.2384953743725762,0.2686614392107829,0.43487804878048786
pretrain,CERNET.gml,500,2,17,7,0.936947231785656,0.24206603565687873,0.268629554657339,0.4480487804878049
pretrain,CERNET.gml,500,2,17,8,0.9345871713394209,0.2326196696547678,0.2685906857985622,0.4346341463414634
pretrain,CERNET.gml,500,2,17,9,0.9340035626657356,0.21870294185425093,0.26865888417864564,0.42121951219512194
pretrain,CERNET.gml,500,2,17,10,0.9357775288849549,0.23543402307373787,0.2687019241913451,0.454390243902439
pretrain,CERNET.gml,500,2,17,11,0.9363563937213275,0.22780902367847197,0.2687306397344512,0.4358536585365853
pretrain,CERNET.gml,500,2,17,12,0.9381230010763516,0.2263845569508082,0.2688263080610074,0.43902439024390233
pretrain,CERNET.gml,500,2,17,13,0.9327892637716539,0.22079959184641634,0.26887689765308753,0.4268292682926829
pretrain,CERNET.gml,500,2,17,14,0.9369426126172813,0.22752125853289948,0.26901401294131055,0.4470731707317074
pretrain,CERNET.gml,500,2,17,15,0.934560325890052,0.22561173396153544,0.26915845406670663,0.43560975609756103
pretrain,CERNET.gml,500,2,17,16,0.938724690205938,0.24111909178606963,0.26929702041729275,0.4643902439024391
pretrain,CERNET.gml,500,2,17,17,0.933393583250927,0.21181149910578087,0.26944450679711607,0.40560975609756106
pretrain,CERNET.gml,500,2,17,18,0.9369407701472129,0.22897744092605868,0.26956426882996576,0.4551219512195122
pretrain,CERNET.gml,500,2,17,19,0.9369450188714408,0.24508788485273822,0.26977905447626604,0.46390243902439016
pretrain,CERNET.gml,500,2,17,20,0.9334274775418666,0.22887341673305256,0.2699576023202355,0.43
pretrain,CERNET.gml,500,2,17,21,0.9363426785731436,0.2079148001933179,0.2702045938433318,0.41487804878048784
pretrain,CERNET.gml,500,2,17,22,0.9363450545148095,0.209169314331368,0.27044127269049906,0.42975609756097555
pretrain,CERNET.gml,500,2,17,23,0.9351540827067379,0.21422443509058592,0.2706962866486606,0.43756097560975615
pretrain,CERNET.gml,500,2,17,24,0.9357513254075529,0.20748545964307064,0.27102086622755894,0.42292682926829267
pretrain,CERNET.gml,500,2,17,25,0.9357539296490538,0.22717610151267403,0.27132943126491177,0.4575609756097561
pretrain,CERNET.gml,500,2,17,26,0.9369362300757884,0.20224209498153906,0.2716528773876157,0.4087804878048781
pretrain,CERNET.gml,500,2,17,27,0.9387160070488698,0.19119837561433772,0.2719791094031937,0.40829268292682924
pretrain,CERNET.gml,500,2,17,28,0.9363517400536217,0.19776176906413598,0.2721360040318608,0.42487804878048785
pretrain,CERNET.gml,500,2,17,29,0.9393142655289819,0.2013284774643247,0.27240636342611463,0.4324390243902439
pretrain,CERNET.gml,500,2,17,30,0.9345617241378613,0.1938784915979965,0.27277660305865487,0.41219512195121955
pretrain,CERNET.gml,500,2,17,31,0.9346619444948024,0.19204072945448733,0.27308152995293455,0.41707317073170724
pretrain,CERNET.gml,500,2,17,32,0.9410871915056972,0.21661359273034334,0.27346964327839873,0.4558536585365854
pretrain,CERNET.gml,500,2,17,33,0.9375291659426767,0.18595644471566786,0.27385980368253837,0.39219512195121947
pretrain,CERNET.gml,500,2,17,34,0.9363113681780186,0.20017811815729555,0.27421212201125295,0.4351219512195121
pretrain,CERNET.gml,500,2,17,35,0.9363462790606542,0.21317368077424928,0.2746395858542602,0.44121951219512195
pretrain,CERNET.gml,500,2,17,36,0.934564078157222,0.20987055275980113,0.27504435245656417,0.4302439024390244
pretrain,CERNET.gml,500,2,17,37,0.9369344732259982,0.1878001034502346,0.27543377841166033,0.40073170731707314
pretrain,CERNET.gml,500,2,17,38,0.935149439608357,0.18212498725389567,0.27593840903716793,0.4090243902439024
pretrain,CERNET.gml,500,2,17,39,0.9387098309630402,0.1993652981576191,0.276460672710376,0.4402439024390245
pretrain,CERNET.gml,500,2,17,40,0.9357689790085986,0.1868981666739534,0.27703174502299605,0.40487804878048783
pretrain,CERNET.gml,500,2,17,41,0.9351581950259187,0.17980265892724817,0.2774921077477271,0.4058536585365853
pretrain,CERNET.gml,500,2,17,42,0.9345624700332382,0.18310509578090298,0.27803194597135605,0.41707317073170724
pretrain,CERNET.gml,500,2,17,43,0.932807516139651,0.18591708200281926,0.27865501593136416,0.4151219512195122
pretrain,CERNET.gml,500,2,17,44,0.9345602914588047,0.17560746225533708,0.27925059076280834,0.403170731707317
pretrain,CERNET.gml,500,2,17,45,0.9345540341030552,0.1943486098217928,0.27993297749089335,0.4373170731707317
pretrain,CERNET.gml,500,2,17,46,0.9322691392519276,0.18183263541923894,0.28066669984937165,0.4046341463414635
pretrain,CERNET.gml,500,2,17,47,0.9345581612856252,0.19678188274901215,0.2812846513494568,0.43756097560975615
pretrain,CERNET.gml,500,2,17,48,0.9333745114870042,0.18573634520356297,0.28187563584439024,0.4053658536585365
pretrain,CERNET.gml,500,2,17,49,0.9327776739200548,0.17039084679086608,0.2824847354057056,0.3958536585365854
pretrain,CERNET.gml,500,2,18,0,0.9454714711439011,0.3061482657413651,0.2697500673488049,0.9885365853658536
pretrain,CERNET.gml,500,2,18,1,0.9363212245670092,0.24161551672004547,0.26963028662942756,0.3975609756097561
pretrain,CERNET.gml,500,2,18,2,0.9398982383714655,0.2565725963402471,0.2695236301133237,0.46829268292682924
pretrain,CERNET.gml,500,2,18,3,0.9357444035995576,0.24057378314323252,0.2694646374117818,0.4319512195121951
pretrain,CERNET.gml,500,2,18,4,0.93455451077674,0.22354487855922425,0.26936350261939124,0.4217073170731708
pretrain,CERNET.gml,500,2,18,5,0.9363257721362588,0.23372921458020496,0.2693654431630505,0.44951219512195123
pretrain,CERNET.gml,500,2,18,6,0.9339737285092197,0.2247790373891158,0.26931224317158353,0.42560975609756097
pretrain,CERNET.gml,500,2,18,7,0.934568408906141,0.2339589567571667,0.2692803062651078,0.44902439024390245
pretrain,CERNET.gml,500,2,18,8,0.9393011012744786,0.22973569718112452,0.26931624014868144,0.43780487804878054
pretrain,CERNET.gml,500,2,18,9,0.9357497573934749,0.22218746804140596,0.26934224168184173,0.4285365853658536
pretrain,CERNET.gml,500,2,18,10,0.9357771724920506,0.21211391468252372,0.269390667891791,0.42121951219512194
pretrain,CERNET.gml,500,2,18,11,0.9387135852722358,0.24737173503754223,0.26946387264262955,0.4785365853658537
pretrain,CERNET.gml,500,2,18,12,0.9363416903793358,0.2300992716561942,0.2695530534576157,0.428780487804878
pretrain,CERNET.gml,500,2,18,13,0.9351560301025557,0.21417657319303776,0.2696389244896693,0.4168292682926829
pretrain,CERNET.gml,500,2,18,14,0.9339749364540436,0.2253844693148061,0.2697067244707734,0.444390243902439
pretrain,CERNET.gml,500,2,18,15,0.9357624686327662,0.22780693081759096,0.2698056152803442,0.4429268292682927
pretrain,CERNET.gml,500,2,18,16,0.9345658276457479,0.2232293367527019,0.26995442325115554,0.4319512195121951
pretrain,CERNET.gml,500,2,18,17,0.9363486430920744,0.21710154344762544,0.27012902000225797,0.4278048780487805
pretrain,CERNET.gml,500,2,18,18,0.9381314568978959,0.21433984798869632,0.2702244427431409,0.43000000000000005
pretrain,CERNET.gml,500,2,18,19,0.9357517137210798,0.21162477286904097,0.2704241132464324,0.428780487804878
pretrain,CERNET.gml,500,2,18,20,0.9345598569034399,0.2120848186323303,0.2706246729327315,0.42975609756097566
pretrain,CERNET.gml,500,2,18,21,0.9381301638095623,0.2328196134388837,0.27090176270756405,0.45829268292682934
pretrain,CERNET.gml,500,2,18,22,0.9375303978902262,0.20462252748498838,0.27098867743691923,0.40609756097560973
pretrain,CERNET.gml,500,2,18,23,0.9363455817810654,0.21243637171282723,0.271268473771269,0.4351219512195122
pretrain,CERNET.gml,500,2,18,24,0.9369376418022448,0.200648264684185,0.27149514537322833,0.4168292682926829
pretrain,CERNET.gml,500,2,18,25,0.9357520862165264,0.2078325024485853,0.2718314044592594,0.43439024390243897
pretrain,CERNET.gml,500,2,18,26,0.9357517493775713,0.21194924606791288,0.2720852796125949,0.43585365853658536
pretrain,CERNET.gml,500,2,18,27,0.9393408446501184,0.20824058234683707,0.2724508585454509,0.4268292682926829
pretrain,CERNET.gml,500,2,18,28,0.9381300996751093,0.2275211764159494,0.27273732897774955,0.4580487804878049
pretrain,CERNET.gml,500,2,18,29,0.9369385175855561,0.2095601819775914,0.27302158492305423,0.41853658536585364
pretrain,CERNET.gml,500,2,18,30,0.9357526356104737,0.19788150830921233,0.27340698039977324,0.4151219512195122
pretrain,CERNET.gml,500,2,18,31,0.9386630533751974,0.22014133624156784,0.2737607490146411,0.4539024390243902
pretrain,CERNET.gml,500,2,18,32,0.9363455569189048,0.19636133815760443,0.27409445046230796,0.40463414634146333
pretrain,CERNET.gml,500,2,18,33,0.9351606730386469,0.20846423103821565,0.274427856305415,0.4360975609756098
pretrain,CERNET.gml,500,2,18,34,0.9380785019060075,0.20569504654110612,0.27477576463868136,0.43121951219512206
pretrain,CERNET.gml,500,2,18,35,0.9363400108975788,0.20206543865031057,0.2752115233242859,0.4202439024390243
pretrain,CERNET.gml,500,2,18,36,0.9363421536105135,0.18902011850738815,0.27551539820642984,0.4097560975609757
pretrain,CERNET.gml,500,2,18,37,0.9351789514764985,0.22468834862559015,0.27592667005194893,0.46682926829268295
pretrain,CERNET.gml,500,2,18,38,0.9357378137790023,0.18962249346240584,0.2763524589577953,0.39487804878048777
pretrain,CERNET.gml,500,2,18,39,0.9345535927398159,0.20107824059238216,0.2768911019115597,0.43268292682926823
pretrain,CERNET.gml,500,2,18,40,0.9370565371643528,0.1976741583753491,0.27737515469017504,0.42268292682926834
pretrain,CERNET.gml,500,2,18,41,0.9369373287763025,0.2131459309895537,0.27787608143519255,0.443170731707317
pretrain,CERNET.gml,500,2,18,42,0.9357307378067404,0.19114957241021716,0.2781799672701903,0.40829268292682924
pretrain,CERNET.gml,500,2,18,43,0.9351704022529155,0.20951116852422527,0.2788141241153818,0.44487804878048787
pretrain,CERNET.gml,500,2,18,44,0.9363407996181424,0.18304397202565736,0.27924428934777884,0.3975609756097561
pretrain,CERNET.gml,500,2,18,45,0.9375276358593765,0.19944498246441758,0.27982001120809813,0.43439024390243897
pretrain,CERNET.gml,500,2,18,46,0.9351498882834731,0.19259626731551938,0.2803595251728279,0.4173170731707317
pretrain,CERNET.gml,500,2,18,47,0.9375444806355944,0.18479854408282387,0.2809960976140541,0.41121951219512204
pretrain,CERNET.gml,500,2,18,48,0.9315969349106165,0.17621994351205675,0.28151908356889255,0.4009756097560976
pretrain,CERNET.gml,500,2,18,49,0.9343417583619416,0.18798536571317467,0.2821719761522735,0.4268292682926829
pretrain,CERNET.gml,500,2,19,0,0.9405268177938909,0.2604410974806027,0.2688972164605883,0.9241463414634147
pretrain,CERNET.gml,500,2,19,1,0.9381180257621287,0.24382932496998444,0.2688034892870536,0.43560975609756103
pretrain,CERNET.gml,500,2,19,2,0.9369285807640053,0.23381229364631112,0.2687952461574907,0.4324390243902439
pretrain,CERNET.gml,500,2,19,3,0.9351489466772019,0.21441071543711296,0.26873390487192095,0.4126829268292683
pretrain,CERNET.gml,500,2,19,4,0.9381205118167141,0.23579971242429362,0.2687150600196534,0.45829268292682923
pretrain,CERNET.gml,500,2,19,5,0.9381178595905345,0.2607061043455403,0.2687042232271477,0.4770731707317073
pretrain,CERNET.gml,500,2,19,6,0.9351397532714336,0.23091389575673468,0.26864408099870646,0.4190243902439024
pretrain,CERNET.gml,500,2,19,7,0.9357621674361649,0.23034461847953328,0.2686839366264446,0.43682926829268287
pretrain,CERNET.gml,500,2,19,8,0.9369347874690549,0.22362039403652353,0.26864615292796756,0.4324390243902439
pretrain,CERNET.gml,500,2,19,9,0.9357921696084023,0.24670726296659898,0.2687137613479544,0.46560975609756106
pretrain,CERNET.gml,500,2,19,10,0.9375331432046178,0.21960992881430874,0.26870017885118014,0.4165853658536586
pretrain,CERNET.gml,500,2,19,11,0.9375449744435589,0.23951388996551715,0.2688084995911506,0.46195121951219514
pretrain,CERNET.gml,500,2,19,12,0.9327923250491899,0.22177497381965144,0.26887150898407525,0.42000000000000004
pretrain,CERNET.gml,500,2,19,13,0.9369314284827299,0.22257464847417166,0.26893411241599474,0.4392682926829269
pretrain,CERNET.gml,500,2,19,14,0.9345766317859441,0.21439897192559773,0.2690678839180182,0.42195121951219516
pretrain,CERNET.gml,500,2,19,15,0.936346495637909,0.2254768430933957,0.26915075832720514,0.4473170731707317
pretrain,CERNET.gml,500,2,19,16,0.9357507263219501,0.21357910717999604,0.26929859519332816,0.42292682926829267
pretrain,CERNET.gml,500,2,19,17,0.935165217909627,0.22505846834008464,0.2694449683554999,0.4441463414634146
pretrain,CERNET.gml,500,2,19,18,0.9357515013214178,0.21161460585238182,0.26957491850034826,0.4207317073170731
pretrain,CERNET.gml,500,2,19,19,0.9393041651525691,0.20751674995709588,0.26977914890278154,0.42365853658536595
pretrain,CERNET.gml,500,2,19,20,0.9375189831186469,0.21882449311336194,0.269957333067844,0.4446341463414634
pretrain,CERNET.gml,500,2,19,21,0.9334139188781517,0.20445263781223288,0.2701657682362702,0.41195121951219515
pretrain,CERNET.gml,500,2,19,22,0.9357582779174968,0.2195111707991401,0.2703223625769892,0.4478048780487805
pretrain,CERNET.gml,500,2,19,23,0.9345670558583131,0.2098683002448754,0.2705668300811848,0.4217073170731707
pretrain,CERNET.gml,500,2,19,24,0.9363496259576505,0.22054944736375884,0.2708079100264237,0.4451219512195122
pretrain,CERNET.gml,500,2,19,25,0.9369385099847186,0.21282705114970685,0.27108240666513156,0.42707317073170725
pretrain,CERNET.gml,500,2,19,26,0.9399043051027931,0.2054908166157082,0.27132674308910104,0.4253658536585365
pretrain,CERNET.gml,500,2,19,27,0.9351636931657626,0.2251823482026628,0.27163385156856024,0.45219512195121947
pretrain,CERNET.gml,500,2,19,28,0.935746688895493,0.2104873845809203,0.2718659946359964,0.42073170731707316
pretrain,CERNET.gml,500,2,19,29,0.9369445724177123,0.20679442598969575,0.2722244122055734,0.42975609756097566
pretrain,CERNET.gml,500,2,19,30,0.937528978449683,0.21587337431371184,0.2726117515171979,0.44121951219512184
pretrain,CERNET.gml,500,2,19,31,0.9369498923511747,0.1985186652183103,0.2730122450482805,0.41000000000000003
pretrain,CERNET.gml,500,2,19,32,0.9369458851645769,0.22441257649386342,0.2733845972807916,0.4607317073170732
pretrain,CERNET.gml,500,2,19,33,0.9357810755328446,0.207956946148716,0.27381520167163653,0.4165853658536585
pretrain,CERNET.gml,500,2,19,34,0.937536748282941,0.19719523380767645,0.27407260646967185,0.4165853658536585
pretrain,CERNET.gml,500,2,19,35,0.9345671197828703,0.19688888017549552,0.27448129850346764,0.4209756097560976
pretrain,CERNET.gml,500,2,19,36,0.941080377411323,0.21106823848635423,0.2749532164070306,0.4465853658536585
pretrain,CERNET.gml,500,2,19,37,0.9351618278964862,0.1924842736488592,0.2753971434222384,0.4065853658536585
pretrain,CERNET.gml,500,2,19,38,0.9352197175299469,0.19334674212428948,0.27589686783936773,0.42268292682926834
pretrain,CERNET.gml,500,2,19,39,0.9351760229179669,0.1919612709232445,0.27645957039140684,0.42000000000000004
pretrain,CERNET.gml,500,2,19,40,0.9342130010678269,0.18593724665674383,0.2770354548762619,0.41195121951219515
pretrain,CERNET.gml,500,2,19,41,0.9339897726452595,0.2038024451943541,0.27757970272830484,0.4385365853658536
pretrain,CERNET.gml,500,2,19,42,0.9357439658424167,0.2043056214430776,0.2779431779828567,0.4287804878048781
pretrain,CERNET.gml,500,2,19,43,0.9369493981579474,0.18919450416192168,0.2784788085920026,0.4053658536585365
pretrain,CERNET.gml,500,2,19,44,0.938115023244414,0.20302599564383758,0.27885497331270565,0.4385365853658536
pretrain,CERNET.gml,500,2,19,45,0.9345372427442336,0.19196900474629308,0.2792495310494052,0.41121951219512193
pretrain,CERNET.gml,500,2,19,46,0.9339850140398751,0.21679593842663916,0.27979322857506495,0.45243902439024386
pretrain,CERNET.gml,500,2,19,47,0.9363280925145061,0.19113414438764353,0.2801895361386607,0.40292682926829265
pretrain,CERNET.gml,500,2,19,48,0.9350970830790093,0.18156599850275928,0.28073557488930284,0.4075609756097561
pretrain,CERNET.gml,500,2,19,49,0.9339666878094963,0.19966148862812577,0.28140538397277315,0.43902439024390244
