arm,topo,rate,seed,episode,step,rd,rp,th,r_mean
A1b,Abilene.gml,500,1,0,0,0.8344667398633239,0.3588891200230521,0.2601261384646253,0.4981818181818182
A1b,Abilene.gml,500,1,0,1,0.7687197982791593,0.4387818030931952,0.2598097440977877,0.5372727272727272
A1b,Abilene.gml,500,1,0,2,0.8180414925357973,0.38737691296151655,0.2595193623447965,0.5163636363636365
A1b,Abilene.gml,500,1,0,3,0.8261381445525604,0.2949235296633986,0.2592549615662151,0.45454545454545464
A1b,Abilene.gml,500,1,0,4,0.8265214898743235,0.3637223787508517,0.2590165127238682,0.5018181818181818
A1b,Abilene.gml,500,1,0,5,0.8589249516313906,0.3850607653156125,0.2587622411035306,0.5281818181818182
A1b,Abilene.gml,500,1,0,6,0.8843115565638171,0.4105960244589312,0.2585156352726449,0.5509090909090908
A1b,Abilene.gml,500,1,0,7,0.8011896853109156,0.4477059424129091,0.2582875327283762,0.5563636363636363
A1b,Abilene.gml,500,1,0,8,0.8014015929292051,0.44915370421318895,0.2581060751892055,0.5572727272727273
A1b,Abilene.gml,500,1,0,9,0.8017236028554187,0.3225506479049616,0.25795044640330766,0.4636363636363636
A1b,Abilene.gml,500,1,0,10,0.8095275616955824,0.36572354580797395,0.25774273513799356,0.5000000000000001
A1b,Abilene.gml,500,1,0,11,0.8753251840914783,0.46665380063140494,0.25753498313631795,0.5909090909090909
A1b,Abilene.gml,500,1,0,12,0.8508378387586649,0.4281302791363199,0.25736532768032555,0.56
A1b,Abilene.gml,500,1,0,13,0.8020762141109187,0.4579726068348596,0.25728515061613805,0.5636363636363637
A1b,Abilene.gml,500,1,0,14,0.8012998180303422,0.4357161473004052,0.2571577152125803,0.5481818181818182
A1b,Abilene.gml,500,1,0,15,0.7680745131779049,0.32887534301451943,0.2570356491821962,0.4627272727272727
A1b,Abilene.gml,500,1,0,16,0.7768144590557209,0.4146180847792667,0.256890289247441,0.5281818181818182
A1b,Abilene.gml,500,1,0,17,0.8082486502082342,0.44855702186261337,0.25676977525131467,0.5599999999999999
A1b,Abilene.gml,500,1,0,18,0.8014912670838698,0.4498261713703165,0.2566881497134116,0.56
A1b,Abilene.gml,500,1,0,19,0.8673241225841063,0.503858898868761,0.25671626200123204,0.6163636363636363
A1b,Abilene.gml,500,1,0,20,0.7522499598043748,0.3701590482181601,0.25668031914540956,0.4881818181818183
A1b,Abilene.gml,500,1,0,21,0.8512561374451018,0.42250694628127494,0.2566667908908684,0.5536363636363637
A1b,Abilene.gml,500,1,0,22,0.8262776068904812,0.3381851813518308,0.25649026977796396,0.4827272727272728
A1b,Abilene.gml,500,1,0,23,0.8014646951309246,0.4509352360195135,0.256329565557035,0.5618181818181818
A1b,Abilene.gml,500,1,0,24,0.8509154640229398,0.3822961839368514,0.25642920522193974,0.5254545454545455
A1b,Abilene.gml,500,1,0,25,0.8266093575289758,0.36781954020407714,0.25642740838667827,0.5118181818181818
A1b,Abilene.gml,500,1,0,26,0.7767763908715769,0.35456225803749986,0.2565687639849057,0.4863636363636364
A1b,Abilene.gml,500,1,0,27,0.7767808256186458,0.28191490474295944,0.25653569130552073,0.4327272727272727
A1b,Abilene.gml,500,1,0,28,0.8592099621630628,0.4514921255154208,0.25652917660599844,0.5790909090909092
A1b,Abilene.gml,500,1,0,29,0.7682847454624455,0.3505557822419432,0.25639385856527236,0.4772727272727272
A1b,Abilene.gml,500,1,0,30,0.8922830017533877,0.4568809855312892,0.25630392495050114,0.5936363636363636
A1b,Abilene.gml,500,1,0,31,0.8754975524530295,0.4433533069249649,0.2563206861614102,0.5772727272727273
A1b,Abilene.gml,500,1,0,32,0.727957853948467,0.35987451233009327,0.2563859488012612,0.4690909090909091
A1b,Abilene.gml,500,1,0,33,0.8428714995394582,0.4673032868127066,0.25629144341060645,0.588181818181818
A1b,Abilene.gml,500,1,0,34,0.7758622322401816,0.3611233613941584,0.25638645304490937,0.4890909090909092
A1b,Abilene.gml,500,1,0,35,0.7848801748820435,0.45099428758666227,0.25651765535086235,0.5536363636363636
A1b,Abilene.gml,500,1,0,36,0.8511856047427714,0.37013222374861043,0.2564660187191613,0.5236363636363636
A1b,Abilene.gml,500,1,0,37,0.8020417522853662,0.38235340659169986,0.25675774158045084,0.5127272727272728
A1b,Abilene.gml,500,1,0,38,0.8184137704736472,0.48122221591166975,0.2566961294846984,0.59
A1b,Abilene.gml,500,1,0,39,0.8000463039299688,0.49354752323053236,0.2566355083879286,0.5909090909090908
A1b,Abilene.gml,500,1,0,40,0.8100050071204469,0.4473776548046308,0.2566054511547393,0.5654545454545454
A1b,Abilene.gml,500,1,0,41,0.8015656334574502,0.43594974460540054,0.2567945544601059,0.5545454545454546
A1b,Abilene.gml,500,1,0,42,0.7848662298163479,0.32200770542409374,0.2568728079870308,0.46636363636363637
A1b,Abilene.gml,500,1,0,43,0.7765969023543587,0.32117207094424133,0.2570201304057563,0.4627272727272727
A1b,Abilene.gml,500,1,0,44,0.8100055489182943,0.4434011439293439,0.2571931401052803,0.5618181818181819
A1b,Abilene.gml,500,1,0,45,0.8253041052911386,0.4203860833763436,0.25742785806296714,0.5472727272727274
A1b,Abilene.gml,500,1,0,46,0.8350454584812234,0.41612640051319744,0.25750531084403766,0.5518181818181818
A1b,Abilene.gml,500,1,0,47,0.8674755421661228,0.4030879018278337,0.25769596751990914,0.5509090909090909
A1b,Abilene.gml,500,1,0,48,0.7528271218305659,0.4065401744529733,0.2579795191502931,0.5199999999999999
A1b,Abilene.gml,500,1,0,49,0.8183621661668887,0.44768839718660325,0.25820286975523726,0.5690909090909091
A1b,Abilene.gml,500,1,1,0,0.834528878152724,0.36086343424912726,0.25827489990015107,0.5
A1b,Abilene.gml,500,1,1,1,0.842818704128444,0.5003236323801407,0.25795065503208225,0.6009090909090908
A1b,Abilene.gml,500,1,1,2,0.8507189617224757,0.3610723934250978,0.25764500005340235,0.5072727272727273
A1b,Abilene.gml,500,1,1,3,0.8758315785629894,0.4335269609725646,0.25736329821484155,0.5654545454545454
A1b,Abilene.gml,500,1,1,4,0.8015622765759228,0.35244110600655,0.257083745686306,0.4863636363636364
A1b,Abilene.gml,500,1,1,5,0.8426560559498619,0.3632359216277628,0.2568443022764077,0.5063636363636363
A1b,Abilene.gml,500,1,1,6,0.817634136841896,0.3998151072120342,0.25663056724107813,0.5254545454545455
A1b,Abilene.gml,500,1,1,7,0.8110575952720501,0.3985216133760876,0.25638933998425295,0.5218181818181817
A1b,Abilene.gml,500,1,1,8,0.8017544935492334,0.2791815387773548,0.25618309125316885,0.43818181818181823
A1b,Abilene.gml,500,1,1,9,0.7778060395364395,0.45072340118032544,0.2559685697156469,0.5509090909090909
A1b,Abilene.gml,500,1,1,10,0.7922928805243146,0.4472741184291943,0.25583012087082146,0.5536363636363636
A1b,Abilene.gml,500,1,1,11,0.8012603239022064,0.4480291420067093,0.2557172688829677,0.5563636363636365
A1b,Abilene.gml,500,1,1,12,0.8015059294760619,0.4377582208551212,0.255629999907201,0.5472727272727272
A1b,Abilene.gml,500,1,1,13,0.8099414011016084,0.3481250447330913,0.2554784782849946,0.48636363636363633
A1b,Abilene.gml,500,1,1,14,0.8675388259495165,0.4734007536844938,0.25535770505236083,0.5927272727272728
A1b,Abilene.gml,500,1,1,15,0.788278767370707,0.28043708418106056,0.25514982057549285,0.43363636363636365
A1b,Abilene.gml,500,1,1,16,0.884041841979585,0.49014465693338904,0.25503321464455975,0.610909090909091
A1b,Abilene.gml,500,1,1,17,0.7529015836653614,0.3354416627561362,0.254848991578453,0.46181818181818174
A1b,Abilene.gml,500,1,1,18,0.8346407555869493,0.30053974989904975,0.2547327230023162,0.4645454545454545
A1b,Abilene.gml,500,1,1,19,0.7765955130535924,0.26953577813899104,0.2547514499997251,0.4227272727272727
A1b,Abilene.gml,500,1,1,20,0.8263235370613112,0.4397666809585574,0.25453983898748767,0.5590909090909091
A1b,Abilene.gml,500,1,1,21,0.8510243898392468,0.3687262600199253,0.25445540748649803,0.5172727272727272
A1b,Abilene.gml,500,1,1,22,0.8510511443793014,0.46466921345692547,0.254523215633967,0.5863636363636364
A1b,Abilene.gml,500,1,1,23,0.7934416672454941,0.40596388239766734,0.2545173627240814,0.5272727272727272
A1b,Abilene.gml,500,1,1,24,0.9006609889455821,0.41208655719615295,0.2546268544167025,0.5654545454545455
A1b,Abilene.gml,500,1,1,25,0.8346500679662534,0.48018478052714575,0.25466270115815276,0.5918181818181818
A1b,Abilene.gml,500,1,1,26,0.7274021569558333,0.31782335901370684,0.25469747619485367,0.4454545454545455
A1b,Abilene.gml,500,1,1,27,0.8428074590443512,0.45312937066163295,0.25471648594492585,0.5736363636363637
A1b,Abilene.gml,500,1,1,28,0.7603354203415467,0.41569494844284915,0.2547286861349455,0.5254545454545455
A1b,Abilene.gml,500,1,1,29,0.8011382293906141,0.4171278513207514,0.2547662301759671,0.5399999999999999
A1b,Abilene.gml,500,1,1,30,0.8097838214214051,0.5108370688556249,0.25498222054230285,0.6063636363636363
A1b,Abilene.gml,500,1,1,31,0.7688708889417157,0.42396378421405084,0.2550876877182803,0.5354545454545454
A1b,Abilene.gml,500,1,1,32,0.8015599987511489,0.3429649143007546,0.25516449019932164,0.4863636363636364
A1b,Abilene.gml,500,1,1,33,0.8011061783077487,0.43432098208116143,0.25529997791848935,0.5509090909090908
A1b,Abilene.gml,500,1,1,34,0.8344614187593923,0.4790677526065849,0.2554235213422051,0.5936363636363636
A1b,Abilene.gml,500,1,1,35,0.776784666958007,0.2825336399378103,0.2555319782746278,0.4354545454545455
A1b,Abilene.gml,500,1,1,36,0.8098285119397809,0.4212630299198453,0.2556623450183346,0.5481818181818181
A1b,Abilene.gml,500,1,1,37,0.8180658542730747,0.30161156824777957,0.25580597272177985,0.4627272727272727
A1b,Abilene.gml,500,1,1,38,0.8015769763614319,0.4195577591743646,0.2561628405455215,0.5436363636363636
A1b,Abilene.gml,500,1,1,39,0.7770206607187745,0.45406432434048283,0.2563489835103361,0.5609090909090909
A1b,Abilene.gml,500,1,1,40,0.8669692365154212,0.41214103779999467,0.25655769606477913,0.5618181818181818
A1b,Abilene.gml,500,1,1,41,0.7770918387327856,0.40787514629858546,0.2567920435175733,0.5299999999999999
A1b,Abilene.gml,500,1,1,42,0.8838430123896909,0.3924767346864012,0.25703191439564965,0.5463636363636364
A1b,Abilene.gml,500,1,1,43,0.8170117364113476,0.27987231536758106,0.25689179806619705,0.44818181818181824
A1b,Abilene.gml,500,1,1,44,0.7737499318573196,0.3987329936824188,0.25715440372416504,0.52
A1b,Abilene.gml,500,1,1,45,0.793485014780349,0.3280045612281717,0.25743877696078604,0.47181818181818186
A1b,Abilene.gml,500,1,1,46,0.826434657988133,0.45353277203258807,0.2573541017389791,0.57
A1b,Abilene.gml,500,1,1,47,0.8015119525524763,0.2466748943828625,0.25718686904409815,0.41818181818181815
A1b,Abilene.gml,500,1,1,48,0.8346308506407099,0.45066271660570734,0.25717102352994314,0.57
A1b,Abilene.gml,500,1,1,49,0.8015454531972924,0.4185700258938032,0.2572880560780782,0.5436363636363637
A1b,Abilene.gml,500,1,2,0,0.8376181018021129,0.4735004136470988,0.2585255234267303,0.58
A1b,Abilene.gml,500,1,2,1,0.8265881365405225,0.36305127592990155,0.25818717965526583,0.5009090909090909
A1b,Abilene.gml,500,1,2,2,0.8343990733367252,0.4621058692628867,0.2578746884361439,0.5727272727272728
A1b,Abilene.gml,500,1,2,3,0.8016156743377433,0.38751589826378474,0.2575846196729659,0.5118181818181818
A1b,Abilene.gml,500,1,2,4,0.7901812876335051,0.47430889433569123,0.2573148659123643,0.5690909090909091
A1b,Abilene.gml,500,1,2,5,0.7685143089982386,0.37636175088735635,0.25702946326112214,0.49272727272727274
A1b,Abilene.gml,500,1,2,6,0.8346309670017086,0.4741864149501642,0.2567607649908749,0.5854545454545454
A1b,Abilene.gml,500,1,2,7,0.8180686059189266,0.2985123687342332,0.25660392369194407,0.45454545454545453
A1b,Abilene.gml,500,1,2,8,0.8509937622793718,0.3677229301525651,0.25640025091361845,0.5154545454545455
A1b,Abilene.gml,500,1,2,9,0.7933150964994364,0.4142588051097799,0.256222238527662,0.5290909090909092
A1b,Abilene.gml,500,1,2,10,0.8264249138756822,0.45815539397436583,0.256069866166797,0.5727272727272728
A1b,Abilene.gml,500,1,2,11,0.8667925985269274,0.41362627891896814,0.2559860281869798,0.5527272727272727
A1b,Abilene.gml,500,1,2,12,0.8231207153069403,0.49214221790523455,0.2558272891546143,0.5927272727272727
A1b,Abilene.gml,500,1,2,13,0.8018954896995971,0.42684536074531576,0.25560924374953403,0.5409090909090909
A1b,Abilene.gml,500,1,2,14,0.8514188746371931,0.42835184555867395,0.2554151237970385,0.5545454545454546
A1b,Abilene.gml,500,1,2,15,0.8269347283771119,0.3886236598498435,0.25515383650660567,0.5218181818181818
A1b,Abilene.gml,500,1,2,16,0.8510748480163415,0.31535266145552665,0.25498290750556574,0.480909090909091
A1b,Abilene.gml,500,1,2,17,0.7933423963221936,0.36700811882629547,0.25485991684612963,0.4954545454545455
A1b,Abilene.gml,500,1,2,18,0.7356923425825275,0.31422683280277197,0.25471112822337677,0.44181818181818183
A1b,Abilene.gml,500,1,2,19,0.8841145376157019,0.4153393723217032,0.2545602405313183,0.56
A1b,Abilene.gml,500,1,2,20,0.8593520189205183,0.358403540769008,0.25450477010398953,0.5136363636363637
A1b,Abilene.gml,500,1,2,21,0.7767100439580218,0.3331140084188707,0.2545250739716688,0.46818181818181814
A1b,Abilene.gml,500,1,2,22,0.8097028289614517,0.5355892330474311,0.2544115813886602,0.6227272727272727
A1b,Abilene.gml,500,1,2,23,0.7921217070996192,0.4145443693476663,0.2543841478281019,0.5345454545454547
A1b,Abilene.gml,500,1,2,24,0.8262644266584599,0.4743542552543582,0.25432396390987805,0.5845454545454545
A1b,Abilene.gml,500,1,2,25,0.7932775566618104,0.455873270852857,0.25427082185544353,0.5645454545454545
A1b,Abilene.gml,500,1,2,26,0.8676666379917118,0.44611530923055137,0.2543705205751086,0.5781818181818182
A1b,Abilene.gml,500,1,2,27,0.8308864399145336,0.46467479118293614,0.25435057125119964,0.5827272727272728
A1b,Abilene.gml,500,1,2,28,0.7756955646878285,0.41814881810058785,0.2544172060279866,0.5336363636363636
A1b,Abilene.gml,500,1,2,29,0.7688732923341469,0.4190846825859435,0.2544401973250203,0.5318181818181817
A1b,Abilene.gml,500,1,2,30,0.7544769381178401,0.3181852279446449,0.25461336776080207,0.4509090909090909
A1b,Abilene.gml,500,1,2,31,0.8099111689989326,0.44911169837149406,0.2545668123978546,0.5636363636363636
A1b,Abilene.gml,500,1,2,32,0.7849905552612615,0.357531049239588,0.2546406974867269,0.49090909090909085
A1b,Abilene.gml,500,1,2,33,0.7772138188808376,0.4365521615537007,0.2547320835847838,0.5445454545454544
A1b,Abilene.gml,500,1,2,34,0.8263438729553186,0.36862241406797375,0.25483805638210516,0.5145454545454545
A1b,Abilene.gml,500,1,2,35,0.8345027127094568,0.4854578056341649,0.25509195725804135,0.5981818181818181
A1b,Abilene.gml,500,1,2,36,0.8262703869475202,0.33841839556301945,0.25518958151146465,0.4863636363636364
A1b,Abilene.gml,500,1,2,37,0.8346537634379271,0.4624293638699365,0.2550446173610715,0.5818181818181818
A1b,Abilene.gml,500,1,2,38,0.834567079562413,0.36938258126510937,0.25521274207544875,0.5209090909090908
A1b,Abilene.gml,500,1,2,39,0.7438105721713085,0.3649697965897458,0.25553161288166354,0.4836363636363636
A1b,Abilene.gml,500,1,2,40,0.8108366380396976,0.4419761906682087,0.25564192461572377,0.5618181818181819
A1b,Abilene.gml,500,1,2,41,0.8344763111588734,0.48689353338594105,0.2558003310993791,0.6018181818181817
A1b,Abilene.gml,500,1,2,42,0.7848303083793169,0.3223769183056702,0.255984301775496,0.46545454545454545
A1b,Abilene.gml,500,1,2,43,0.7767767403670253,0.2829892244086392,0.25613377538150667,0.43636363636363634
A1b,Abilene.gml,500,1,2,44,0.7762961201223526,0.3701775885098735,0.25626338602305515,0.49727272727272726
A1b,Abilene.gml,500,1,2,45,0.8431532405555732,0.4118690974222463,0.2564573242109485,0.5536363636363636
A1b,Abilene.gml,500,1,2,46,0.8097532455262261,0.45214119496744676,0.2568991351813969,0.5727272727272728
A1b,Abilene.gml,500,1,2,47,0.7772401506661505,0.40664723760646737,0.2570690669918682,0.5299999999999999
A1b,Abilene.gml,500,1,2,48,0.8428992352927971,0.3331099247603723,0.2575513244375553,0.4981818181818182
A1b,Abilene.gml,500,1,2,49,0.8428632659751735,0.4424118468244879,0.25805928878994155,0.5736363636363636
A1b,Abilene.gml,500,1,3,0,0.8011035293918358,0.3855111751865913,0.2584076316542119,0.51
A1b,Abilene.gml,500,1,3,1,0.8056189633615276,0.47879486679490435,0.2580607808329939,0.5727272727272728
A1b,Abilene.gml,500,1,3,2,0.8266814081883677,0.3638863353704418,0.25772989929515233,0.5009090909090909
A1b,Abilene.gml,500,1,3,3,0.8014292543397562,0.4197390619804692,0.25741298552622865,0.5318181818181819
A1b,Abilene.gml,500,1,3,4,0.8262380939894718,0.41403451099079014,0.2571148229052206,0.5372727272727272
A1b,Abilene.gml,500,1,3,5,0.826150803553928,0.4159999927291777,0.25681804911002587,0.5390909090909091
A1b,Abilene.gml,500,1,3,6,0.8014276981001462,0.42293754805797174,0.2565469867971216,0.5372727272727272
A1b,Abilene.gml,500,1,3,7,0.8006835704324463,0.4477597002757342,0.2563079926054677,0.5554545454545455
A1b,Abilene.gml,500,1,3,8,0.8508837048822285,0.3687325470290628,0.2560946531124935,0.5154545454545455
A1b,Abilene.gml,500,1,3,9,0.8766091377062619,0.417325833907039,0.25590694441877987,0.5554545454545454
A1b,Abilene.gml,500,1,3,10,0.8509402492340731,0.47386379852728133,0.25569450408762884,0.5899999999999999
A1b,Abilene.gml,500,1,3,11,0.8345608886473008,0.38111117455294163,0.2555076544509197,0.5209090909090909
A1b,Abilene.gml,500,1,3,12,0.8266102975431854,0.4124272030275655,0.2554086742550383,0.5400000000000001
A1b,Abilene.gml,500,1,3,13,0.8592507755465623,0.35975599556887033,0.2552634749301301,0.5127272727272728
A1b,Abilene.gml,500,1,3,14,0.8097234431385292,0.4402914190655977,0.25520611023306733,0.5536363636363636
A1b,Abilene.gml,500,1,3,15,0.8444523735215377,0.47478313250179877,0.25507601203819763,0.5881818181818183
A1b,Abilene.gml,500,1,3,16,0.8014217904252866,0.42141788066595987,0.2549894389941832,0.5409090909090909
A1b,Abilene.gml,500,1,3,17,0.7850749649078543,0.4159147609401762,0.25494163137988435,0.5318181818181819
A1b,Abilene.gml,500,1,3,18,0.7768523893911538,0.35392834019441666,0.25491932270948486,0.4809090909090909
A1b,Abilene.gml,500,1,3,19,0.8758122564754367,0.3692495699510905,0.2546521611694605,0.5254545454545455
A1b,Abilene.gml,500,1,3,20,0.8264988142029661,0.3925498917293703,0.2546624380523437,0.5281818181818182
A1b,Abilene.gml,500,1,3,21,0.8181729019699936,0.38923296667302254,0.25456323362683336,0.5236363636363636
A1b,Abilene.gml,500,1,3,22,0.809779475418351,0.3280594660175699,0.2544971740769256,0.47818181818181815
A1b,Abilene.gml,500,1,3,23,0.8191124859302213,0.469712348843089,0.2544973673384581,0.5809090909090909
A1b,Abilene.gml,500,1,3,24,0.8181428352821086,0.4790245697990723,0.254505124155467,0.5836363636363637
A1b,Abilene.gml,500,1,3,25,0.8014819243149337,0.4571628033422688,0.2543459634677787,0.5681818181818182
A1b,Abilene.gml,500,1,3,26,0.8180836015074866,0.30519084891838794,0.25445235094009744,0.46272727272727265
A1b,Abilene.gml,500,1,3,27,0.8098948637431079,0.47078155800693866,0.254584173008763,0.5763636363636363
A1b,Abilene.gml,500,1,3,28,0.834650240654933,0.38612856408484575,0.25451183045453146,0.5299999999999999
A1b,Abilene.gml,500,1,3,29,0.7936766334189841,0.41180706236517284,0.2546394429536051,0.5354545454545455
A1b,Abilene.gml,500,1,3,30,0.7574990417239608,0.3159396203912105,0.2548197837034304,0.4509090909090909
A1b,Abilene.gml,500,1,3,31,0.7931428486935143,0.3373919074914656,0.2548809872761231,0.47818181818181826
A1b,Abilene.gml,500,1,3,32,0.7825727317215915,0.36127733107013377,0.2548532249424888,0.49090909090909096
A1b,Abilene.gml,500,1,3,33,0.7770900729274107,0.4159031034470132,0.254850950707582,0.5336363636363636
A1b,Abilene.gml,500,1,3,34,0.8099978890315473,0.45323626985522375,0.25510411665579596,0.5672727272727273
A1b,Abilene.gml,500,1,3,35,0.817780579850213,0.4124997068810669,0.2552625915876231,0.5436363636363637
A1b,Abilene.gml,500,1,3,36,0.7849067613405375,0.3513516458920289,0.2555577918179757,0.48363636363636364
A1b,Abilene.gml,500,1,3,37,0.801481192311839,0.4546976868121028,0.2554844036271119,0.5681818181818182
A1b,Abilene.gml,500,1,3,38,0.7933017462042482,0.33134404656844224,0.25581254367897405,0.47454545454545455
A1b,Abilene.gml,500,1,3,39,0.8180919800871019,0.45175194037079974,0.2559084194633164,0.5672727272727273
A1b,Abilene.gml,500,1,3,40,0.8015502534176844,0.30482654835071443,0.25603618077572643,0.4572727272727274
A1b,Abilene.gml,500,1,3,41,0.8180142699127461,0.38838171421660267,0.256197713698915,0.5245454545454545
A1b,Abilene.gml,500,1,3,42,0.7517010523734463,0.4557717587205882,0.25636466865359914,0.5518181818181819
A1b,Abilene.gml,500,1,3,43,0.8344838516645463,0.36693049480248524,0.25639738197253775,0.5172727272727272
A1b,Abilene.gml,500,1,3,44,0.82632514289657,0.4251317896338284,0.2568217997450141,0.5545454545454546
A1b,Abilene.gml,500,1,3,45,0.8427428364771351,0.4771967476816304,0.25655739432317615,0.5972727272727272
A1b,Abilene.gml,500,1,3,46,0.7115430050033102,0.4090510819989385,0.25652099298686043,0.509090909090909
A1b,Abilene.gml,500,1,3,47,0.809981997838429,0.44531986653574795,0.25655158281737933,0.5654545454545454
A1b,Abilene.gml,500,1,3,48,0.8098256975800193,0.41638400803973463,0.25684246743039413,0.5454545454545455
A1b,Abilene.gml,500,1,3,49,0.7769263471157707,0.408364090950411,0.2570943831933504,0.5318181818181817
A1b,Abilene.gml,500,1,4,0,0.834600757378221,0.32726749422767915,0.2598288243750951,0.4772727272727273
A1b,Abilene.gml,500,1,4,1,0.8262517838258503,0.4199376680130143,0.2595004048360543,0.5399999999999999
A1b,Abilene.gml,500,1,4,2,0.7769658781374008,0.4411083219461979,0.2591862515756971,0.5418181818181819
A1b,Abilene.gml,500,1,4,3,0.7687478519966837,0.44248521204351227,0.2588980483558236,0.5399999999999999
A1b,Abilene.gml,500,1,4,4,0.8263684531176722,0.4202198046432782,0.25863576376110753,0.5427272727272728
A1b,Abilene.gml,500,1,4,5,0.8016295022267503,0.38940079357085317,0.2583993689712272,0.5136363636363636
A1b,Abilene.gml,500,1,4,6,0.8261889301418424,0.3642725735065228,0.2581888377577229,0.5036363636363637
A1b,Abilene.gml,500,1,4,7,0.8262675234054313,0.39407800690605815,0.25795530001955147,0.5245454545454545
A1b,Abilene.gml,500,1,4,8,0.84262530067317,0.36428680731934693,0.2577871513125953,0.510909090909091
A1b,Abilene.gml,500,1,4,9,0.8589669243418655,0.3831653183028614,0.25764479813564095,0.5272727272727273
A1b,Abilene.gml,500,1,4,10,0.8013811957089033,0.4181316259719134,0.25746176561452194,0.5363636363636363
A1b,Abilene.gml,500,1,4,11,0.8835761811207814,0.5038980549584938,0.2572864298265192,0.620909090909091
A1b,Abilene.gml,500,1,4,12,0.7851693118029105,0.4507621461328659,0.2571297966118724,0.5545454545454546
A1b,Abilene.gml,500,1,4,13,0.8099435261320184,0.39928763640245957,0.2570379101883201,0.5263636363636363
A1b,Abilene.gml,500,1,4,14,0.7768249661293326,0.45473569883743603,0.256987151506419,0.5536363636363636
A1b,Abilene.gml,500,1,4,15,0.8015661475699688,0.4583221521757758,0.2567804272223322,0.5663636363636365
A1b,Abilene.gml,500,1,4,16,0.7933153732329572,0.4127530729310647,0.2567628803016266,0.5318181818181819
A1b,Abilene.gml,500,1,4,17,0.8356181702816374,0.3678775442764367,0.25677101142364317,0.5136363636363636
A1b,Abilene.gml,500,1,4,18,0.7683983925360729,0.32509081385210414,0.25680481883368994,0.46090909090909093
A1b,Abilene.gml,500,1,4,19,0.8590456851494074,0.36737017160884394,0.25678318614116935,0.519090909090909
A1b,Abilene.gml,500,1,4,20,0.8759338462579578,0.4137329498165628,0.25672833182106863,0.5572727272727271
A1b,Abilene.gml,500,1,4,21,0.8672827090484432,0.36905615309563283,0.2566936187163296,0.5245454545454545
A1b,Abilene.gml,500,1,4,22,0.7768753668369254,0.41313039068787893,0.2568019005379499,0.5281818181818182
A1b,Abilene.gml,500,1,4,23,0.9006796515848895,0.3553971572457087,0.25679676331265944,0.5236363636363636
A1b,Abilene.gml,500,1,4,24,0.7354659392671415,0.3173602365988791,0.25681193939088787,0.4436363636363636
A1b,Abilene.gml,500,1,4,25,0.8100022201615807,0.4517340032162159,0.25671512450573614,0.5663636363636364
A1b,Abilene.gml,500,1,4,26,0.8471472192230319,0.41821051486015043,0.256761133516408,0.5554545454545455
A1b,Abilene.gml,500,1,4,27,0.8114082908393879,0.4174625208850756,0.2569512856557614,0.5436363636363636
A1b,Abilene.gml,500,1,4,28,0.7608582953906045,0.3244554062099968,0.2571671139084666,0.459090909090909
A1b,Abilene.gml,500,1,4,29,0.818806480034031,0.4156606173828813,0.2571927784653558,0.5445454545454544
A1b,Abilene.gml,500,1,4,30,0.7604592734037952,0.3864460888738078,0.25745061437361083,0.5027272727272727
A1b,Abilene.gml,500,1,4,31,0.8182734294556238,0.4146712392403883,0.25757119167295667,0.5463636363636363
A1b,Abilene.gml,500,1,4,32,0.8588604241064847,0.3680907747519837,0.2578703077121279,0.5263636363636365
A1b,Abilene.gml,500,1,4,33,0.801646137471209,0.5096927644864876,0.25819518087046645,0.6018181818181819
A1b,Abilene.gml,500,1,4,34,0.7919392724883707,0.4521908593602932,0.25809032752177913,0.5645454545454546
A1b,Abilene.gml,500,1,4,35,0.7714656075478813,0.45187135685317104,0.25844788280791425,0.5581818181818182
A1b,Abilene.gml,500,1,4,36,0.7770711478570853,0.3607379226221186,0.25883124712680156,0.49000000000000005
A1b,Abilene.gml,500,1,4,37,0.8284436462677328,0.3667759629867179,0.2587834375940171,0.5163636363636364
A1b,Abilene.gml,500,1,4,38,0.7686780661631882,0.4040479356816433,0.25919973546923086,0.5245454545454545
A1b,Abilene.gml,500,1,4,39,0.768223247150544,0.4026093911549848,0.25941597644600073,0.5072727272727273
A1b,Abilene.gml,500,1,4,40,0.7940705333843414,0.5036247974808846,0.2591000465774993,0.5990909090909091
A1b,Abilene.gml,500,1,4,41,0.8097298294078409,0.43189490769525707,0.2593571182141903,0.5490909090909091
A1b,Abilene.gml,500,1,4,42,0.7846249968531344,0.27467842320446834,0.25956937001007113,0.4327272727272728
A1b,Abilene.gml,500,1,4,43,0.8182591296462008,0.42934563859292274,0.2598389917065001,0.5527272727272727
A1b,Abilene.gml,500,1,4,44,0.7443830303410081,0.3117981830784772,0.25986040692632073,0.44727272727272727
A1b,Abilene.gml,500,1,4,45,0.7523433591856766,0.35911277383852347,0.26009287240285117,0.47454545454545455
A1b,Abilene.gml,500,1,4,46,0.798713344164178,0.41755809094664864,0.259856380066796,0.5445454545454544
A1b,Abilene.gml,500,1,4,47,0.7703786744166876,0.34415818701665296,0.2603826438426663,0.47909090909090907
A1b,Abilene.gml,500,1,4,48,0.7765916979904316,0.3100371301166496,0.2607105294801046,0.4563636363636364
A1b,Abilene.gml,500,1,4,49,0.843047736248035,0.43904741685013154,0.2610118756990116,0.5700000000000001
A1b,Abilene.gml,500,1,5,0,0.8346872635512214,0.36603441729066544,0.2573773342414235,0.5063636363636363
A1b,Abilene.gml,500,1,5,1,0.8512209711828279,0.4667519348441941,0.2570612842377481,0.5809090909090909
A1b,Abilene.gml,500,1,5,2,0.7851589840221855,0.44883428671345693,0.25676956038132137,0.5472727272727271
A1b,Abilene.gml,500,1,5,3,0.843044755934466,0.4146380364758194,0.25648701440015303,0.5427272727272728
A1b,Abilene.gml,500,1,5,4,0.7851379546758384,0.3696304083606304,0.25621245653227015,0.4936363636363636
A1b,Abilene.gml,500,1,5,5,0.8098797470590494,0.44327918600086513,0.2559498982020797,0.5536363636363636
A1b,Abilene.gml,500,1,5,6,0.760452508922098,0.34886913685152454,0.25571296111754255,0.4727272727272727
A1b,Abilene.gml,500,1,5,7,0.8428902719326214,0.41355853170254614,0.25547603106890676,0.5436363636363637
A1b,Abilene.gml,500,1,5,8,0.8264179261525922,0.48384961042510466,0.25525823168098977,0.59
A1b,Abilene.gml,500,1,5,9,0.851303271014456,0.3922448123094424,0.2550743129676516,0.5309090909090909
A1b,Abilene.gml,500,1,5,10,0.8098146842614881,0.4261465981136666,0.25489858670989346,0.5427272727272727
A1b,Abilene.gml,500,1,5,11,0.8179002006694656,0.36392111619613954,0.2547126632943384,0.500909090909091
A1b,Abilene.gml,500,1,5,12,0.8510021603583179,0.36911273551314727,0.25451179047224337,0.5163636363636364
A1b,Abilene.gml,500,1,5,13,0.8097839590492754,0.35123780214686007,0.2544029022307876,0.4918181818181818
A1b,Abilene.gml,500,1,5,14,0.8263352449920977,0.403105360524946,0.2542951719011524,0.5345454545454545
A1b,Abilene.gml,500,1,5,15,0.8840865246557373,0.4393803036707347,0.2542273403041288,0.5763636363636363
A1b,Abilene.gml,500,1,5,16,0.7852020738070796,0.463501432479401,0.2540662287459892,0.5636363636363636
A1b,Abilene.gml,500,1,5,17,0.8509179644277393,0.37233028432562104,0.2539970676630008,0.52
A1b,Abilene.gml,500,1,5,18,0.8013220005353844,0.424547097167547,0.2539776016117031,0.5436363636363636
A1b,Abilene.gml,500,1,5,19,0.7357561627637209,0.3146689059854569,0.2539835352671716,0.44181818181818183
A1b,Abilene.gml,500,1,5,20,0.8595308105585263,0.4836702073233163,0.2539367124501683,0.600909090909091
A1b,Abilene.gml,500,1,5,21,0.7602321181888556,0.36878102473770386,0.2539126053688681,0.4881818181818182
A1b,Abilene.gml,500,1,5,22,0.8510570115969607,0.37095523269274666,0.25380215417736235,0.519090909090909
A1b,Abilene.gml,500,1,5,23,0.7686184398243371,0.42788841764991387,0.2538813286915842,0.5345454545454544
A1b,Abilene.gml,500,1,5,24,0.7848686837010734,0.3328052630165118,0.25382566093452635,0.47
A1b,Abilene.gml,500,1,5,25,0.8191698296026377,0.48982806603218615,0.2537713323712053,0.5936363636363636
A1b,Abilene.gml,500,1,5,26,0.8594651425666137,0.40550770980288076,0.25366260664270057,0.5472727272727272
A1b,Abilene.gml,500,1,5,27,0.7952216706810976,0.4282359113604167,0.2535872358585919,0.5454545454545454
A1b,Abilene.gml,500,1,5,28,0.8593475790203077,0.37212571024724617,0.25362559320235206,0.5272727272727272
A1b,Abilene.gml,500,1,5,29,0.7762907962141092,0.3628006762265012,0.2537928669365315,0.4890909090909092
A1b,Abilene.gml,500,1,5,30,0.8510521409516691,0.43030891718113046,0.25378975323814373,0.5654545454545454
A1b,Abilene.gml,500,1,5,31,0.8015739740845329,0.30572058294983906,0.25399832241204484,0.4563636363636363
A1b,Abilene.gml,500,1,5,32,0.7852536955664727,0.4674619701805254,0.2540414458831728,0.5672727272727273
A1b,Abilene.gml,500,1,5,33,0.8179787553890132,0.5709035812224245,0.25397922818729396,0.6563636363636364
A1b,Abilene.gml,500,1,5,34,0.760370446115097,0.3163971838696163,0.2538866004321172,0.45363636363636367
A1b,Abilene.gml,500,1,5,35,0.826489089181863,0.49201683201548474,0.2539959933682652,0.5963636363636363
A1b,Abilene.gml,500,1,5,36,0.8181013815500413,0.39183578381537115,0.25393564919126654,0.5281818181818182
A1b,Abilene.gml,500,1,5,37,0.8593720081644178,0.46569214909409384,0.254028312366689,0.5909090909090908
A1b,Abilene.gml,500,1,5,38,0.8348675136327007,0.439064475826086,0.25409976126817846,0.5681818181818182
A1b,Abilene.gml,500,1,5,39,0.8758667682784114,0.40089844087162585,0.25422366444336475,0.5518181818181819
A1b,Abilene.gml,500,1,5,40,0.744247863251363,0.310424868219143,0.2543729775946778,0.44
A1b,Abilene.gml,500,1,5,41,0.8187554360064001,0.46332154931607916,0.2543286920440641,0.58
A1b,Abilene.gml,500,1,5,42,0.842759554982099,0.3991191306772998,0.2545350681697896,0.5363636363636364
A1b,Abilene.gml,500,1,5,43,0.7772302789458707,0.4148524685805173,0.2546790560633194,0.5345454545454545
A1b,Abilene.gml,500,1,5,44,0.8348879555072757,0.39344565500659373,0.25506606171836677,0.53
A1b,Abilene.gml,500,1,5,45,0.8594702643580604,0.42567214066634235,0.2550483232793343,0.5672727272727273
A1b,Abilene.gml,500,1,5,46,0.875882547796591,0.5278985017979905,0.25519752953332975,0.6372727272727273
A1b,Abilene.gml,500,1,5,47,0.8429095314679731,0.25957792164313553,0.25521632578497105,0.43727272727272726
A1b,Abilene.gml,500,1,5,48,0.8100779593933698,0.39015972800494736,0.2552322746635992,0.5145454545454546
A1b,Abilene.gml,500,1,5,49,0.8591915805998224,0.3746913912054736,0.25522181111119846,0.5318181818181819
A1b,Abilene.gml,500,1,6,0,0.851014690951467,0.35770654083094916,0.2596696768765531,0.5036363636363637
A1b,Abilene.gml,500,1,6,1,0.7769982199560371,0.4355476362628608,0.25935790748112725,0.5372727272727272
A1b,Abilene.gml,500,1,6,2,0.8511425994478953,0.537840203632864,0.25907210505338907,0.63
A1b,Abilene.gml,500,1,6,3,0.8263629293789094,0.44258786520727256,0.2588066958885102,0.56
A1b,Abilene.gml,500,1,6,4,0.8262369589113973,0.4758888734425467,0.25861536629115983,0.5809090909090909
A1b,Abilene.gml,500,1,6,5,0.8756454583168083,0.36246082473717806,0.25834689256610904,0.5154545454545455
A1b,Abilene.gml,500,1,6,6,0.834487227338757,0.36655072593125043,0.25813656562344095,0.5072727272727272
A1b,Abilene.gml,500,1,6,7,0.8263981461082941,0.42672905781470266,0.25795207337002957,0.5454545454545454
A1b,Abilene.gml,500,1,6,8,0.7853773448600717,0.30508231081062126,0.2577738344600859,0.4472727272727272
A1b,Abilene.gml,500,1,6,9,0.8403560886843991,0.4330680581837738,0.25749408780768196,0.5536363636363637
A1b,Abilene.gml,500,1,6,10,0.8261635792808164,0.3645442644320255,0.2572844948080221,0.5045454545454546
A1b,Abilene.gml,500,1,6,11,0.8013549751157146,0.41705333805351413,0.25708605353565445,0.5354545454545454
A1b,Abilene.gml,500,1,6,12,0.8264257271169644,0.45681456340050963,0.25697498029833754,0.5700000000000001
A1b,Abilene.gml,500,1,6,13,0.8098112591297827,0.2983869116741022,0.2569200041837495,0.4518181818181818
A1b,Abilene.gml,500,1,6,14,0.8591716781745746,0.4536080519364703,0.2568505371391032,0.5772727272727273
A1b,Abilene.gml,500,1,6,15,0.7932080270640569,0.44893052696169883,0.25669322155331903,0.5581818181818182
A1b,Abilene.gml,500,1,6,16,0.793287345432189,0.3510939967736491,0.25666565998721264,0.4863636363636364
A1b,Abilene.gml,500,1,6,17,0.769186273515905,0.4166965485086153,0.25666376774326155,0.5281818181818182
A1b,Abilene.gml,500,1,6,18,0.818580260460616,0.46348371789773585,0.2566875420653093,0.5736363636363637
A1b,Abilene.gml,500,1,6,19,0.8427085375834523,0.4293225153938622,0.2566300929337823,0.56
A1b,Abilene.gml,500,1,6,20,0.7354025784608544,0.3429232418751613,0.2566959640251451,0.46090909090909093
A1b,Abilene.gml,500,1,6,21,0.7525721283885354,0.357380885980824,0.2565352685545034,0.4790909090909091
A1b,Abilene.gml,500,1,6,22,0.8427277928784135,0.353575900444729,0.25656934995124947,0.5045454545454545
A1b,Abilene.gml,500,1,6,23,0.8508449418683376,0.46497571802954457,0.2566837667737787,0.588181818181818
A1b,Abilene.gml,500,1,6,24,0.8181908475502966,0.40676637061521215,0.2567856668343499,0.539090909090909
A1b,Abilene.gml,500,1,6,25,0.7605529118593704,0.2698960135629578,0.25694161171693924,0.41727272727272724
A1b,Abilene.gml,500,1,6,26,0.8674110508241829,0.40861199769572243,0.25662109536406436,0.5527272727272728
A1b,Abilene.gml,500,1,6,27,0.7770364782893644,0.43563974756200885,0.2566447092253434,0.5445454545454546
A1b,Abilene.gml,500,1,6,28,0.7926677643899812,0.33614581040157854,0.25667055223437535,0.4763636363636364
A1b,Abilene.gml,500,1,6,29,0.7111543627939078,0.40777199189987456,0.2566817426181849,0.5036363636363635
A1b,Abilene.gml,500,1,6,30,0.8175768058873014,0.43209534967065993,0.2567352078754095,0.5563636363636364
A1b,Abilene.gml,500,1,6,31,0.7927691285646162,0.45557470714577275,0.25675131192437095,0.5654545454545454
A1b,Abilene.gml,500,1,6,32,0.7769308791267577,0.41278577237302483,0.25701189095178867,0.5309090909090908
A1b,Abilene.gml,500,1,6,33,0.7518559897645367,0.30505437204825764,0.2571092357874208,0.44
A1b,Abilene.gml,500,1,6,34,0.8510012730848069,0.35443064779857775,0.25708061069898264,0.5118181818181818
A1b,Abilene.gml,500,1,6,35,0.8014976597186391,0.42671480028079195,0.2570825183365144,0.549090909090909
A1b,Abilene.gml,500,1,6,36,0.7933052301036464,0.37746185192648324,0.25718797160944556,0.5027272727272728
A1b,Abilene.gml,500,1,6,37,0.8311777470220011,0.6599675838983137,0.2573092013555441,0.7190909090909092
A1b,Abilene.gml,500,1,6,38,0.7683958044042419,0.3222951456399462,0.2571790764317154,0.46181818181818185
A1b,Abilene.gml,500,1,6,39,0.8015219961650331,0.4224864899360908,0.25729220798245256,0.5472727272727272
A1b,Abilene.gml,500,1,6,40,0.8100427864474535,0.43963370422731035,0.25745430642941486,0.5590909090909091
A1b,Abilene.gml,500,1,6,41,0.8427755949520196,0.3660211920193533,0.2576351303291867,0.5218181818181817
A1b,Abilene.gml,500,1,6,42,0.8509370819896838,0.4256785747030137,0.2580417101427438,0.5645454545454545
A1b,Abilene.gml,500,1,6,43,0.7518722973644494,0.34558698574769214,0.2582554302813389,0.4700000000000001
A1b,Abilene.gml,500,1,6,44,0.8429028767567123,0.47556712727329115,0.25823515478820086,0.5927272727272727
A1b,Abilene.gml,500,1,6,45,0.8840498032053161,0.40677094755716825,0.2581625480664207,0.5590909090909091
A1b,Abilene.gml,500,1,6,46,0.7755839169447476,0.31511484835226156,0.25842493252371795,0.4581818181818181
A1b,Abilene.gml,500,1,6,47,0.7337735118012688,0.3016371907589735,0.2586455516180149,0.43727272727272726
A1b,Abilene.gml,500,1,6,48,0.8099241057238575,0.4070710050705319,0.2586270101309652,0.5409090909090909
A1b,Abilene.gml,500,1,6,49,0.842875608707292,0.45413352584043737,0.2591312913065287,0.5809090909090909
A1b,Abilene.gml,500,1,7,0,0.8591755047251785,0.4419341945054443,0.2577397950263505,0.5636363636363636
A1b,Abilene.gml,500,1,7,1,0.8097414783511533,0.41763362801494835,0.2574240540626349,0.5327272727272727
A1b,Abilene.gml,500,1,7,2,0.7768729456612525,0.41519260303192523,0.2571479244317944,0.5236363636363637
A1b,Abilene.gml,500,1,7,3,0.8346386171703876,0.38258618131720223,0.2568836164138597,0.5172727272727272
A1b,Abilene.gml,500,1,7,4,0.8095791183289922,0.42199462508442154,0.25662365040872204,0.5363636363636363
A1b,Abilene.gml,500,1,7,5,0.8180840685279588,0.528001313416857,0.2563481062460771,0.6145454545454544
A1b,Abilene.gml,500,1,7,6,0.8097665752680189,0.4182788370761679,0.2561094392880461,0.5372727272727272
A1b,Abilene.gml,500,1,7,7,0.8757688945963995,0.36572343475224456,0.25591627495601343,0.52
A1b,Abilene.gml,500,1,7,8,0.8598746536652256,0.3881372170650159,0.25574872156790956,0.531818181818182
A1b,Abilene.gml,500,1,7,9,0.8674987663635387,0.4279013099541206,0.25555338732800054,0.5627272727272729
A1b,Abilene.gml,500,1,7,10,0.8313110018103701,0.4101695964354123,0.2554247123079633,0.5381818181818182
A1b,Abilene.gml,500,1,7,11,0.7439354165792806,0.27000334365287887,0.2552591926145507,0.41181818181818175
A1b,Abilene.gml,500,1,7,12,0.8016582232460578,0.40161144119745945,0.2550075307434673,0.5236363636363636
A1b,Abilene.gml,500,1,7,13,0.7521987002707646,0.39131994517681346,0.25492180378421475,0.5027272727272728
A1b,Abilene.gml,500,1,7,14,0.8017600567925611,0.4030408934404152,0.25481249823675317,0.5263636363636363
A1b,Abilene.gml,500,1,7,15,0.8180952720447298,0.3021195058873049,0.2547677482671201,0.4581818181818182
A1b,Abilene.gml,500,1,7,16,0.7772392957620103,0.47211466328898427,0.25474847954731067,0.5654545454545454
A1b,Abilene.gml,500,1,7,17,0.826663274312915,0.41000947771520535,0.2545617184883,0.5381818181818182
A1b,Abilene.gml,500,1,7,18,0.8428586677131509,0.46991892336099367,0.25449244624698447,0.5872727272727274
A1b,Abilene.gml,500,1,7,19,0.8015786325730555,0.4266688156952824,0.2544486301775178,0.5454545454545454
A1b,Abilene.gml,500,1,7,20,0.8593655595476991,0.3293361203690424,0.2544165617804613,0.49272727272727274
A1b,Abilene.gml,500,1,7,21,0.7942897744354038,0.3766588210093527,0.2542351356632709,0.5045454545454545
A1b,Abilene.gml,500,1,7,22,0.7605295710006242,0.283442442041693,0.25410943839520894,0.42909090909090913
A1b,Abilene.gml,500,1,7,23,0.7359396935581217,0.3151092116236284,0.2540995541194524,0.4436363636363636
A1b,Abilene.gml,500,1,7,24,0.8593312795099574,0.525290590220583,0.2541150807875353,0.6272727272727272
A1b,Abilene.gml,500,1,7,25,0.8592432239624815,0.5074156694227919,0.2539643305831097,0.6172727272727273
A1b,Abilene.gml,500,1,7,26,0.8509983227417698,0.3665336579091356,0.25401701067271615,0.5172727272727272
A1b,Abilene.gml,500,1,7,27,0.7686551112544108,0.41680271243764067,0.2541497826336496,0.5272727272727273
A1b,Abilene.gml,500,1,7,28,0.8510411295041526,0.46153784558381616,0.25410895033790526,0.5854545454545454
A1b,Abilene.gml,500,1,7,29,0.842905185123554,0.46428148738811914,0.25421117035219587,0.5845454545454545
A1b,Abilene.gml,500,1,7,30,0.8839662654239315,0.4088276858920121,0.2543388012615202,0.5609090909090908
A1b,Abilene.gml,500,1,7,31,0.8097333912341409,0.36826945089238605,0.25449185328787977,0.5081818181818183
A1b,Abilene.gml,500,1,7,32,0.8593043928385279,0.6125162804692903,0.25452701610867146,0.7000000000000001
A1b,Abilene.gml,500,1,7,33,0.7766239075973647,0.3241124569225833,0.2544796170199736,0.4636363636363636
A1b,Abilene.gml,500,1,7,34,0.8014781306397963,0.4114815853473027,0.2545373185063573,0.5372727272727272
A1b,Abilene.gml,500,1,7,35,0.7684437226904841,0.31318604091297003,0.2548004904275008,0.45272727272727276
A1b,Abilene.gml,500,1,7,36,0.8594031091916808,0.3916278646533238,0.2547316948149095,0.5390909090909092
A1b,Abilene.gml,500,1,7,37,0.8013594220670215,0.3415752492604478,0.25480877557998904,0.48181818181818187
A1b,Abilene.gml,500,1,7,38,0.8675082767178406,0.41301261351012053,0.2547696360086481,0.56
A1b,Abilene.gml,500,1,7,39,0.875810758142486,0.36821980898132944,0.25493212057517556,0.53
A1b,Abilene.gml,500,1,7,40,0.8675986146009657,0.4788560203416888,0.2552654876995023,0.6018181818181818
A1b,Abilene.gml,500,1,7,41,0.7719211021232152,0.40913725951284347,0.2552201629258596,0.5281818181818182
A1b,Abilene.gml,500,1,7,42,0.7777602781794893,0.40812376189413696,0.25558570956719917,0.5299999999999999
A1b,Abilene.gml,500,1,7,43,0.7685673949457704,0.35513501537233605,0.25597677822483145,0.4854545454545455
A1b,Abilene.gml,500,1,7,44,0.7690242521306239,0.40668125517384685,0.2561856007037447,0.5281818181818182
A1b,Abilene.gml,500,1,7,45,0.8676073892642246,0.3237155893528576,0.25661844211114687,0.49454545454545457
A1b,Abilene.gml,500,1,7,46,0.7772115246069302,0.4285846420982192,0.25653059070520123,0.5418181818181819
A1b,Abilene.gml,500,1,7,47,0.8676899539706927,0.44113740496043335,0.25682579013238044,0.5790909090909091
A1b,Abilene.gml,500,1,7,48,0.7841692038848573,0.31231376143014106,0.2571849114291966,0.45999999999999996
A1b,Abilene.gml,500,1,7,49,0.8433422753115768,0.36629143122554575,0.2574321978207542,0.5218181818181818
A1b,Abilene.gml,500,1,8,0,0.8182777573374905,0.3954289322981444,0.25873534905807216,0.52
A1b,Abilene.gml,500,1,8,1,0.8348312170527226,0.36388648010931024,0.25839531113715725,0.5054545454545455
A1b,Abilene.gml,500,1,8,2,0.8425168122557182,0.4093823320224859,0.2580930293168265,0.5381818181818182
A1b,Abilene.gml,500,1,8,3,0.8426954979325578,0.4090380440729993,0.2577973156497895,0.5381818181818182
A1b,Abilene.gml,500,1,8,4,0.8181170009937859,0.4696090465987466,0.25752741128568424,0.5736363636363636
A1b,Abilene.gml,500,1,8,5,0.8509069038825078,0.36406591511816977,0.2572450989015565,0.5090909090909091
A1b,Abilene.gml,500,1,8,6,0.7851453790889593,0.4538859263094329,0.25701883852495716,0.5545454545454546
A1b,Abilene.gml,500,1,8,7,0.8098535582587932,0.4251322719794683,0.2568635933766298,0.5427272727272728
A1b,Abilene.gml,500,1,8,8,0.8016409127049716,0.39600363808339395,0.25673354618861777,0.5190909090909092
A1b,Abilene.gml,500,1,8,9,0.7772901481972013,0.3610446129595358,0.2565646008811155,0.4872727272727273
A1b,Abilene.gml,500,1,8,10,0.8426020697403089,0.36588221496354834,0.25634948647194006,0.5118181818181818
A1b,Abilene.gml,500,1,8,11,0.7273672536821526,0.2569666281831051,0.25622255366724256,0.39818181818181825
A1b,Abilene.gml,500,1,8,12,0.7851775257006047,0.4595654269193154,0.25603743322718653,0.5609090909090909
A1b,Abilene.gml,500,1,8,13,0.8505813549931418,0.36671458315268823,0.25594236665213715,0.5145454545454545
A1b,Abilene.gml,500,1,8,14,0.824590978062285,0.46882800587380674,0.2558729038204106,0.5772727272727273
A1b,Abilene.gml,500,1,8,15,0.8091572006849748,0.4386906503714256,0.2557454848775013,0.5518181818181819
A1b,Abilene.gml,500,1,8,16,0.8346757994777476,0.4729221147212415,0.25561764034756657,0.5845454545454545
A1b,Abilene.gml,500,1,8,17,0.8262353470851036,0.37033027595351464,0.2555332172882896,0.5127272727272728
A1b,Abilene.gml,500,1,8,18,0.8677660313000474,0.41140931850263746,0.2555389063502882,0.5536363636363637
A1b,Abilene.gml,500,1,8,19,0.7770861666932402,0.47192343196522624,0.25549652763179925,0.5645454545454546
A1b,Abilene.gml,500,1,8,20,0.8832097799101476,0.5089280982555793,0.25534048210619886,0.6272727272727272
A1b,Abilene.gml,500,1,8,21,0.8429040270265947,0.29989302867814543,0.2553400669984639,0.46727272727272723
A1b,Abilene.gml,500,1,8,22,0.8508595811170093,0.4210369056661236,0.2554115966197327,0.5572727272727273
A1b,Abilene.gml,500,1,8,23,0.8388212973783414,0.3673384805346133,0.25550866024770125,0.5163636363636364
A1b,Abilene.gml,500,1,8,24,0.7603013293524455,0.33993968796506774,0.25563126503533184,0.4681818181818182
A1b,Abilene.gml,500,1,8,25,0.8015612204294716,0.425145899773732,0.2555955479087292,0.5463636363636364
A1b,Abilene.gml,500,1,8,26,0.8097417081263445,0.39472979480800807,0.25561705722074063,0.519090909090909
A1b,Abilene.gml,500,1,8,27,0.7770257088506497,0.3303510497255195,0.25561464554304086,0.4690909090909091
A1b,Abilene.gml,500,1,8,28,0.8014785535416028,0.2370285635911544,0.2557030483806154,0.40545454545454546
A1b,Abilene.gml,500,1,8,29,0.8592410585712525,0.4221186003528072,0.2553850342783168,0.56
A1b,Abilene.gml,500,1,8,30,0.8593772795906485,0.35191507344843687,0.2554827511380799,0.5118181818181818
A1b,Abilene.gml,500,1,8,31,0.826306570744607,0.48394899824487486,0.2556590268933817,0.5945454545454546
A1b,Abilene.gml,500,1,8,32,0.8015625860960085,0.42395724113122263,0.25571555591898804,0.5463636363636364
A1b,Abilene.gml,500,1,8,33,0.8020932313698751,0.33097996115324874,0.25581700779510264,0.47818181818181815
A1b,Abilene.gml,500,1,8,34,0.7850942411210844,0.3242071962664163,0.2558804813301362,0.4645454545454546
A1b,Abilene.gml,500,1,8,35,0.7694868701011536,0.32833982559962255,0.255980141001729,0.4645454545454545
A1b,Abilene.gml,500,1,8,36,0.8100584109800202,0.4617895372406728,0.2560699795039184,0.5718181818181818
A1b,Abilene.gml,500,1,8,37,0.8346186751569286,0.38753347081992345,0.2559828538227865,0.5245454545454545
A1b,Abilene.gml,500,1,8,38,0.8018011332203936,0.4186654458195385,0.2558898485478932,0.5427272727272726
A1b,Abilene.gml,500,1,8,39,0.7713943297296049,0.43097059741159566,0.2560717482380074,0.5409090909090909
A1b,Abilene.gml,500,1,8,40,0.7607449093811489,0.34584322018721686,0.256298346986813,0.4736363636363637
A1b,Abilene.gml,500,1,8,41,0.8758029797301341,0.3400256832574314,0.25624885375839634,0.5063636363636365
A1b,Abilene.gml,500,1,8,42,0.8186040720047757,0.4563617589706354,0.2560429561910855,0.5727272727272726
A1b,Abilene.gml,500,1,8,43,0.8511162087641613,0.3397581749316419,0.25629831258482255,0.4972727272727273
A1b,Abilene.gml,500,1,8,44,0.8509020013264734,0.3680203268083035,0.25641423180421685,0.5218181818181816
A1b,Abilene.gml,500,1,8,45,0.7767903460692797,0.27982142833385953,0.2568323345582398,0.43363636363636365
A1b,Abilene.gml,500,1,8,46,0.767671139474169,0.386180754935217,0.2570015489640343,0.5036363636363638
A1b,Abilene.gml,500,1,8,47,0.8016775737658993,0.32846330589914835,0.2572216195766605,0.4763636363636364
A1b,Abilene.gml,500,1,8,48,0.801471100718997,0.4502464580449885,0.2570860041406599,0.5709090909090909
A1b,Abilene.gml,500,1,8,49,0.850645524216207,0.36814114762595557,0.2573350879953227,0.5263636363636365
A1b,Abilene.gml,500,1,9,0,0.8015407197552957,0.43039485323926086,0.25997334722311444,0.5390909090909092
A1b,Abilene.gml,500,1,9,1,0.8424544214062628,0.35889135630526314,0.2596363889036805,0.5
A1b,Abilene.gml,500,1,9,2,0.8427457831163662,0.46990013016491045,0.2593251208777278,0.5790909090909091
A1b,Abilene.gml,500,1,9,3,0.7679267612987993,0.3517679667426915,0.25903981649066543,0.4763636363636364
A1b,Abilene.gml,500,1,9,4,0.8096754705539051,0.4141739018311348,0.25885041583564017,0.530909090909091
A1b,Abilene.gml,500,1,9,5,0.8261114772076116,0.3620734032117962,0.25860700386020213,0.500909090909091
A1b,Abilene.gml,500,1,9,6,0.7849948642204748,0.4384798518580052,0.25838947692634756,0.5418181818181818
A1b,Abilene.gml,500,1,9,7,0.8757685214460288,0.41012234134066944,0.2581400670646229,0.549090909090909
A1b,Abilene.gml,500,1,9,8,0.8013820272267235,0.2796912761259196,0.2579131080131401,0.43727272727272726
A1b,Abilene.gml,500,1,9,9,0.793388281959741,0.45116114931889206,0.25779484861969837,0.5554545454545454
A1b,Abilene.gml,500,1,9,10,0.8757881754784457,0.4444978979957082,0.25767998843617135,0.5745454545454546
A1b,Abilene.gml,500,1,9,11,0.8267125486160816,0.40484271494472635,0.2574144474733631,0.5318181818181817
A1b,Abilene.gml,500,1,9,12,0.7686655122443256,0.44797150589912954,0.25724342327700045,0.5436363636363637
A1b,Abilene.gml,500,1,9,13,0.850937562540934,0.3606271189180782,0.25707002126830997,0.5118181818181818
A1b,Abilene.gml,500,1,9,14,0.8013266361783628,0.4455098208983308,0.2569842740611211,0.5545454545454546
A1b,Abilene.gml,500,1,9,15,0.7768085840467258,0.41228968134001015,0.25692423385605906,0.5227272727272726
A1b,Abilene.gml,500,1,9,16,0.8007536434627109,0.3265261024495208,0.2567628401238608,0.4709090909090909
A1b,Abilene.gml,500,1,9,17,0.8014857675145552,0.447344442541452,0.2566403946637824,0.5572727272727274
A1b,Abilene.gml,500,1,9,18,0.8512278875809016,0.44934944534965576,0.25663955565448193,0.5727272727272728
A1b,Abilene.gml,500,1,9,19,0.8759142641112672,0.3496818682567772,0.25654279984327255,0.510909090909091
A1b,Abilene.gml,500,1,9,20,0.8099569516942502,0.27902329462384245,0.25655952767976803,0.44
A1b,Abilene.gml,500,1,9,21,0.8094868104786932,0.41336254135353984,0.2563516190853514,0.5381818181818181
A1b,Abilene.gml,500,1,9,22,0.7852356703045916,0.2761020253927462,0.2563029705695874,0.4309090909090909
A1b,Abilene.gml,500,1,9,23,0.8016927376241959,0.38049788059667317,0.256251024418684,0.5090909090909091
A1b,Abilene.gml,500,1,9,24,0.8313508217980691,0.4208917300222119,0.2561226393923761,0.5490909090909091
A1b,Abilene.gml,500,1,9,25,0.8098799678775475,0.44095370441136195,0.25605099796582925,0.5554545454545455
A1b,Abilene.gml,500,1,9,26,0.8274554526956085,0.4004434393709613,0.2560599314520011,0.5336363636363637
A1b,Abilene.gml,500,1,9,27,0.8098169482756332,0.4646133981168949,0.25610476084068007,0.5754545454545453
A1b,Abilene.gml,500,1,9,28,0.8506376268677699,0.4816696046898681,0.25615709771383766,0.5963636363636363
A1b,Abilene.gml,500,1,9,29,0.7768599977356093,0.2763077779959174,0.25601340740578576,0.4290909090909091
A1b,Abilene.gml,500,1,9,30,0.8178774101424956,0.4045848753884744,0.2560239485061206,0.5363636363636363
A1b,Abilene.gml,500,1,9,31,0.8174549562099309,0.4067370226010683,0.2562187492739485,0.5372727272727272
A1b,Abilene.gml,500,1,9,32,0.7933496676872497,0.4075024829323659,0.256439152436627,0.5309090909090908
A1b,Abilene.gml,500,1,9,33,0.760350778503581,0.3217914916126473,0.25668517747423303,0.4581818181818181
A1b,Abilene.gml,500,1,9,34,0.8181095960821417,0.37963759548679354,0.2567648717460798,0.5145454545454545
A1b,Abilene.gml,500,1,9,35,0.841489007193762,0.362732467689677,0.2568492851075467,0.5154545454545455
A1b,Abilene.gml,500,1,9,36,0.8255094010626917,0.40715635655441135,0.2571537350878896,0.5363636363636363
A1b,Abilene.gml,500,1,9,37,0.8594701766712923,0.4139219597365882,0.25721917355892493,0.5509090909090909
A1b,Abilene.gml,500,1,9,38,0.7771238419192542,0.43127769095332413,0.25713579158257144,0.5427272727272728
A1b,Abilene.gml,500,1,9,39,0.7600758421033847,0.43179633173022797,0.2571007966757678,0.5318181818181817
A1b,Abilene.gml,500,1,9,40,0.7767924993573788,0.34588934161286206,0.2572522387827881,0.48090909090909084
A1b,Abilene.gml,500,1,9,41,0.8180882546057536,0.2974364652545048,0.25707841508324786,0.46
A1b,Abilene.gml,500,1,9,42,0.8593943617302859,0.34326429637546835,0.257451775740614,0.5081818181818182
A1b,Abilene.gml,500,1,9,43,0.8428918424413191,0.4553627005167449,0.25774425612294344,0.5790909090909091
A1b,Abilene.gml,500,1,9,44,0.7690159861123548,0.4031367515277692,0.25769540269806473,0.5227272727272726
A1b,Abilene.gml,500,1,9,45,0.7928750399368699,0.3608939407858132,0.25795001684937335,0.5
A1b,Abilene.gml,500,1,9,46,0.8840647556202262,0.3380593604557612,0.2580851676856868,0.5118181818181818
A1b,Abilene.gml,500,1,9,47,0.801195009554664,0.39327510302247326,0.25840418697572526,0.5236363636363637
A1b,Abilene.gml,500,1,9,48,0.7602807038641338,0.4140549543223681,0.25865198671671014,0.5272727272727273
A1b,Abilene.gml,500,1,9,49,0.8099073780125241,0.38908745604946904,0.2588390653813895,0.5263636363636364
A1b,Abilene.gml,500,1,10,0,0.8510128856385623,0.3779532409768315,0.25957956793105713,0.5181818181818182
A1b,Abilene.gml,500,1,10,1,0.84278662475731,0.42720275906244526,0.2592779800128122,0.5490909090909091
A1b,Abilene.gml,500,1,10,2,0.8096931784962962,0.4168029725456787,0.25897421405275267,0.5327272727272727
A1b,Abilene.gml,500,1,10,3,0.8261319153266943,0.36416012331426945,0.25869655931415775,0.5018181818181818
A1b,Abilene.gml,500,1,10,4,0.8672144069540515,0.3600242330982551,0.2584201872694567,0.5136363636363637
A1b,Abilene.gml,500,1,10,5,0.8430003821106902,0.41078237493796527,0.25818535862564856,0.5399999999999999
A1b,Abilene.gml,500,1,10,6,0.8261885084088804,0.36580047824633793,0.2579415911924325,0.5045454545454545
A1b,Abilene.gml,500,1,10,7,0.8593021649221743,0.5191174462864768,0.2577157004973008,0.6236363636363637
A1b,Abilene.gml,500,1,10,8,0.8346167219748497,0.4519324805171472,0.25745519527767785,0.5690909090909092
A1b,Abilene.gml,500,1,10,9,0.8179801966911114,0.4257041113426125,0.2573205823267808,0.5454545454545454
A1b,Abilene.gml,500,1,10,10,0.8098251359240533,0.42165822199208947,0.25709926035919545,0.5418181818181819
A1b,Abilene.gml,500,1,10,11,0.8511325506195874,0.3449646347428454,0.25699044424727585,0.49636363636363645
A1b,Abilene.gml,500,1,10,12,0.8016225408345691,0.4430240529141955,0.25679488522185095,0.5527272727272727
A1b,Abilene.gml,500,1,10,13,0.8427709875867546,0.36675587657203984,0.2566530685752215,0.5118181818181818
A1b,Abilene.gml,500,1,10,14,0.8262384418885215,0.3376513640852513,0.2565667760884369,0.48363636363636364
A1b,Abilene.gml,500,1,10,15,0.8098203074212098,0.4682774957406029,0.25633163444149426,0.5745454545454544
A1b,Abilene.gml,500,1,10,16,0.8592190010572992,0.4557040421604108,0.2562729146248869,0.5781818181818182
A1b,Abilene.gml,500,1,10,17,0.8511992698521351,0.5040560997158969,0.256135438080366,0.6127272727272727
A1b,Abilene.gml,500,1,10,18,0.8675217291186308,0.4486177914963852,0.25596212528068335,0.5781818181818182
A1b,Abilene.gml,500,1,10,19,0.8012914051547753,0.45439659819052963,0.25589874320427614,0.5636363636363637
A1b,Abilene.gml,500,1,10,20,0.8096424351828897,0.4212709965523804,0.25590021028580845,0.5427272727272726
A1b,Abilene.gml,500,1,10,21,0.7851595829378749,0.43655896837293856,0.2559272672416612,0.5463636363636364
A1b,Abilene.gml,500,1,10,22,0.8016874515276986,0.4075756706363504,0.2558625147516041,0.5318181818181817
A1b,Abilene.gml,500,1,10,23,0.7851333824098141,0.412943808735567,0.2559322258719009,0.53
A1b,Abilene.gml,500,1,10,24,0.7933188164228017,0.37157960427024866,0.25588020609028655,0.49909090909090903
A1b,Abilene.gml,500,1,10,25,0.8589630719214739,0.5089944362488796,0.25584700897663826,0.6200000000000001
A1b,Abilene.gml,500,1,10,26,0.8423805684686466,0.3700175240754602,0.25589512896092587,0.519090909090909
A1b,Abilene.gml,500,1,10,27,0.7601733521149329,0.4188524445128877,0.25603954853598526,0.5254545454545455
A1b,Abilene.gml,500,1,10,28,0.8590204052021814,0.5073133373952239,0.25586904403574634,0.6200000000000001
A1b,Abilene.gml,500,1,10,29,0.776453456709514,0.35607919738039595,0.25596792674646873,0.48636363636363633
A1b,Abilene.gml,500,1,10,30,0.859276761616518,0.5231432145735325,0.25602861182257863,0.6272727272727272
A1b,Abilene.gml,500,1,10,31,0.818108404040477,0.47301382367300243,0.25596362495051467,0.5836363636363636
A1b,Abilene.gml,500,1,10,32,0.7767806919289281,0.28094416499804614,0.2560591792656029,0.4327272727272727
A1b,Abilene.gml,500,1,10,33,0.8101854733496338,0.450520679049315,0.2560767556112512,0.5672727272727273
A1b,Abilene.gml,500,1,10,34,0.8757158278608782,0.4154845306355868,0.256237998359522,0.5627272727272726
A1b,Abilene.gml,500,1,10,35,0.8023433583636287,0.41312665049689296,0.25637263445836234,0.5399999999999999
A1b,Abilene.gml,500,1,10,36,0.8015508129708436,0.4628015511888417,0.2566543118968218,0.5736363636363636
A1b,Abilene.gml,500,1,10,37,0.7689726915139723,0.4103831860908657,0.2569616265987271,0.5290909090909091
A1b,Abilene.gml,500,1,10,38,0.7520148905183881,0.3217905143152211,0.2572946067318221,0.45363636363636367
A1b,Abilene.gml,500,1,10,39,0.8014840973354359,0.454249189704408,0.2571580827828788,0.5672727272727273
A1b,Abilene.gml,500,1,10,40,0.8100031299830974,0.44366360070300037,0.2575243243736549,0.5627272727272727
A1b,Abilene.gml,500,1,10,41,0.8181536439964062,0.4400841597748262,0.2577831383109458,0.5627272727272727
A1b,Abilene.gml,500,1,10,42,0.7688523190981829,0.4072711978741474,0.25778205714419344,0.5272727272727272
A1b,Abilene.gml,500,1,10,43,0.8100009876316708,0.4407468048350761,0.2581988592534936,0.5618181818181819
A1b,Abilene.gml,500,1,10,44,0.7745267371180762,0.3550777024604731,0.25850964072256516,0.4854545454545454
A1b,Abilene.gml,500,1,10,45,0.7770874305812385,0.403733588486165,0.25867121371285756,0.5281818181818182
A1b,Abilene.gml,500,1,10,46,0.8016423763170912,0.41100570120342356,0.2591471902358238,0.539090909090909
A1b,Abilene.gml,500,1,10,47,0.8015284674148556,0.3528705677230844,0.2594454886290232,0.4881818181818182
A1b,Abilene.gml,500,1,10,48,0.8346442201372116,0.445678232455429,0.25958453256096004,0.5727272727272728
A1b,Abilene.gml,500,1,10,49,0.8015404126084288,0.24301478820082084,0.25969622138232834,0.4154545454545454
A1b,Abilene.gml,500,1,11,0,0.8097634463153927,0.4066033865215212,0.25739394481307937,0.5263636363636364
A1b,Abilene.gml,500,1,11,1,0.7777673545545967,0.44325704194641946,0.25710513446722144,0.5418181818181819
A1b,Abilene.gml,500,1,11,2,0.8346121080537159,0.6276464026277175,0.2568095648010891,0.6854545454545454
A1b,Abilene.gml,500,1,11,3,0.8016130476344496,0.3912185773096368,0.256463421643784,0.5127272727272727
A1b,Abilene.gml,500,1,11,4,0.8012727141581433,0.2939765673122754,0.25620097365525774,0.4472727272727273
A1b,Abilene.gml,500,1,11,5,0.8346525824562452,0.47063336515193205,0.2559513416101558,0.5781818181818182
A1b,Abilene.gml,500,1,11,6,0.793435555860047,0.41838064075048503,0.25568693829785427,0.5309090909090909
A1b,Abilene.gml,500,1,11,7,0.8267884953257394,0.4349546994099764,0.2554518550178544,0.5518181818181819
A1b,Abilene.gml,500,1,11,8,0.8263802118730638,0.453401869330159,0.2551978334698686,0.5672727272727273
A1b,Abilene.gml,500,1,11,9,0.8014487299189766,0.453590488502976,0.2550540396061022,0.5581818181818182
A1b,Abilene.gml,500,1,11,10,0.8049855288097599,0.40620081337726704,0.2548991408796138,0.5263636363636363
A1b,Abilene.gml,500,1,11,11,0.8593480544522856,0.42739358502198976,0.2547392534277784,0.5563636363636365
A1b,Abilene.gml,500,1,11,12,0.8263279836219788,0.3047268342999361,0.25454098988056567,0.4627272727272727
A1b,Abilene.gml,500,1,11,13,0.7521906555518768,0.39265582049348996,0.2544443169057301,0.5036363636363637
A1b,Abilene.gml,500,1,11,14,0.8015143889303264,0.4531732130184787,0.2543423310783443,0.56
A1b,Abilene.gml,500,1,11,15,0.8508825341235154,0.47132188016637494,0.25428673079194436,0.588181818181818
A1b,Abilene.gml,500,1,11,16,0.8170985620075776,0.5255171660524627,0.2541561920955618,0.6190909090909091
A1b,Abilene.gml,500,1,11,17,0.8509989868020817,0.4328131552754101,0.2540327945992632,0.5636363636363637
A1b,Abilene.gml,500,1,11,18,0.7769962628857264,0.464560475143088,0.2540351421646909,0.5636363636363636
A1b,Abilene.gml,500,1,11,19,0.8181552913952195,0.40483541903123216,0.2540327676370968,0.5299999999999999
A1b,Abilene.gml,500,1,11,20,0.8098134030537644,0.3048317771405759,0.25384055124347615,0.45909090909090905
A1b,Abilene.gml,500,1,11,21,0.8098859712781693,0.4511847542690941,0.2538910527925142,0.5627272727272726
A1b,Abilene.gml,500,1,11,22,0.7762661702585166,0.3647397458330083,0.25381542457826023,0.4918181818181818
A1b,Abilene.gml,500,1,11,23,0.867658645606879,0.4426744604274276,0.2537688882229874,0.5736363636363637
A1b,Abilene.gml,500,1,11,24,0.7931853434192774,0.3958893365501419,0.2537506596094243,0.519090909090909
A1b,Abilene.gml,500,1,11,25,0.8510205359491789,0.37062722788654306,0.2537971803226972,0.5199999999999999
A1b,Abilene.gml,500,1,11,26,0.8100840090884318,0.4553760693430316,0.2539377326762591,0.5681818181818182
A1b,Abilene.gml,500,1,11,27,0.8346634317536011,0.4112216142586286,0.2539675966703533,0.5381818181818181
A1b,Abilene.gml,500,1,11,28,0.7930383725071095,0.3973077284917835,0.25366518055686216,0.5218181818181818
A1b,Abilene.gml,500,1,11,29,0.8181287134403754,0.282545408086746,0.253747406855455,0.4472727272727273
A1b,Abilene.gml,500,1,11,30,0.7603063466621365,0.41497915914664174,0.2538553157797403,0.5254545454545455
A1b,Abilene.gml,500,1,11,31,0.7852754762314643,0.4414626913797278,0.25390290798226106,0.549090909090909
A1b,Abilene.gml,500,1,11,32,0.8505530591886635,0.41991074059078654,0.25382257862704755,0.5572727272727273
A1b,Abilene.gml,500,1,11,33,0.7689381078794526,0.41594606095795367,0.2540577771755533,0.5281818181818182
A1b,Abilene.gml,500,1,11,34,0.8591415219873486,0.422904034943817,0.2541277833741614,0.5627272727272726
A1b,Abilene.gml,500,1,11,35,0.833989896578439,0.4459215562921125,0.2542984938729942,0.5690909090909092
A1b,Abilene.gml,500,1,11,36,0.8425633561117383,0.5427473282903237,0.25417544007143483,0.6327272727272727
A1b,Abilene.gml,500,1,11,37,0.8259981417615857,0.41682855294776555,0.25388517917681447,0.549090909090909
A1b,Abilene.gml,500,1,11,38,0.8179240669722966,0.3241478455125359,0.25417963634143065,0.4754545454545455
A1b,Abilene.gml,500,1,11,39,0.8675685786847339,0.4584633783686984,0.25431916340497573,0.5881818181818181
A1b,Abilene.gml,500,1,11,40,0.7930490570739697,0.3330128238236468,0.2544535957271195,0.4763636363636364
A1b,Abilene.gml,500,1,11,41,0.8014474452540689,0.48482005436894693,0.25444547481101315,0.5863636363636363
A1b,Abilene.gml,500,1,11,42,0.7603623190834674,0.3631164424721389,0.25414088706732746,0.48272727272727267
A1b,Abilene.gml,500,1,11,43,0.7769654157169416,0.41519051442766575,0.2540495248090429,0.5336363636363636
A1b,Abilene.gml,500,1,11,44,0.7768480255714084,0.32912204876952683,0.2544121934012312,0.4690909090909091
A1b,Abilene.gml,500,1,11,45,0.8168464093664777,0.320736324072193,0.25466124596949796,0.47363636363636363
A1b,Abilene.gml,500,1,11,46,0.8181710214782411,0.4149054773404284,0.2548714717176809,0.5463636363636363
A1b,Abilene.gml,500,1,11,47,0.8426415913595907,0.3713021470596161,0.25529130183724436,0.5245454545454545
A1b,Abilene.gml,500,1,11,48,0.7691801166917095,0.32048293413294443,0.2557366191039796,0.45999999999999996
A1b,Abilene.gml,500,1,11,49,0.8344680954022056,0.4740558419773792,0.256060044838791,0.5863636363636363
A1b,Abilene.gml,500,1,12,0,0.7688391124258399,0.4398804774250775,0.2576248555351089,0.5363636363636364
A1b,Abilene.gml,500,1,12,1,0.8271656672070171,0.44626276536423154,0.25730145230695983,0.5581818181818181
A1b,Abilene.gml,500,1,12,2,0.8756349717803922,0.46730292506709614,0.2569958628935769,0.5881818181818183
A1b,Abilene.gml,500,1,12,3,0.8675021023712453,0.5084003580440821,0.2566968227400989,0.6145454545454545
A1b,Abilene.gml,500,1,12,4,0.8263538995250801,0.42615235819595987,0.2564075182417309,0.5463636363636364
A1b,Abilene.gml,500,1,12,5,0.7773099946028504,0.44833779846973115,0.2561509171678254,0.5472727272727272
A1b,Abilene.gml,500,1,12,6,0.8505701345227816,0.36994387065659085,0.2559199568457441,0.5154545454545455
A1b,Abilene.gml,500,1,12,7,0.7933592274519541,0.39622308624026664,0.25565378037540865,0.5154545454545455
A1b,Abilene.gml,500,1,12,8,0.8309409434593047,0.4138851084886925,0.2554650469975806,0.5390909090909092
A1b,Abilene.gml,500,1,12,9,0.8346188693959106,0.3373897764956869,0.2552588907884567,0.4890909090909092
A1b,Abilene.gml,500,1,12,10,0.8095875693930151,0.4535911854108326,0.2550610384674558,0.5618181818181818
A1b,Abilene.gml,500,1,12,11,0.8592336133030735,0.37005199228087504,0.2549311298486167,0.52
A1b,Abilene.gml,500,1,12,12,0.7851015846084539,0.37984663614144176,0.25482672733362444,0.5027272727272728
A1b,Abilene.gml,500,1,12,13,0.8592479851357809,0.3691697717435034,0.25458337719189966,0.5190909090909092
A1b,Abilene.gml,500,1,12,14,0.8434057982536366,0.5082127374971592,0.2545118712080882,0.6136363636363636
A1b,Abilene.gml,500,1,12,15,0.8591225173963634,0.3869505200674187,0.2544143706066728,0.5309090909090909
A1b,Abilene.gml,500,1,12,16,0.8261833873483865,0.37190720822940526,0.25428568779498023,0.5127272727272728
A1b,Abilene.gml,500,1,12,17,0.7769786166726376,0.39311342869281773,0.254148306599757,0.5127272727272728
A1b,Abilene.gml,500,1,12,18,0.8425703190095688,0.4287975840911116,0.25409418990480453,0.5572727272727274
A1b,Abilene.gml,500,1,12,19,0.8097088810220382,0.42326103758245376,0.2539221572877258,0.5463636363636363
A1b,Abilene.gml,500,1,12,20,0.8516327330768415,0.4500848221490296,0.25385480255751064,0.5754545454545454
A1b,Abilene.gml,500,1,12,21,0.8096868609278608,0.4228576126500212,0.253784986276877,0.5463636363636363
A1b,Abilene.gml,500,1,12,22,0.7275009912326802,0.31562398408179204,0.2537504874057661,0.44272727272727275
A1b,Abilene.gml,500,1,12,23,0.8266635778894179,0.47861413173022993,0.2537115907677175,0.5872727272727273
A1b,Abilene.gml,500,1,12,24,0.8346515129354934,0.49960739540961113,0.25353431089536643,0.6054545454545455
A1b,Abilene.gml,500,1,12,25,0.8675399323921199,0.4664634617196502,0.2534333521245142,0.5918181818181818
A1b,Abilene.gml,500,1,12,26,0.8096691477213468,0.4224891999520466,0.2533072427673491,0.5454545454545454
A1b,Abilene.gml,500,1,12,27,0.8842049882927892,0.4000480726008172,0.2533270947585929,0.55
A1b,Abilene.gml,500,1,12,28,0.7604601361311623,0.42332727430149536,0.2532420654504939,0.5309090909090909
A1b,Abilene.gml,500,1,12,29,0.8593543817880743,0.35549507100422084,0.2532244636915331,0.5099999999999999
A1b,Abilene.gml,500,1,12,30,0.7765401723037498,0.41020494614905517,0.25337689945820857,0.519090909090909
A1b,Abilene.gml,500,1,12,31,0.8013363272702655,0.4413253663546359,0.2533414447732812,0.5509090909090909
A1b,Abilene.gml,500,1,12,32,0.7610280702269002,0.35882532827534164,0.2531947690574264,0.47818181818181815
A1b,Abilene.gml,500,1,12,33,0.76843411546718,0.332070532174983,0.253045654728922,0.46636363636363637
A1b,Abilene.gml,500,1,12,34,0.8510254692816317,0.44845594081429074,0.25308980201139236,0.5772727272727273
A1b,Abilene.gml,500,1,12,35,0.8015550524638422,0.45989949730904517,0.2531387369760926,0.5709090909090908
A1b,Abilene.gml,500,1,12,36,0.859083119967756,0.42017052643762437,0.25337576830880393,0.5527272727272728
A1b,Abilene.gml,500,1,12,37,0.8093867395024259,0.4584809293115757,0.2532867135537451,0.5745454545454545
A1b,Abilene.gml,500,1,12,38,0.7934065377890659,0.3731648549549258,0.2534116269601904,0.5063636363636363
A1b,Abilene.gml,500,1,12,39,0.8345808951184651,0.4904966408649189,0.25346788925137764,0.6036363636363636
A1b,Abilene.gml,500,1,12,40,0.8428278193688116,0.3433640324827463,0.2535906427768611,0.49636363636363634
A1b,Abilene.gml,500,1,12,41,0.7842478900150486,0.36458480584232045,0.2536949691608372,0.4936363636363636
A1b,Abilene.gml,500,1,12,42,0.810049051634314,0.4523595767289876,0.25363631193721986,0.5681818181818181
A1b,Abilene.gml,500,1,12,43,0.8344983919390113,0.3795145783783775,0.25383500933546516,0.5272727272727272
A1b,Abilene.gml,500,1,12,44,0.8444162247124418,0.4261608926203879,0.25419081817747485,0.5618181818181819
A1b,Abilene.gml,500,1,12,45,0.8511671524341223,0.46651987481618024,0.25435943891282364,0.5909090909090908
A1b,Abilene.gml,500,1,12,46,0.7690063695288164,0.414014095167272,0.2543517853943991,0.5327272727272727
A1b,Abilene.gml,500,1,12,47,0.8100102574894978,0.44742855405867066,0.2547561198634958,0.5654545454545454
A1b,Abilene.gml,500,1,12,48,0.776916289597553,0.411682169929002,0.25503618981273835,0.5345454545454547
A1b,Abilene.gml,500,1,12,49,0.8513095852510517,0.47246207395095996,0.2554824318842687,0.5981818181818181
A1b,Abilene.gml,500,1,13,0,0.8096069213357012,0.2764548666197464,0.25801948341278624,0.43454545454545457
A1b,Abilene.gml,500,1,13,1,0.8429647426432934,0.5289817395615631,0.2577070140535224,0.62
A1b,Abilene.gml,500,1,13,2,0.7769371032830766,0.4403902442592152,0.25740872226449235,0.540909090909091
A1b,Abilene.gml,500,1,13,3,0.826167566732558,0.3964627461500772,0.25713591635860433,0.5254545454545455
A1b,Abilene.gml,500,1,13,4,0.801605223155298,0.3887620251441984,0.2568861666594034,0.5118181818181818
A1b,Abilene.gml,500,1,13,5,0.7520280745541812,0.2708242860704577,0.2566557384409542,0.41545454545454547
A1b,Abilene.gml,500,1,13,6,0.7851705025330591,0.4512378467098669,0.25644156181251615,0.5518181818181818
A1b,Abilene.gml,500,1,13,7,0.8510337155360493,0.42141073827107783,0.2562899473821709,0.5518181818181819
A1b,Abilene.gml,500,1,13,8,0.8093164118623434,0.5309319008659713,0.25606242528587864,0.6154545454545455
A1b,Abilene.gml,500,1,13,9,0.8595288113061362,0.31132932249041795,0.25585908970322746,0.4763636363636364
A1b,Abilene.gml,500,1,13,10,0.8098892984460728,0.44268180821562014,0.2556594558579033,0.5536363636363636
A1b,Abilene.gml,500,1,13,11,0.8511215364876666,0.39738295748158436,0.2554793028209294,0.5363636363636364
A1b,Abilene.gml,500,1,13,12,0.8263572489440782,0.3983647025707209,0.2553637619887847,0.5281818181818182
A1b,Abilene.gml,500,1,13,13,0.8594302917675859,0.3347190971026351,0.25527376908692206,0.49636363636363634
A1b,Abilene.gml,500,1,13,14,0.785193542553206,0.45342849840161503,0.2550889018000688,0.5572727272727274
A1b,Abilene.gml,500,1,13,15,0.82668809217155,0.40806844420694105,0.25503717168032425,0.5354545454545455
A1b,Abilene.gml,500,1,13,16,0.8263754377927642,0.4639815239580312,0.2549402616644834,0.5754545454545454
A1b,Abilene.gml,500,1,13,17,0.8266293752297259,0.4012508259132286,0.2547787676234663,0.5318181818181817
A1b,Abilene.gml,500,1,13,18,0.8015617887897086,0.30189630901105224,0.2546966517572,0.45363636363636367
A1b,Abilene.gml,500,1,13,19,0.8757576128084321,0.4230722407390541,0.25456471326086594,0.5645454545454546
A1b,Abilene.gml,500,1,13,20,0.792356803170481,0.39107470159865565,0.2545891231113266,0.5154545454545455
A1b,Abilene.gml,500,1,13,21,0.8512322590853987,0.47555634462111435,0.25444438430943694,0.5936363636363636
A1b,Abilene.gml,500,1,13,22,0.7843890742850369,0.38725373831463367,0.2544455379643011,0.5109090909090909
A1b,Abilene.gml,500,1,13,23,0.8016983793381417,0.40547073743821005,0.25445548378028343,0.5309090909090909
A1b,Abilene.gml,500,1,13,24,0.7940733209371733,0.4261193768097431,0.2545447066944666,0.5418181818181819
A1b,Abilene.gml,500,1,13,25,0.8263239356163112,0.4602261828856519,0.2544566042276433,0.5745454545454545
A1b,Abilene.gml,500,1,13,26,0.8426384205534359,0.4207140261326636,0.254441956000483,0.5554545454545455
A1b,Abilene.gml,500,1,13,27,0.8427131540999789,0.46256304472576276,0.25458907420007876,0.5818181818181819
A1b,Abilene.gml,500,1,13,28,0.7850846912555756,0.282032667930179,0.25450229565820326,0.4354545454545455
A1b,Abilene.gml,500,1,13,29,0.80129227666377,0.4370688995774078,0.25448946439639764,0.5527272727272727
A1b,Abilene.gml,500,1,13,30,0.8510465845511416,0.42949846021942356,0.2545697815064996,0.5618181818181818
A1b,Abilene.gml,500,1,13,31,0.8026737603295466,0.4432572116704785,0.2546755475630413,0.5609090909090909
A1b,Abilene.gml,500,1,13,32,0.8594372976121479,0.40550529845359423,0.2549058352764801,0.5481818181818182
A1b,Abilene.gml,500,1,13,33,0.7850931606627843,0.36527038155412817,0.25505531132181447,0.4945454545454545
A1b,Abilene.gml,500,1,13,34,0.8261505029812771,0.36048175469069915,0.25502820188789455,0.5
A1b,Abilene.gml,500,1,13,35,0.7447479587826262,0.4087368098496414,0.25493982136637877,0.5172727272727272
A1b,Abilene.gml,500,1,13,36,0.8592786698596627,0.46650198635458295,0.2550553414981995,0.5927272727272727
A1b,Abilene.gml,500,1,13,37,0.8593881620537693,0.3089905642139824,0.25510469424594,0.48363636363636364
A1b,Abilene.gml,500,1,13,38,0.8428930305372296,0.42481876938772734,0.2552628880881403,0.5545454545454546
A1b,Abilene.gml,500,1,13,39,0.8098150530193329,0.30463662084370496,0.2554159662832315,0.45818181818181825
A1b,Abilene.gml,500,1,13,40,0.8098959383932318,0.5900646337724074,0.25556004910313274,0.6618181818181819
A1b,Abilene.gml,500,1,13,41,0.7933310585471126,0.46820003807771365,0.2556293776131021,0.5772727272727273
A1b,Abilene.gml,500,1,13,42,0.8098295335947058,0.3057095039943405,0.256005624274403,0.46090909090909093
A1b,Abilene.gml,500,1,13,43,0.8841678363334428,0.42996591225494246,0.2561969478624668,0.5718181818181818
A1b,Abilene.gml,500,1,13,44,0.7607324648322634,0.2842892737031894,0.25617792795778127,0.4309090909090909
A1b,Abilene.gml,500,1,13,45,0.7933750607675826,0.3708054167999916,0.2563990279599079,0.5027272727272728
A1b,Abilene.gml,500,1,13,46,0.8425692228154944,0.36718080113853163,0.25647239658267584,0.520909090909091
A1b,Abilene.gml,500,1,13,47,0.7931807365986412,0.3220766462097727,0.25692033653283747,0.47
A1b,Abilene.gml,500,1,13,48,0.8486764597800345,0.44735173183015037,0.25715941732140757,0.5772727272727273
A1b,Abilene.gml,500,1,13,49,0.8347195758838724,0.3946614277231847,0.2575085007740386,0.5363636363636364
A1b,Abilene.gml,500,1,14,0,0.8346177885773952,0.380715480944124,0.25872042679612567,0.5163636363636365
A1b,Abilene.gml,500,1,14,1,0.842922902755096,0.4243395551601918,0.2583996951826497,0.5490909090909091
A1b,Abilene.gml,500,1,14,2,0.7771634757183045,0.4462738457849701,0.25808718606678527,0.5445454545454546
A1b,Abilene.gml,500,1,14,3,0.8592115384438312,0.5012346825771,0.257800516920439,0.6063636363636363
A1b,Abilene.gml,500,1,14,4,0.8181251077501052,0.47196558766959207,0.257523379542015,0.5754545454545453
A1b,Abilene.gml,500,1,14,5,0.8428642273819527,0.5077906142710064,0.25727692720134515,0.6072727272727273
A1b,Abilene.gml,500,1,14,6,0.8095908089645427,0.5294363372450599,0.25703328269791004,0.6145454545454545
A1b,Abilene.gml,500,1,14,7,0.7600363078053907,0.3544550428670104,0.256792527871343,0.4763636363636364
A1b,Abilene.gml,500,1,14,8,0.8510854860928515,0.36832195168583043,0.25652244421546305,0.5145454545454545
A1b,Abilene.gml,500,1,14,9,0.8508235798666284,0.42518173176735163,0.25630896355810834,0.5554545454545455
A1b,Abilene.gml,500,1,14,10,0.8508801157789048,0.42505573368837923,0.25614842073884597,0.5554545454545455
A1b,Abilene.gml,500,1,14,11,0.8343812593116734,0.4623009600906746,0.2560135088159393,0.5754545454545456
A1b,Abilene.gml,500,1,14,12,0.8840818741253131,0.41532824669578866,0.2558614197125845,0.56
A1b,Abilene.gml,500,1,14,13,0.7758867215944026,0.41417200181184827,0.25573493196011127,0.5263636363636363
A1b,Abilene.gml,500,1,14,14,0.7521058730504321,0.43461709240009444,0.2555918055594691,0.5336363636363637
A1b,Abilene.gml,500,1,14,15,0.8014503527957285,0.4818517115756805,0.2553644359609523,0.5827272727272728
A1b,Abilene.gml,500,1,14,16,0.8592359258964681,0.5076801742945243,0.25525248097725567,0.6154545454545454
A1b,Abilene.gml,500,1,14,17,0.8098024016646757,0.43931749793761593,0.2551643640884306,0.5536363636363636
A1b,Abilene.gml,500,1,14,18,0.8678449269952384,0.37410550558106803,0.2550827091815072,0.5245454545454545
A1b,Abilene.gml,500,1,14,19,0.8426212108410236,0.45285980045911534,0.25477466962142153,0.5690909090909091
A1b,Abilene.gml,500,1,14,20,0.760472553982661,0.3735832003280718,0.25451690618236644,0.4890909090909091
A1b,Abilene.gml,500,1,14,21,0.7932868844162588,0.4636968306002272,0.2543795198789514,0.5681818181818182
A1b,Abilene.gml,500,1,14,22,0.8757845762681872,0.426362363360497,0.2543499143584402,0.5672727272727273
A1b,Abilene.gml,500,1,14,23,0.8345980692467552,0.4451730467769995,0.2543753385637047,0.5690909090909091
A1b,Abilene.gml,500,1,14,24,0.8509604530799719,0.3733389437420938,0.2543643738588906,0.5236363636363636
A1b,Abilene.gml,500,1,14,25,0.752074852058961,0.3640307206149451,0.25443196722165856,0.4827272727272728
A1b,Abilene.gml,500,1,14,26,0.8835442538908282,0.4146087988634784,0.25435177063298303,0.5618181818181819
A1b,Abilene.gml,500,1,14,27,0.8512975144585414,0.46475571061100496,0.25439255262069466,0.5881818181818183
A1b,Abilene.gml,500,1,14,28,0.8842470300771622,0.487967553691734,0.2544587697854696,0.6127272727272728
A1b,Abilene.gml,500,1,14,29,0.7851264594936861,0.4772404244008522,0.25437521556828513,0.5736363636363636
A1b,Abilene.gml,500,1,14,30,0.8098987801915875,0.4274775176150861,0.2540358913659991,0.5509090909090909
A1b,Abilene.gml,500,1,14,31,0.8263053591647495,0.37457037959326517,0.2541108221739666,0.519090909090909
A1b,Abilene.gml,500,1,14,32,0.818127240799377,0.5194778197555695,0.2541513991390273,0.6154545454545455
A1b,Abilene.gml,500,1,14,33,0.8593172760272061,0.42695681331309565,0.2541537038905504,0.5636363636363636
A1b,Abilene.gml,500,1,14,34,0.7526330680349745,0.32483149067585004,0.25411459202777836,0.45272727272727276
A1b,Abilene.gml,500,1,14,35,0.8109204172619949,0.4545134899289911,0.25411436701107915,0.5700000000000001
A1b,Abilene.gml,500,1,14,36,0.8428054087471487,0.4270707246363369,0.2542825667322576,0.5636363636363636
A1b,Abilene.gml,500,1,14,37,0.7851226882458989,0.3894142393854914,0.2545093596437736,0.5163636363636365
A1b,Abilene.gml,500,1,14,38,0.8098091999216827,0.4358628963320777,0.25452066380884847,0.5581818181818182
A1b,Abilene.gml,500,1,14,39,0.8264004411713392,0.4036941984369914,0.25455741890988764,0.5363636363636364
A1b,Abilene.gml,500,1,14,40,0.8015795490517502,0.41491695646771026,0.25458780913465867,0.5399999999999999
A1b,Abilene.gml,500,1,14,41,0.7604239961884481,0.31004925097294417,0.2548650113637257,0.44909090909090904
A1b,Abilene.gml,500,1,14,42,0.7767800727086843,0.4089035159246581,0.2547852475766218,0.53
A1b,Abilene.gml,500,1,14,43,0.8187042504782833,0.32069410711920054,0.2549839771346816,0.4736363636363637
A1b,Abilene.gml,500,1,14,44,0.8923579541915739,0.4137074314455384,0.2550739486534719,0.5663636363636363
A1b,Abilene.gml,500,1,14,45,0.8842325231590066,0.4096060870071503,0.25534809781622314,0.5618181818181818
A1b,Abilene.gml,500,1,14,46,0.7442829260165847,0.3937382522609655,0.25564775437383963,0.4981818181818182
A1b,Abilene.gml,500,1,14,47,0.801576406582912,0.45855596890587635,0.2557449996731257,0.5690909090909091
A1b,Abilene.gml,500,1,14,48,0.8345718467038998,0.5157478130436135,0.25596714386171776,0.6272727272727272
A1b,Abilene.gml,500,1,14,49,0.8433620851824152,0.5291463033583897,0.2559683629933307,0.6345454545454546
A1b,Abilene.gml,500,1,15,0,0.8270426921117369,0.4085704964592416,0.25975721157567905,0.5336363636363637
A1b,Abilene.gml,500,1,15,1,0.785040632056489,0.44488502303668886,0.2594428354436072,0.5472727272727274
A1b,Abilene.gml,500,1,15,2,0.8346373120117491,0.502337667706387,0.25914061993089393,0.5990909090909091
A1b,Abilene.gml,500,1,15,3,0.8511363955036988,0.4225865483856132,0.25884946340874515,0.5527272727272728
A1b,Abilene.gml,500,1,15,4,0.8342279021419933,0.48520476645820276,0.25857007999955495,0.59
A1b,Abilene.gml,500,1,15,5,0.8418891279093863,0.40981823421888763,0.2583085072982281,0.5372727272727272
A1b,Abilene.gml,500,1,15,6,0.834592934451231,0.4339243876288151,0.25807814005862595,0.5545454545454546
A1b,Abilene.gml,500,1,15,7,0.8799563863256415,0.41332760463013307,0.2578402580945504,0.5545454545454547
A1b,Abilene.gml,500,1,15,8,0.8018726544314346,0.4632832657538474,0.25765242771795616,0.5672727272727273
A1b,Abilene.gml,500,1,15,9,0.8346139504982939,0.45146381883030656,0.25742860827302433,0.5690909090909092
A1b,Abilene.gml,500,1,15,10,0.851368463371649,0.3899853128078236,0.2572861191057919,0.5309090909090909
A1b,Abilene.gml,500,1,15,11,0.8601341891895018,0.39127263084599895,0.2570747532939443,0.5345454545454547
A1b,Abilene.gml,500,1,15,12,0.789361990349065,0.4508024913542744,0.2568891160940073,0.5554545454545454
A1b,Abilene.gml,500,1,15,13,0.8512835857461493,0.4106329185012022,0.2566968868847941,0.5463636363636364
A1b,Abilene.gml,500,1,15,14,0.8429086051248068,0.5356029484774582,0.25658065521686574,0.6327272727272728
A1b,Abilene.gml,500,1,15,15,0.8014520959906221,0.42233456828379895,0.2564397920317005,0.5390909090909091
A1b,Abilene.gml,500,1,15,16,0.8833832561192928,0.41616449733145094,0.25635065643344873,0.560909090909091
A1b,Abilene.gml,500,1,15,17,0.8592720611619334,0.5219410712864275,0.25629363758768775,0.6281818181818183
A1b,Abilene.gml,500,1,15,18,0.8015291174258201,0.26590002260278084,0.25617132571938955,0.4254545454545454
A1b,Abilene.gml,500,1,15,19,0.7601388435276715,0.3591210766301795,0.2559202729026367,0.47909090909090907
A1b,Abilene.gml,500,1,15,20,0.7769804448535144,0.4535825109398978,0.2557369025406545,0.5545454545454546
A1b,Abilene.gml,500,1,15,21,0.8433531791888214,0.6114295663388731,0.25572072305564525,0.6863636363636364
A1b,Abilene.gml,500,1,15,22,0.8180814259659406,0.3477449685922685,0.2556958094228913,0.49545454545454554
A1b,Abilene.gml,500,1,15,23,0.8262320440386841,0.430169588091459,0.2555916950110515,0.5554545454545455
A1b,Abilene.gml,500,1,15,24,0.8179549315742303,0.3040602821070816,0.25554275257583625,0.4609090909090909
A1b,Abilene.gml,500,1,15,25,0.8098878473889094,0.43078010109406717,0.25560224347102306,0.5518181818181818
A1b,Abilene.gml,500,1,15,26,0.8345690299101935,0.37126968222696954,0.255619423212164,0.5118181818181818
A1b,Abilene.gml,500,1,15,27,0.8095480459003734,0.41959198950069027,0.25554191618743377,0.5445454545454544
A1b,Abilene.gml,500,1,15,28,0.8510414773904637,0.430491501737111,0.2556586795455365,0.5663636363636363
A1b,Abilene.gml,500,1,15,29,0.8181453025332067,0.3177733983475462,0.2558009970952579,0.47090909090909094
A1b,Abilene.gml,500,1,15,30,0.8511603717337505,0.39571588026359944,0.2556956942767205,0.5399999999999999
A1b,Abilene.gml,500,1,15,31,0.8097706884039994,0.3978901337900705,0.25575098081214914,0.5227272727272727
A1b,Abilene.gml,500,1,15,32,0.8263387734569314,0.4527258116901909,0.25575364130200345,0.5709090909090909
A1b,Abilene.gml,500,1,15,33,0.8347985324390177,0.4085337562584323,0.2558489795991142,0.5454545454545454
A1b,Abilene.gml,500,1,15,34,0.7799427316505242,0.41666747955048533,0.25599095695934243,0.5354545454545454
A1b,Abilene.gml,500,1,15,35,0.8755837610247285,0.4884697709224536,0.256230912110539,0.6127272727272727
A1b,Abilene.gml,500,1,15,36,0.8263815544930592,0.3728134324262636,0.2563085760886535,0.519090909090909
A1b,Abilene.gml,500,1,15,37,0.8510492448585579,0.4292733988061602,0.25658153495613667,0.5672727272727273
A1b,Abilene.gml,500,1,15,38,0.7602683666239948,0.36532694069242116,0.2567088923462201,0.48636363636363633
A1b,Abilene.gml,500,1,15,39,0.8594114621272078,0.46372925394249614,0.25680814146974257,0.589090909090909
A1b,Abilene.gml,500,1,15,40,0.8345430651770211,0.40737620624047466,0.2564589595045851,0.5454545454545454
A1b,Abilene.gml,500,1,15,41,0.8344670876676208,0.4825409802368899,0.2566789116396694,0.5972727272727273
A1b,Abilene.gml,500,1,15,42,0.8100024381621099,0.4505917607441537,0.25689439599791486,0.5700000000000001
A1b,Abilene.gml,500,1,15,43,0.8097845518335833,0.442617936414355,0.25714765183181615,0.5627272727272727
A1b,Abilene.gml,500,1,15,44,0.8263178151219723,0.5198981945065044,0.25743364071227465,0.620909090909091
A1b,Abilene.gml,500,1,15,45,0.8347392464058935,0.5315296213316714,0.25773043386270356,0.6318181818181818
A1b,Abilene.gml,500,1,15,46,0.7520700816042353,0.46714973594295367,0.2580529703772037,0.5545454545454546
A1b,Abilene.gml,500,1,15,47,0.7932415651522023,0.4613147797160259,0.2577171644998721,0.5754545454545454
A1b,Abilene.gml,500,1,15,48,0.8022127517879544,0.3569977722215633,0.2581431299785864,0.49272727272727274
A1b,Abilene.gml,500,1,15,49,0.8192731807361855,0.4120959125123686,0.2581034227320728,0.5472727272727272
A1b,Abilene.gml,500,1,16,0,0.8264987259810969,0.359456326268884,0.2594956692698687,0.49636363636363645
A1b,Abilene.gml,500,1,16,1,0.8097909493829913,0.455091610018272,0.25920321209189806,0.5609090909090909
A1b,Abilene.gml,500,1,16,2,0.8263557448804236,0.4625410159050572,0.25899407728197954,0.5736363636363636
A1b,Abilene.gml,500,1,16,3,0.75215825964211,0.38239353860291225,0.2588152888113129,0.4936363636363637
A1b,Abilene.gml,500,1,16,4,0.8756265480649545,0.4596432353169631,0.25864531398776,0.5818181818181819
A1b,Abilene.gml,500,1,16,5,0.8262852197134068,0.38992397104760956,0.25833454233769876,0.5218181818181818
A1b,Abilene.gml,500,1,16,6,0.883017397950995,0.4227792947862026,0.2581228853835285,0.56
A1b,Abilene.gml,500,1,16,7,0.8413830392255451,0.3849938250919864,0.2578318660346943,0.5218181818181818
A1b,Abilene.gml,500,1,16,8,0.8591445823784188,0.5145050510882258,0.25759214887102266,0.6172727272727273
A1b,Abilene.gml,500,1,16,9,0.7933682998722016,0.35728115456888804,0.2573338834572097,0.4890909090909091
A1b,Abilene.gml,500,1,16,10,0.8462053309992751,0.3095593182959255,0.25713660064636196,0.47181818181818186
A1b,Abilene.gml,500,1,16,11,0.7851295518953151,0.4483846079046797,0.25692190720351465,0.5518181818181819
A1b,Abilene.gml,500,1,16,12,0.8015946685276752,0.39463688356315296,0.2568125411535663,0.5181818181818182
A1b,Abilene.gml,500,1,16,13,0.75991983969528,0.41253214285739953,0.2567070940308307,0.52
A1b,Abilene.gml,500,1,16,14,0.8021061665594352,0.4597101161344436,0.2564453019847574,0.5636363636363637
A1b,Abilene.gml,500,1,16,15,0.7851744167942855,0.4581406901065732,0.2563138054468063,0.5609090909090909
A1b,Abilene.gml,500,1,16,16,0.8088948259485906,0.22047640370207605,0.25625953909362464,0.3981818181818182
A1b,Abilene.gml,500,1,16,17,0.851017117088951,0.45535853138456517,0.2561125244672484,0.5763636363636363
A1b,Abilene.gml,500,1,16,18,0.8094630593809445,0.3665672247275733,0.2559960841675362,0.5018181818181818
A1b,Abilene.gml,500,1,16,19,0.8346915066795666,0.47209505528756934,0.2558855224182827,0.5845454545454546
A1b,Abilene.gml,500,1,16,20,0.7755426398621268,0.3363162675974341,0.25581816245810934,0.469090909090909
A1b,Abilene.gml,500,1,16,21,0.8508487466830155,0.4215616388693367,0.2557097671145838,0.5572727272727273
A1b,Abilene.gml,500,1,16,22,0.8428162480557596,0.4001922032130917,0.255752306791226,0.5381818181818182
A1b,Abilene.gml,500,1,16,23,0.8172518196305204,0.35659487408819157,0.25560338111590597,0.49636363636363634
A1b,Abilene.gml,500,1,16,24,0.7685407950404333,0.45091153967981584,0.25555035547325045,0.5509090909090909
A1b,Abilene.gml,500,1,16,25,0.7357362148808889,0.33815727647262644,0.25550277657827586,0.45909090909090916
A1b,Abilene.gml,500,1,16,26,0.8359852726071332,0.36723143355430116,0.2554310609501154,0.5145454545454545
A1b,Abilene.gml,500,1,16,27,0.8264184147178781,0.4095917265930646,0.2555458067392964,0.5345454545454545
A1b,Abilene.gml,500,1,16,28,0.842847199389503,0.37490060570099504,0.2552542843538329,0.519090909090909
A1b,Abilene.gml,500,1,16,29,0.8101933874513695,0.4517607212906905,0.25516179808886635,0.5654545454545455
A1b,Abilene.gml,500,1,16,30,0.7767189275425338,0.3833581700884302,0.2552305437712255,0.5063636363636365
A1b,Abilene.gml,500,1,16,31,0.8591089341292698,0.501314895703466,0.2553925644568072,0.6145454545454545
A1b,Abilene.gml,500,1,16,32,0.8592582139084993,0.45042774804132607,0.2555032654115664,0.58
A1b,Abilene.gml,500,1,16,33,0.7769019851611155,0.4500790962250603,0.2555154150032942,0.5581818181818181
A1b,Abilene.gml,500,1,16,34,0.745070743622668,0.3886402373038688,0.2556176430347889,0.49727272727272726
A1b,Abilene.gml,500,1,16,35,0.8100435297835106,0.4492841647180353,0.25554463118247805,0.5645454545454546
A1b,Abilene.gml,500,1,16,36,0.78497903632368,0.36947670633128865,0.25569932820215485,0.49727272727272726
A1b,Abilene.gml,500,1,16,37,0.8184826773485252,0.48150320940284047,0.25566118632849144,0.5881818181818181
A1b,Abilene.gml,500,1,16,38,0.7520216436421204,0.3580593845492073,0.2555886847723569,0.48000000000000004
A1b,Abilene.gml,500,1,16,39,0.8593706147891919,0.45647737973276237,0.2557493659446683,0.5809090909090909
A1b,Abilene.gml,500,1,16,40,0.7773012748321926,0.4095876026378004,0.2556540264563151,0.5290909090909091
A1b,Abilene.gml,500,1,16,41,0.8179719994624903,0.46072653068676456,0.25580099976731085,0.5727272727272728
A1b,Abilene.gml,500,1,16,42,0.8021030869527886,0.4130591206622152,0.2557607752913394,0.5390909090909091
A1b,Abilene.gml,500,1,16,43,0.818501195321479,0.4797867714343724,0.2560791663817221,0.5872727272727273
A1b,Abilene.gml,500,1,16,44,0.8582572075952103,0.4508464161903005,0.25607071726635444,0.5845454545454545
A1b,Abilene.gml,500,1,16,45,0.7114551551863465,0.4074815035333892,0.2562748121916027,0.5081818181818182
A1b,Abilene.gml,500,1,16,46,0.8758471328622051,0.39394075129715156,0.2562836832238053,0.5409090909090909
A1b,Abilene.gml,500,1,16,47,0.7933281375149247,0.4830200479169158,0.25618446319142607,0.5790909090909091
A1b,Abilene.gml,500,1,16,48,0.8004483114045889,0.36923805898291584,0.25623695450219697,0.500909090909091
A1b,Abilene.gml,500,1,16,49,0.8016165024850636,0.4177278259135813,0.25608231973205814,0.5454545454545454
A1b,Abilene.gml,500,1,17,0,0.8429336579873198,0.4039412292282615,0.25824191417577186,0.5309090909090909
A1b,Abilene.gml,500,1,17,1,0.8345934603366374,0.32828314210534987,0.25792132957947844,0.4772727272727273
A1b,Abilene.gml,500,1,17,2,0.7851668473653656,0.44057873933230024,0.2575942531889838,0.5427272727272728
A1b,Abilene.gml,500,1,17,3,0.7768877114748322,0.3800724542049896,0.25729483688291904,0.4981818181818181
A1b,Abilene.gml,500,1,17,4,0.842857819873113,0.4688742088017435,0.25702118000217317,0.5800000000000001
A1b,Abilene.gml,500,1,17,5,0.7686633627279373,0.44169841318161823,0.2567712927487741,0.5399999999999999
A1b,Abilene.gml,500,1,17,6,0.8426924305157879,0.6393688074789609,0.2565399673233377,0.6990909090909091
A1b,Abilene.gml,500,1,17,7,0.8463316654425924,0.5728659162865345,0.2562924791417586,0.6536363636363636
A1b,Abilene.gml,500,1,17,8,0.8262692249312731,0.36442504246737956,0.2561018443444636,0.5027272727272728
A1b,Abilene.gml,500,1,17,9,0.8592494283266796,0.49779433722109334,0.2558445767657029,0.6081818181818183
A1b,Abilene.gml,500,1,17,10,0.8344493691241787,0.4769375489552251,0.2556869397055037,0.5845454545454546
A1b,Abilene.gml,500,1,17,11,0.8262620199400424,0.36919067477853146,0.2554494114217553,0.5081818181818182
A1b,Abilene.gml,500,1,17,12,0.7685068190270282,0.3859064842343857,0.2553267595466597,0.5009090909090909
A1b,Abilene.gml,500,1,17,13,0.8593587557183107,0.4922156973789898,0.2551258146979451,0.6045454545454546
A1b,Abilene.gml,500,1,17,14,0.8016070185903654,0.3535946102179019,0.25497654353796284,0.49090909090909096
A1b,Abilene.gml,500,1,17,15,0.7933238658752729,0.41872054618938925,0.25490211587174905,0.5345454545454547
A1b,Abilene.gml,500,1,17,16,0.7685877962474194,0.39457936058174725,0.2547437495967126,0.5045454545454546
A1b,Abilene.gml,500,1,17,17,0.826241898440204,0.4720469914428703,0.25452653476914655,0.5809090909090909
A1b,Abilene.gml,500,1,17,18,0.7768491635562523,0.44627149557347096,0.2544101305936383,0.5481818181818182
A1b,Abilene.gml,500,1,17,19,0.8511582840880145,0.4926902307244776,0.2542250846479869,0.6027272727272727
A1b,Abilene.gml,500,1,17,20,0.7440621345621565,0.433711484104642,0.2540591718361583,0.5290909090909092
A1b,Abilene.gml,500,1,17,21,0.7935245331704177,0.45586113379528276,0.253842584327484,0.5590909090909091
A1b,Abilene.gml,500,1,17,22,0.7769924124802792,0.42412320458654235,0.253802559832937,0.5309090909090909
A1b,Abilene.gml,500,1,17,23,0.8174907589070318,0.37872105551410534,0.2536679873267543,0.5127272727272727
A1b,Abilene.gml,500,1,17,24,0.8593128654155362,0.45490294542485654,0.2535587950765549,0.5809090909090909
A1b,Abilene.gml,500,1,17,25,0.842812745106567,0.4580689426156173,0.25348400017248834,0.5781818181818181
A1b,Abilene.gml,500,1,17,26,0.7770374906611053,0.4562394062793691,0.2535239079487685,0.5581818181818182
A1b,Abilene.gml,500,1,17,27,0.7933030181423021,0.3027139993375334,0.2536001025832823,0.450909090909091
A1b,Abilene.gml,500,1,17,28,0.8097427468647642,0.5299485296192454,0.25358026319920324,0.6218181818181818
A1b,Abilene.gml,500,1,17,29,0.8428839126306784,0.40916345625429834,0.25361515931611334,0.5436363636363636
A1b,Abilene.gml,500,1,17,30,0.760295153883893,0.36622999496788433,0.2536258542475602,0.4881818181818182
A1b,Abilene.gml,500,1,17,31,0.859722153592945,0.44737629384672145,0.2536315602979445,0.5754545454545454
A1b,Abilene.gml,500,1,17,32,0.8098106341873609,0.4154266252536875,0.25369976646910053,0.5409090909090909
A1b,Abilene.gml,500,1,17,33,0.8758640171500154,0.36681532122692445,0.25379018553580635,0.5254545454545455
A1b,Abilene.gml,500,1,17,34,0.8512172059852603,0.40317743088962815,0.2539895842092998,0.5436363636363637
A1b,Abilene.gml,500,1,17,35,0.801346356128292,0.4144945338489164,0.254158966976132,0.5327272727272727
A1b,Abilene.gml,500,1,17,36,0.7685723901782413,0.3902584711621219,0.2542220463364448,0.51
A1b,Abilene.gml,500,1,17,37,0.8419012622399934,0.38971941406121646,0.25430663776570295,0.530909090909091
A1b,Abilene.gml,500,1,17,38,0.8347067944219372,0.46092605759562094,0.2543776756549065,0.5827272727272728
A1b,Abilene.gml,500,1,17,39,0.8509935169556196,0.3663435513947629,0.254505350190259,0.519090909090909
A1b,Abilene.gml,500,1,17,40,0.7444944859180375,0.4208605230882254,0.254801443651571,0.5263636363636363
A1b,Abilene.gml,500,1,17,41,0.8592987517973526,0.46369552872871805,0.2549259517207939,0.5909090909090908
A1b,Abilene.gml,500,1,17,42,0.8263770192288221,0.5154183035679469,0.25502554357510054,0.6118181818181818
A1b,Abilene.gml,500,1,17,43,0.810952248304606,0.44563047048036136,0.25501560407456153,0.5645454545454546
A1b,Abilene.gml,500,1,17,44,0.8263756804370327,0.47655865100978806,0.2553010157446231,0.5790909090909091
A1b,Abilene.gml,500,1,17,45,0.7520130893993066,0.36115804712991717,0.25496296874939295,0.4836363636363636
A1b,Abilene.gml,500,1,17,46,0.8019192665428808,0.3977735404300118,0.2551615135897677,0.5254545454545455
A1b,Abilene.gml,500,1,17,47,0.8018358793713364,0.3654201103188134,0.25532737819451196,0.5045454545454546
A1b,Abilene.gml,500,1,17,48,0.8096732959690857,0.36845300202693015,0.2552447554784838,0.5118181818181818
A1b,Abilene.gml,500,1,17,49,0.8511242782693723,0.4793610272597077,0.2554147673045668,0.6000000000000001
A1b,Abilene.gml,500,1,18,0,0.7851019873986409,0.3340061449797682,0.25979782349983715,0.46727272727272723
A1b,Abilene.gml,500,1,18,1,0.8185789949470553,0.3870575998710739,0.2595008716682967,0.5145454545454546
A1b,Abilene.gml,500,1,18,2,0.8346056985514018,0.4432988349602946,0.2591795000573811,0.5590909090909091
A1b,Abilene.gml,500,1,18,3,0.8262078167964066,0.4221627079132167,0.2589796446366479,0.5418181818181819
A1b,Abilene.gml,500,1,18,4,0.7854678162222771,0.35752028081204884,0.25871009545395035,0.48363636363636364
A1b,Abilene.gml,500,1,18,5,0.8677228536619725,0.509716389340849,0.2584705284779442,0.6154545454545454
A1b,Abilene.gml,500,1,18,6,0.7438662859825133,0.2641758493547749,0.2582206579302022,0.40727272727272723
A1b,Abilene.gml,500,1,18,7,0.8009283986593032,0.4192366185238596,0.25794135912289906,0.5345454545454545
A1b,Abilene.gml,500,1,18,8,0.776929437735026,0.3755879936800449,0.2576881454389431,0.49636363636363634
A1b,Abilene.gml,500,1,18,9,0.8262340046194229,0.45170931180984214,0.25746072589089936,0.5618181818181818
A1b,Abilene.gml,500,1,18,10,0.7769319671709365,0.4441859611508132,0.2571673653948458,0.5436363636363637
A1b,Abilene.gml,500,1,18,11,0.8429578845063307,0.40364389321932387,0.25698816542718284,0.5336363636363636
A1b,Abilene.gml,500,1,18,12,0.8266904537465153,0.492645183516717,0.25682132368398064,0.5936363636363636
A1b,Abilene.gml,500,1,18,13,0.7933231435884838,0.3789181383584262,0.25655057402410997,0.5045454545454545
A1b,Abilene.gml,500,1,18,14,0.8015208253838324,0.4477250533168867,0.25638880032960454,0.5545454545454545
A1b,Abilene.gml,500,1,18,15,0.8182067176180673,0.42245194426973726,0.25627233980938874,0.5390909090909091
A1b,Abilene.gml,500,1,18,16,0.8592261461769563,0.348085628403668,0.25604753619156295,0.5027272727272728
A1b,Abilene.gml,500,1,18,17,0.8922102140574079,0.40662750348109483,0.25597422900323347,0.5536363636363636
A1b,Abilene.gml,500,1,18,18,0.88343697216965,0.360155303171745,0.2558959885177064,0.519090909090909
A1b,Abilene.gml,500,1,18,19,0.8181264514237647,0.4788590976885136,0.2558380018752354,0.5827272727272726
A1b,Abilene.gml,500,1,18,20,0.8097462201651435,0.41447066464774807,0.2557005049980366,0.5354545454545454
A1b,Abilene.gml,500,1,18,21,0.8674040430209914,0.41715458456893706,0.2556146005108694,0.5572727272727274
A1b,Abilene.gml,500,1,18,22,0.859186517442231,0.4509388589050625,0.2556157741000212,0.5763636363636363
A1b,Abilene.gml,500,1,18,23,0.8426355117124107,0.4221950377709399,0.255547543899134,0.5527272727272727
A1b,Abilene.gml,500,1,18,24,0.7933527301063111,0.4222306362265387,0.25558992340998854,0.5363636363636364
A1b,Abilene.gml,500,1,18,25,0.8923997883446396,0.4754013169284503,0.25534953624750056,0.6063636363636363
A1b,Abilene.gml,500,1,18,26,0.8594069953832506,0.47197082215608427,0.2553839592856954,0.5927272727272728
A1b,Abilene.gml,500,1,18,27,0.8263652873247053,0.4750465606160907,0.2553802917620475,0.5863636363636364
A1b,Abilene.gml,500,1,18,28,0.8509646995825894,0.3636937229526918,0.25541832649779556,0.5154545454545455
A1b,Abilene.gml,500,1,18,29,0.856609238515993,0.4578556203308921,0.2555428744090887,0.5836363636363636
A1b,Abilene.gml,500,1,18,30,0.8346318090403841,0.4625296868481375,0.2555682430223483,0.5827272727272728
A1b,Abilene.gml,500,1,18,31,0.8344873759567826,0.4756082024074852,0.25565373856796886,0.5881818181818183
A1b,Abilene.gml,500,1,18,32,0.7685624727065599,0.37786867571685273,0.25568005050700865,0.5009090909090909
A1b,Abilene.gml,500,1,18,33,0.7846540056716033,0.34349537370776656,0.2558086059783139,0.4763636363636363
A1b,Abilene.gml,500,1,18,34,0.7933016510878317,0.45310282435902544,0.2556378410664108,0.5618181818181817
A1b,Abilene.gml,500,1,18,35,0.8508550649648615,0.350727920703372,0.25541268284536406,0.5027272727272728
A1b,Abilene.gml,500,1,18,36,0.8268274449526423,0.5135965558836354,0.25522079931143304,0.6145454545454546
A1b,Abilene.gml,500,1,18,37,0.8115206968475104,0.3207564066082584,0.2553562806925795,0.47
A1b,Abilene.gml,500,1,18,38,0.7698492252843241,0.4123280218207711,0.2554840656774775,0.5272727272727272
A1b,Abilene.gml,500,1,18,39,0.8509892447360511,0.36795233346799666,0.2555865625525425,0.5199999999999999
A1b,Abilene.gml,500,1,18,40,0.7934646325477881,0.4106452933581993,0.25586854528674297,0.5254545454545455
A1b,Abilene.gml,500,1,18,41,0.7520019563955078,0.3593757265365198,0.2560133978674542,0.4754545454545455
A1b,Abilene.gml,500,1,18,42,0.8098056102542242,0.4206046191325728,0.25602203583750627,0.5463636363636364
A1b,Abilene.gml,500,1,18,43,0.7118675260514329,0.4074337613563074,0.25616775017571086,0.5072727272727273
A1b,Abilene.gml,500,1,18,44,0.8428889766463609,0.3484434120087879,0.25616279205933323,0.5054545454545454
A1b,Abilene.gml,500,1,18,45,0.8016645716285651,0.3497251857422457,0.25621203140129006,0.4918181818181818
A1b,Abilene.gml,500,1,18,46,0.8511143560804684,0.39334592952027575,0.2564095491894068,0.5390909090909091
A1b,Abilene.gml,500,1,18,47,0.8347097644591834,0.3883194665444242,0.2566165295581338,0.5272727272727273
A1b,Abilene.gml,500,1,18,48,0.784921940215101,0.316653339575565,0.2565446687569384,0.4627272727272727
A1b,Abilene.gml,500,1,18,49,0.8100312034777467,0.44181507087058114,0.2567688390969956,0.5627272727272727
A1b,Abilene.gml,500,1,19,0,0.8346844827832229,0.47013280281843317,0.2575131662374437,0.5763636363636363
A1b,Abilene.gml,500,1,19,1,0.7851706802458822,0.4501844993446143,0.2572073233010239,0.549090909090909
A1b,Abilene.gml,500,1,19,2,0.7687414717353561,0.44335856060706236,0.25689998481978654,0.540909090909091
A1b,Abilene.gml,500,1,19,3,0.8018858427507296,0.5617427177279471,0.2566183670708794,0.6327272727272728
A1b,Abilene.gml,500,1,19,4,0.8512135313871542,0.4240792651495532,0.25632429778939536,0.5527272727272728
A1b,Abilene.gml,500,1,19,5,0.8185503399229531,0.49076506492923555,0.2560758909805362,0.5909090909090909
A1b,Abilene.gml,500,1,19,6,0.8016028697403084,0.38681621228054824,0.25586298783186434,0.509090909090909
A1b,Abilene.gml,500,1,19,7,0.8346317072777023,0.45243137053552157,0.2556005647890245,0.5690909090909092
A1b,Abilene.gml,500,1,19,8,0.8347175856821155,0.4333826025397772,0.25544505131091017,0.5545454545454546
A1b,Abilene.gml,500,1,19,9,0.7273947218614212,0.33523436765762804,0.25523086849200677,0.45272727272727276
A1b,Abilene.gml,500,1,19,10,0.8097436131569794,0.4236348617855288,0.25497207025345964,0.5418181818181819
A1b,Abilene.gml,500,1,19,11,0.8097911453777442,0.43781080451939736,0.25480301561626173,0.5509090909090909
A1b,Abilene.gml,500,1,19,12,0.8263979418767019,0.48397442138451807,0.2546379724634723,0.59
A1b,Abilene.gml,500,1,19,13,0.809789640632727,0.44312417029632206,0.2545533588640933,0.5554545454545454
A1b,Abilene.gml,500,1,19,14,0.8097591536172263,0.49883272755562796,0.25441208201948834,0.5936363636363636
A1b,Abilene.gml,500,1,19,15,0.8515479579364807,0.379592995119609,0.2542556492590966,0.5218181818181818
A1b,Abilene.gml,500,1,19,16,0.7944983430678406,0.37750697586143983,0.2539247775525976,0.5036363636363635
A1b,Abilene.gml,500,1,19,17,0.80160031053593,0.43280835582735355,0.25373313223056293,0.5481818181818182
A1b,Abilene.gml,500,1,19,18,0.7448358642313683,0.41796968485557234,0.2536196901097579,0.52
A1b,Abilene.gml,500,1,19,19,0.7698741741330672,0.2779336712960169,0.2535125337116684,0.4263636363636364
A1b,Abilene.gml,500,1,19,20,0.8345419635236002,0.4377669549244164,0.25331411570462414,0.56
A1b,Abilene.gml,500,1,19,21,0.8422556702088603,0.4660297779654697,0.25320056395807317,0.5827272727272726
A1b,Abilene.gml,500,1,19,22,0.8841472942626422,0.36354406739565576,0.2531085254435608,0.5227272727272726
A1b,Abilene.gml,500,1,19,23,0.834588045329258,0.36526197702906055,0.25304180698544415,0.5063636363636363
A1b,Abilene.gml,500,1,19,24,0.8591820867178935,0.426159308664146,0.2529475202712047,0.5627272727272727
A1b,Abilene.gml,500,1,19,25,0.7768783565848421,0.33607151211502156,0.2529552403660858,0.47090909090909094
A1b,Abilene.gml,500,1,19,26,0.8417751619768804,0.46253587315831574,0.25286465784808454,0.58
A1b,Abilene.gml,500,1,19,27,0.7687517903354038,0.47136719138271305,0.25284464788002886,0.5654545454545455
A1b,Abilene.gml,500,1,19,28,0.769963593554441,0.4537450709624331,0.2527720259942068,0.5481818181818183
A1b,Abilene.gml,500,1,19,29,0.7935753399887241,0.4355895392559113,0.2526825205995306,0.5490909090909091
A1b,Abilene.gml,500,1,19,30,0.8917688726602392,0.3502174610921699,0.2526480135834304,0.519090909090909
A1b,Abilene.gml,500,1,19,31,0.8590588247643123,0.522890342685058,0.25259664906929324,0.6281818181818181
A1b,Abilene.gml,500,1,19,32,0.7844222398107822,0.39615619608170294,0.2526469292607059,0.5154545454545455
A1b,Abilene.gml,500,1,19,33,0.7932950360679865,0.46562057972835286,0.25276992492400374,0.5727272727272726
A1b,Abilene.gml,500,1,19,34,0.8339745499515927,0.35679069069640246,0.2529181852802276,0.509090909090909
A1b,Abilene.gml,500,1,19,35,0.8102211288551701,0.4741902549233599,0.2529431948274939,0.58
A1b,Abilene.gml,500,1,19,36,0.7767936003804735,0.4077349158226369,0.25287003289457766,0.5245454545454546
A1b,Abilene.gml,500,1,19,37,0.8841464281345921,0.4189196504540421,0.25299408445728244,0.5654545454545454
A1b,Abilene.gml,500,1,19,38,0.8345079120165839,0.46061175060090354,0.2531315788021036,0.5772727272727273
A1b,Abilene.gml,500,1,19,39,0.8345309891826282,0.4539823798950808,0.25313409172131046,0.5763636363636363
A1b,Abilene.gml,500,1,19,40,0.8510773180748612,0.3766989771096226,0.2531592911922504,0.53
A1b,Abilene.gml,500,1,19,41,0.7602877988987585,0.34827033181047723,0.2534082935764231,0.47363636363636363
A1b,Abilene.gml,500,1,19,42,0.8014899325146962,0.433086084290852,0.25328442227935644,0.5518181818181819
A1b,Abilene.gml,500,1,19,43,0.8837775732906188,0.4133300099702112,0.25320898107586687,0.5627272727272726
A1b,Abilene.gml,500,1,19,44,0.7933852857490483,0.43144357647586007,0.2534133954270575,0.5427272727272727
A1b,Abilene.gml,500,1,19,45,0.8576553688702101,0.5228012034530308,0.25339947615192,0.631818181818182
A1b,Abilene.gml,500,1,19,46,0.826541709386295,0.3728693177152495,0.2536448667787016,0.520909090909091
A1b,Abilene.gml,500,1,19,47,0.8675549963866206,0.46928215411170604,0.2539630199509758,0.6018181818181818
A1b,Abilene.gml,500,1,19,48,0.8404610643599771,0.41691549419132135,0.25407380629815046,0.5563636363636364
A1b,Abilene.gml,500,1,19,49,0.8263332476152212,0.3755846250668034,0.2544322898326868,0.5227272727272726
A1b,Abilene.gml,500,1,20,0,0.818561416394748,0.38667136928296597,0.2575155135714175,0.5154545454545455
A1b,Abilene.gml,500,1,20,1,0.8098696064141927,0.47071880970585445,0.2572129750648158,0.5718181818181818
A1b,Abilene.gml,500,1,20,2,0.7356054546071551,0.3065176620364678,0.256937870166126,0.43545454545454554
A1b,Abilene.gml,500,1,20,3,0.8508933015241447,0.36762907460366123,0.25663349692249354,0.5109090909090909
A1b,Abilene.gml,500,1,20,4,0.8098907498402536,0.4741698684966988,0.2563822019215713,0.5745454545454545
A1b,Abilene.gml,500,1,20,5,0.7933140280778784,0.4169431272969003,0.256156818901552,0.53
A1b,Abilene.gml,500,1,20,6,0.8596226756276912,0.47568162449954515,0.2559476735616796,0.5900000000000001
A1b,Abilene.gml,500,1,20,7,0.8591789649230194,0.5085490638137683,0.25568620479637977,0.6154545454545455
A1b,Abilene.gml,500,1,20,8,0.8016008147433474,0.35952684458561257,0.2554533576107012,0.49181818181818193
A1b,Abilene.gml,500,1,20,9,0.8262739480485681,0.3735830066124061,0.25529347111036815,0.5118181818181818
A1b,Abilene.gml,500,1,20,10,0.85929449012766,0.3741834376480762,0.2551007544386913,0.5218181818181818
A1b,Abilene.gml,500,1,20,11,0.7273752913405868,0.3161758759855335,0.254983100659793,0.4390909090909091
A1b,Abilene.gml,500,1,20,12,0.8676052901928402,0.45956765010936673,0.2547992579013044,0.5863636363636363
A1b,Abilene.gml,500,1,20,13,0.8172686595826733,0.38646762314971084,0.2546642284362331,0.5163636363636362
A1b,Abilene.gml,500,1,20,14,0.8014128326642111,0.4255286116568689,0.2545762965765883,0.5418181818181819
A1b,Abilene.gml,500,1,20,15,0.7932677793821946,0.4576109842865885,0.25453223087448834,0.5627272727272726
A1b,Abilene.gml,500,1,20,16,0.8509396805698098,0.5774607850227035,0.2545136228020459,0.6590909090909091
A1b,Abilene.gml,500,1,20,17,0.883933607396483,0.49674336121977164,0.2543236678471676,0.6163636363636363
A1b,Abilene.gml,500,1,20,18,0.7934258439774343,0.4365982380340283,0.2541451759766331,0.5490909090909092
A1b,Abilene.gml,500,1,20,19,0.8096277804051994,0.42666547122522064,0.2540310983380573,0.5472727272727271
A1b,Abilene.gml,500,1,20,20,0.7933734333629586,0.429324497050624,0.2539389720933128,0.5454545454545454
A1b,Abilene.gml,500,1,20,21,0.8513087873636807,0.4833396288341907,0.25387224895840216,0.5972727272727273
A1b,Abilene.gml,500,1,20,22,0.8512418395945047,0.41451462412774054,0.25384354680764276,0.5509090909090909
A1b,Abilene.gml,500,1,20,23,0.7852729793764602,0.46764864643993076,0.2538402318817792,0.57
A1b,Abilene.gml,500,1,20,24,0.8841311151265088,0.5169968762802261,0.25386263299905426,0.6345454545454545
A1b,Abilene.gml,500,1,20,25,0.8593646671172369,0.47981039302235634,0.2538916244644978,0.6009090909090911
A1b,Abilene.gml,500,1,20,26,0.8013164243973616,0.4467637918443175,0.25391043768620275,0.5527272727272727
A1b,Abilene.gml,500,1,20,27,0.8758422482801204,0.3742150100473774,0.2536700746664171,0.5318181818181817
A1b,Abilene.gml,500,1,20,28,0.8094209221432465,0.37487674424114203,0.25382065296072703,0.5063636363636365
A1b,Abilene.gml,500,1,20,29,0.8509807125263418,0.32393706791180465,0.25372378545698454,0.48454545454545456
A1b,Abilene.gml,500,1,20,30,0.8512022933164154,0.44475514050747705,0.2537521984202795,0.5709090909090909
A1b,Abilene.gml,500,1,20,31,0.8759160963751764,0.46422424912092775,0.2538124500923311,0.5945454545454546
A1b,Abilene.gml,500,1,20,32,0.8511242392191416,0.4407053591593456,0.2539461709732156,0.5627272727272726
A1b,Abilene.gml,500,1,20,33,0.8015658013296868,0.3064576768058399,0.2539399877265725,0.4563636363636364
A1b,Abilene.gml,500,1,20,34,0.8685972632246728,0.48640494706065546,0.2540228090491743,0.6063636363636363
A1b,Abilene.gml,500,1,20,35,0.9004915031643421,0.4129271696376282,0.25407253009528485,0.5663636363636363
A1b,Abilene.gml,500,1,20,36,0.8424139744918829,0.4523101822232405,0.2542689000736104,0.5781818181818182
A1b,Abilene.gml,500,1,20,37,0.8099954865295186,0.4408128106042325,0.2544906773049455,0.5599999999999999
A1b,Abilene.gml,500,1,20,38,0.8349946998019618,0.4067235713034636,0.25449444012297295,0.5463636363636364
A1b,Abilene.gml,500,1,20,39,0.8428116415510559,0.37140218888159654,0.2547498872868039,0.5236363636363636
A1b,Abilene.gml,500,1,20,40,0.7275132370266276,0.26722908202372053,0.25507670403136123,0.40545454545454546
A1b,Abilene.gml,500,1,20,41,0.7850500222136155,0.3523827021084278,0.2549006626560059,0.4845454545454546
A1b,Abilene.gml,500,1,20,42,0.8345236907447299,0.47760084759065163,0.2548424712449118,0.5927272727272728
A1b,Abilene.gml,500,1,20,43,0.8757545512775049,0.4573871649938965,0.2550077487736375,0.5918181818181817
A1b,Abilene.gml,500,1,20,44,0.8191269729917168,0.4799934748130658,0.2553146101331167,0.5927272727272728
A1b,Abilene.gml,500,1,20,45,0.7438067268799933,0.32717590623081166,0.25522008834566323,0.4563636363636364
A1b,Abilene.gml,500,1,20,46,0.8179539877534844,0.41923668109255163,0.2554126167254622,0.55
A1b,Abilene.gml,500,1,20,47,0.8141863420374631,0.43137414570644506,0.2556355251008325,0.5563636363636362
A1b,Abilene.gml,500,1,20,48,0.9005797616377602,0.505628222832687,0.25595393284343343,0.6327272727272728
A1b,Abilene.gml,500,1,20,49,0.7523935616580834,0.3561897359921355,0.256141140799621,0.4772727272727273
A1b,Abilene.gml,500,1,21,0,0.8512388565069512,0.4253515350290464,0.2573320220870128,0.5509090909090909
A1b,Abilene.gml,500,1,21,1,0.8595293185624677,0.5096002525002227,0.2570094187951858,0.6118181818181818
A1b,Abilene.gml,500,1,21,2,0.8346627395853264,0.42543494731568765,0.25670911000190105,0.5481818181818182
A1b,Abilene.gml,500,1,21,3,0.7356791231390875,0.30412228502958755,0.25642916069574445,0.43363636363636365
A1b,Abilene.gml,500,1,21,4,0.8593594535596424,0.4215406174311163,0.2562431163475196,0.55
A1b,Abilene.gml,500,1,21,5,0.8016423790070455,0.39060988509197664,0.2559603996057611,0.5136363636363636
A1b,Abilene.gml,500,1,21,6,0.8588178909432446,0.38640919956289904,0.2557383161547347,0.5281818181818182
A1b,Abilene.gml,500,1,21,7,0.7932475590777436,0.3459454791379845,0.2554925033358264,0.47909090909090907
A1b,Abilene.gml,500,1,21,8,0.8098865372036698,0.48989288371744943,0.2551914668358743,0.5854545454545454
A1b,Abilene.gml,500,1,21,9,0.7613188046901214,0.4229983176871474,0.25492193999808993,0.5263636363636363
A1b,Abilene.gml,500,1,21,10,0.8173862462736904,0.4234383115900394,0.2546993494745097,0.5409090909090909
A1b,Abilene.gml,500,1,21,11,0.8430473622684104,0.533274334285352,0.2544835271229203,0.6263636363636362
A1b,Abilene.gml,500,1,21,12,0.8263325125492905,0.40105912051182896,0.254232986732201,0.530909090909091
A1b,Abilene.gml,500,1,21,13,0.8180883742031072,0.30153743361743457,0.2541082230978777,0.459090909090909
A1b,Abilene.gml,500,1,21,14,0.8674930530094414,0.4857694442737397,0.2540088827622276,0.6009090909090908
A1b,Abilene.gml,500,1,21,15,0.8342875288533684,0.44450107931595984,0.2538528192932919,0.56
A1b,Abilene.gml,500,1,21,16,0.8012972782113811,0.4543366121291717,0.2536568812997683,0.5618181818181818
A1b,Abilene.gml,500,1,21,17,0.8428205768599232,0.37256303236164323,0.2536062146175495,0.5172727272727273
A1b,Abilene.gml,500,1,21,18,0.8268183801417446,0.4892556607439477,0.25346037101960966,0.5909090909090909
A1b,Abilene.gml,500,1,21,19,0.8428274768664664,0.3646056310555028,0.25328672930566865,0.509090909090909
A1b,Abilene.gml,500,1,21,20,0.8428728884951746,0.4740574094402506,0.25318535675988535,0.5890909090909091
A1b,Abilene.gml,500,1,21,21,0.8266460545653846,0.38694205286579,0.2531417079315984,0.52
A1b,Abilene.gml,500,1,21,22,0.859338228487281,0.5245242812763693,0.2529794131955418,0.6281818181818182
A1b,Abilene.gml,500,1,21,23,0.7932549205215028,0.3932325584756093,0.25286854531871356,0.5145454545454545
A1b,Abilene.gml,500,1,21,24,0.8343201708930968,0.49620688902005033,0.25291234212862873,0.6063636363636363
A1b,Abilene.gml,500,1,21,25,0.8426853142957808,0.4619875263239274,0.2528704155767621,0.5818181818181818
A1b,Abilene.gml,500,1,21,26,0.8018368240315386,0.3554308337465856,0.2529075194816166,0.49272727272727274
A1b,Abilene.gml,500,1,21,27,0.8098924249323762,0.49617363484268856,0.2529081462914053,0.5945454545454546
A1b,Abilene.gml,500,1,21,28,0.842690922602248,0.42328703661850775,0.2528103659541507,0.5572727272727273
A1b,Abilene.gml,500,1,21,29,0.8263959157436542,0.4584912736233566,0.2529363933759627,0.5772727272727273
A1b,Abilene.gml,500,1,21,30,0.8509426399082233,0.36078351438411393,0.2529545580340976,0.5136363636363637
A1b,Abilene.gml,500,1,21,31,0.8513695025426586,0.5032330853506108,0.25281054111950263,0.6127272727272728
A1b,Abilene.gml,500,1,21,32,0.8430196184420339,0.45805651886326354,0.25278069468603975,0.5827272727272726
A1b,Abilene.gml,500,1,21,33,0.8677617504108001,0.45845198353745537,0.2528052426428434,0.59
A1b,Abilene.gml,500,1,21,34,0.744495547985997,0.3590877190057616,0.2528550686691155,0.4754545454545455
A1b,Abilene.gml,500,1,21,35,0.8593256008655866,0.5276859154552551,0.25272528371017244,0.6345454545454545
A1b,Abilene.gml,500,1,21,36,0.8015428331727754,0.46604620519805295,0.2527266242504984,0.5736363636363637
A1b,Abilene.gml,500,1,21,37,0.8593192149398173,0.3762844856127829,0.25278852089741516,0.53
A1b,Abilene.gml,500,1,21,38,0.8339369501423353,0.4509885162661201,0.25302820729022335,0.5736363636363637
A1b,Abilene.gml,500,1,21,39,0.8592932850960563,0.528732662672126,0.2530090783050412,0.6354545454545454
A1b,Abilene.gml,500,1,21,40,0.800487268671776,0.4601862865910332,0.2530457719971039,0.5718181818181818
A1b,Abilene.gml,500,1,21,41,0.8011758922342572,0.41812222333336063,0.25332449781022554,0.5445454545454546
A1b,Abilene.gml,500,1,21,42,0.8427043185109682,0.4280285850843178,0.25362852820054693,0.5645454545454546
A1b,Abilene.gml,500,1,21,43,0.8340491792153408,0.34833162290888325,0.2537133573913095,0.4990909090909091
A1b,Abilene.gml,500,1,21,44,0.7935172740775368,0.4427435408664676,0.25405893589391915,0.5590909090909091
A1b,Abilene.gml,500,1,21,45,0.8427918224044929,0.3481841648524393,0.2541095248679523,0.5036363636363637
A1b,Abilene.gml,500,1,21,46,0.8261240110598252,0.381800450742066,0.25429233670314455,0.52
A1b,Abilene.gml,500,1,21,47,0.8329655673603042,0.47857599064028483,0.25431350287281856,0.5918181818181819
A1b,Abilene.gml,500,1,21,48,0.7785220224204639,0.4132263944895211,0.25430718975137145,0.5354545454545455
A1b,Abilene.gml,500,1,21,49,0.7686118802577776,0.38711885078986885,0.2547151956513475,0.49818181818181806
A1b,Abilene.gml,500,1,22,0,0.8273141053874902,0.3619228181000119,0.25850095851489613,0.4981818181818182
A1b,Abilene.gml,500,1,22,1,0.7520550173998863,0.36031858092325675,0.25817403095357155,0.47818181818181826
A1b,Abilene.gml,500,1,22,2,0.834589732036682,0.4262437225795925,0.2579704298817338,0.5481818181818182
A1b,Abilene.gml,500,1,22,3,0.8594107628605504,0.3282212234561527,0.2576853081109723,0.4863636363636364
A1b,Abilene.gml,500,1,22,4,0.8340537091911532,0.424728556171095,0.25739253730942263,0.5472727272727274
A1b,Abilene.gml,500,1,22,5,0.8016002689741694,0.39015973378512486,0.2570867045064634,0.5127272727272727
A1b,Abilene.gml,500,1,22,6,0.7769197703619599,0.433081313148648,0.2568516488066958,0.5363636363636363
A1b,Abilene.gml,500,1,22,7,0.850899035924643,0.36223972367802043,0.25667117710873827,0.5072727272727273
A1b,Abilene.gml,500,1,22,8,0.7768544008986411,0.38478838747573063,0.2564684505407469,0.5027272727272727
A1b,Abilene.gml,500,1,22,9,0.8418555265338893,0.3396878229088279,0.25629139109046645,0.489090909090909
A1b,Abilene.gml,500,1,22,10,0.8510075013961884,0.5003649534196629,0.2560505051578609,0.6036363636363636
A1b,Abilene.gml,500,1,22,11,0.8420606700071388,0.40878496114654156,0.2557839620521483,0.5390909090909092
A1b,Abilene.gml,500,1,22,12,0.8098463720814888,0.4886222310914064,0.2555987246029135,0.5836363636363637
A1b,Abilene.gml,500,1,22,13,0.8262962118761453,0.3747270199055775,0.25535089420367085,0.51
A1b,Abilene.gml,500,1,22,14,0.8423049851687326,0.4464548039377185,0.2551514691648083,0.5663636363636364
A1b,Abilene.gml,500,1,22,15,0.8428254576760005,0.4083559249250017,0.25496851946102955,0.5418181818181819
A1b,Abilene.gml,500,1,22,16,0.8588022503244869,0.3650194192172647,0.2548491846683683,0.5154545454545455
A1b,Abilene.gml,500,1,22,17,0.8428412857363553,0.5040369210940434,0.2547756949839679,0.6090909090909092
A1b,Abilene.gml,500,1,22,18,0.7767702220301588,0.3494054615569292,0.25469794241346827,0.47818181818181815
A1b,Abilene.gml,500,1,22,19,0.8674754304158786,0.5099540130631367,0.2545439571701191,0.619090909090909
A1b,Abilene.gml,500,1,22,20,0.850983027521674,0.39234297772533966,0.2544988479611984,0.5327272727272728
A1b,Abilene.gml,500,1,22,21,0.9004162854302836,0.43272972146112676,0.2544791931479947,0.5754545454545454
A1b,Abilene.gml,500,1,22,22,0.8509887613477173,0.31593427159463006,0.2543460022481257,0.4772727272727273
A1b,Abilene.gml,500,1,22,23,0.7851048851482937,0.355182242191836,0.25427072195884104,0.4854545454545455
A1b,Abilene.gml,500,1,22,24,0.7851489211262216,0.4541836800390657,0.25422087626978107,0.5590909090909091
A1b,Abilene.gml,500,1,22,25,0.8263005866469136,0.4031992773623061,0.25419819897337387,0.5354545454545454
A1b,Abilene.gml,500,1,22,26,0.7687998396889427,0.45735623217051063,0.25427045507089385,0.5554545454545455
A1b,Abilene.gml,500,1,22,27,0.8675538284801914,0.36677213470028197,0.2543681309883112,0.5218181818181818
A1b,Abilene.gml,500,1,22,28,0.8428735990256437,0.3851980176233232,0.2544912339512355,0.5263636363636364
A1b,Abilene.gml,500,1,22,29,0.8440958593367589,0.5281673075108461,0.25446967627704464,0.6272727272727272
A1b,Abilene.gml,500,1,22,30,0.8762863408496173,0.38781967356659375,0.2544167124739428,0.5399999999999999
A1b,Abilene.gml,500,1,22,31,0.801555281135358,0.423346188922725,0.2542960741298717,0.5427272727272727
A1b,Abilene.gml,500,1,22,32,0.8097867766959339,0.43628436151221467,0.2543190200925017,0.5527272727272726
A1b,Abilene.gml,500,1,22,33,0.8180663176772559,0.2806592892478782,0.2544014543932618,0.44636363636363635
A1b,Abilene.gml,500,1,22,34,0.7937406381288915,0.4674151255062063,0.2545055670598716,0.5700000000000001
A1b,Abilene.gml,500,1,22,35,0.7438466317031953,0.41289106721368396,0.25449397407572544,0.5181818181818181
A1b,Abilene.gml,500,1,22,36,0.7686513552002335,0.27930731416257654,0.25451673787573337,0.43000000000000005
A1b,Abilene.gml,500,1,22,37,0.8014225662462511,0.4111022641803968,0.2546502974258877,0.5354545454545454
A1b,Abilene.gml,500,1,22,38,0.8180929601126877,0.38862928296398375,0.2549148916794348,0.5245454545454545
A1b,Abilene.gml,500,1,22,39,0.8508464715339447,0.41522737599464676,0.25502677062303447,0.5554545454545454
A1b,Abilene.gml,500,1,22,40,0.8427350936820314,0.4229525372840563,0.2553329234326465,0.56
A1b,Abilene.gml,500,1,22,41,0.7934382462661342,0.3682819830352155,0.25543942329652275,0.5036363636363635
A1b,Abilene.gml,500,1,22,42,0.8098157768434023,0.42167150294099526,0.2555454418005754,0.5472727272727272
A1b,Abilene.gml,500,1,22,43,0.7852078790602619,0.39475982801229514,0.255714384557644,0.520909090909091
A1b,Abilene.gml,500,1,22,44,0.751876589710887,0.35960896194049174,0.2559126361387347,0.4809090909090909
A1b,Abilene.gml,500,1,22,45,0.8658416910159317,0.46564468719149077,0.25583563961411904,0.5918181818181818
A1b,Abilene.gml,500,1,22,46,0.7934498940614609,0.41856973333228153,0.2558356314684918,0.5418181818181818
A1b,Abilene.gml,500,1,22,47,0.8510818128281442,0.480154189098788,0.2560521057488268,0.6018181818181818
A1b,Abilene.gml,500,1,22,48,0.7849527268230535,0.31969774039909865,0.25613612789030654,0.4645454545454546
A1b,Abilene.gml,500,1,22,49,0.7775054127108079,0.4080924814570059,0.2563329015517745,0.5309090909090909
A1b,Abilene.gml,500,1,23,0,0.8511989626283595,0.4423536992443434,0.2572052575810874,0.5618181818181818
A1b,Abilene.gml,500,1,23,1,0.8674693272182933,0.49246643719740485,0.2569046706966667,0.6045454545454545
A1b,Abilene.gml,500,1,23,2,0.783471275805467,0.333905982955369,0.25660688191102055,0.46727272727272723
A1b,Abilene.gml,500,1,23,3,0.8429732901288202,0.48672088254340035,0.25629971441725047,0.5945454545454546
A1b,Abilene.gml,500,1,23,4,0.7769385836520027,0.4441256522148679,0.256025969186286,0.5436363636363637
A1b,Abilene.gml,500,1,23,5,0.8096699828604592,0.399744023701551,0.2557617402760796,0.520909090909091
A1b,Abilene.gml,500,1,23,6,0.8512168946043683,0.4460532095286943,0.25547493383520964,0.5681818181818182
A1b,Abilene.gml,500,1,23,7,0.8592430087027612,0.5009734857596986,0.25524645399092843,0.6081818181818183
A1b,Abilene.gml,500,1,23,8,0.8509829292910044,0.367236058588043,0.2550398449531406,0.5127272727272728
A1b,Abilene.gml,500,1,23,9,0.8759625428082068,0.4243807917798218,0.25485027827231777,0.5618181818181818
A1b,Abilene.gml,500,1,23,10,0.8509970837633631,0.3872785753944457,0.25463375357128215,0.5272727272727273
A1b,Abilene.gml,500,1,23,11,0.8263707787130037,0.43462704414263026,0.2544397271566463,0.5545454545454546
A1b,Abilene.gml,500,1,23,12,0.7850039676900852,0.4538656255393472,0.2542994409078341,0.5545454545454546
A1b,Abilene.gml,500,1,23,13,0.7109267861958217,0.3477994976933051,0.2540292384695524,0.4572727272727273
A1b,Abilene.gml,500,1,23,14,0.8511045302051762,0.40453580351951807,0.2538777036702487,0.5418181818181819
A1b,Abilene.gml,500,1,23,15,0.7678559076059144,0.3387257824695557,0.25378611946539437,0.46818181818181814
A1b,Abilene.gml,500,1,23,16,0.8675755520285885,0.37489465455315646,0.2536075721331384,0.5245454545454546
A1b,Abilene.gml,500,1,23,17,0.7519465588549802,0.36485594208027883,0.25348062291852785,0.48363636363636364
A1b,Abilene.gml,500,1,23,18,0.8509757998510801,0.37641028072486016,0.25333448395226243,0.5227272727272728
A1b,Abilene.gml,500,1,23,19,0.892406154189592,0.48714059465615533,0.25321985500573646,0.6127272727272728
A1b,Abilene.gml,500,1,23,20,0.8014800832286543,0.42442441189003866,0.253161686645945,0.5418181818181819
A1b,Abilene.gml,500,1,23,21,0.8515120688632589,0.4523918138118519,0.25317596095669265,0.5763636363636363
A1b,Abilene.gml,500,1,23,22,0.8085327559433023,0.4634275195792684,0.25313293970421874,0.5727272727272728
A1b,Abilene.gml,500,1,23,23,0.8344954848767167,0.4764749596568777,0.2531883063228503,0.5881818181818183
A1b,Abilene.gml,500,1,23,24,0.8262338979611303,0.45369132920570543,0.2531311256574296,0.5700000000000001
A1b,Abilene.gml,500,1,23,25,0.8014438829906201,0.4666173973068727,0.25313627122235355,0.5736363636363636
A1b,Abilene.gml,500,1,23,26,0.751928929086008,0.3737735135204995,0.25324885140964565,0.4890909090909091
A1b,Abilene.gml,500,1,23,27,0.8511294603141497,0.3147709596963723,0.2530560370833686,0.48363636363636364
A1b,Abilene.gml,500,1,23,28,0.8676106549141182,0.44279280828589385,0.2530446852257018,0.5745454545454546
A1b,Abilene.gml,500,1,23,29,0.7848991555078926,0.33572147681244113,0.25294550683048994,0.47272727272727283
A1b,Abilene.gml,500,1,23,30,0.800937217916412,0.4223029909376555,0.2529335382404572,0.5436363636363637
A1b,Abilene.gml,500,1,23,31,0.7767414726324819,0.4748427655381239,0.25311719449396325,0.5654545454545453
A1b,Abilene.gml,500,1,23,32,0.8345257476312061,0.4257980617007375,0.25295380439456855,0.5572727272727271
A1b,Abilene.gml,500,1,23,33,0.7463611275272876,0.42231177098004763,0.25299880595211394,0.5290909090909092
A1b,Abilene.gml,500,1,23,34,0.8591330383808369,0.4326268291315399,0.25308287094499365,0.5700000000000001
A1b,Abilene.gml,500,1,23,35,0.7772808043850058,0.42200000294891304,0.25319223581846856,0.5381818181818182
A1b,Abilene.gml,500,1,23,36,0.776789464011764,0.29461140444761696,0.25345689495598667,0.44272727272727275
A1b,Abilene.gml,500,1,23,37,0.8100957326477733,0.4733065143200504,0.25351751436972747,0.5790909090909091
A1b,Abilene.gml,500,1,23,38,0.8345547243986214,0.3608317808091569,0.2534391272950024,0.5063636363636363
A1b,Abilene.gml,500,1,23,39,0.859289302782445,0.48615642134588,0.253530683424391,0.6072727272727273
A1b,Abilene.gml,500,1,23,40,0.8345006584243619,0.4373648532079424,0.25344388347894614,0.5654545454545453
A1b,Abilene.gml,500,1,23,41,0.7770870791079504,0.4212287333568522,0.25361659288457505,0.5381818181818182
A1b,Abilene.gml,500,1,23,42,0.8016691658446554,0.2214648880152626,0.2539676798871743,0.4
A1b,Abilene.gml,500,1,23,43,0.7752281252662955,0.4026695769433223,0.2541090887058497,0.5209090909090909
A1b,Abilene.gml,500,1,23,44,0.7687583010730896,0.4186667420713482,0.25431962376062933,0.5345454545454544
A1b,Abilene.gml,500,1,23,45,0.874860524810656,0.5030279908325839,0.2547283535135088,0.619090909090909
A1b,Abilene.gml,500,1,23,46,0.8510248890966985,0.4167388330543736,0.2545042327493862,0.5536363636363637
A1b,Abilene.gml,500,1,23,47,0.842834498348562,0.46128091535236365,0.2546964393539223,0.5854545454545454
A1b,Abilene.gml,500,1,23,48,0.8099214014041727,0.420457782324425,0.2549649487101116,0.5509090909090909
A1b,Abilene.gml,500,1,23,49,0.8593988289830229,0.34936489006543864,0.25542828424773856,0.5154545454545455
A1b,Abilene.gml,500,1,24,0,0.801511223285127,0.3344789720960231,0.25802007659368253,0.4727272727272727
A1b,Abilene.gml,500,1,24,1,0.7604072737261831,0.38205660925769785,0.2578029520025642,0.4936363636363637
A1b,Abilene.gml,500,1,24,2,0.8588594296691756,0.3573781354210851,0.25761162941910526,0.5072727272727273
A1b,Abilene.gml,500,1,24,3,0.8173793846974536,0.528766766569219,0.2574271568736563,0.6145454545454546
A1b,Abilene.gml,500,1,24,4,0.8758183527587008,0.39429447719830085,0.25721445386704217,0.5372727272727272
A1b,Abilene.gml,500,1,24,5,0.8180431648188594,0.2528641288399357,0.2569156573217023,0.4218181818181818
A1b,Abilene.gml,500,1,24,6,0.8759882630425657,0.44582493386085903,0.25664701067486945,0.5718181818181818
A1b,Abilene.gml,500,1,24,7,0.7934141729407558,0.4537954535369327,0.25637744554667014,0.5572727272727271
A1b,Abilene.gml,500,1,24,8,0.7932976352220361,0.4122767888857275,0.2561720010416227,0.5272727272727272
A1b,Abilene.gml,500,1,24,9,0.785278495709478,0.30654519833952865,0.25599219428112996,0.4481818181818182
A1b,Abilene.gml,500,1,24,10,0.8099832990409156,0.47832064478953434,0.2557882583350591,0.5763636363636363
A1b,Abilene.gml,500,1,24,11,0.7929779253915809,0.49634194927315217,0.25552676661544566,0.5845454545454545
A1b,Abilene.gml,500,1,24,12,0.810413278534588,0.46177178969779187,0.2553266304709347,0.5672727272727273
A1b,Abilene.gml,500,1,24,13,0.7440521642024638,0.3527453973857138,0.25505316738448836,0.46909090909090917
A1b,Abilene.gml,500,1,24,14,0.8757815658846829,0.43303171817265473,0.25469914406787714,0.5690909090909091
A1b,Abilene.gml,500,1,24,15,0.8261091368865277,0.4691796360170835,0.254591248943113,0.5745454545454547
A1b,Abilene.gml,500,1,24,16,0.826715631458566,0.41366431490741695,0.25437984583271994,0.5390909090909092
A1b,Abilene.gml,500,1,24,17,0.8427764515628624,0.5265850907392596,0.25423220226010146,0.6218181818181818
A1b,Abilene.gml,500,1,24,18,0.8014767032746896,0.46122933175741904,0.25404872863035166,0.5672727272727274
A1b,Abilene.gml,500,1,24,19,0.8097543019182504,0.46397970628337853,0.253996785730829,0.5709090909090908
A1b,Abilene.gml,500,1,24,20,0.7687164005822364,0.4613083790863829,0.25396294387032403,0.5563636363636364
A1b,Abilene.gml,500,1,24,21,0.8511053433248253,0.4522906250204041,0.25385633960130666,0.5736363636363636
A1b,Abilene.gml,500,1,24,22,0.8344658371385293,0.34128467258626993,0.2537498423490212,0.49090909090909096
A1b,Abilene.gml,500,1,24,23,0.8738834873234279,0.5311672785086483,0.25357251922375795,0.6381818181818182
A1b,Abilene.gml,500,1,24,24,0.8676207947392325,0.4508615526389144,0.25351915678141423,0.5772727272727273
A1b,Abilene.gml,500,1,24,25,0.7851823250520629,0.38584317847740424,0.25349115159099267,0.5109090909090909
A1b,Abilene.gml,500,1,24,26,0.8509051592009933,0.4288701280984755,0.25339881830733324,0.5627272727272727
A1b,Abilene.gml,500,1,24,27,0.8095328744584301,0.4248401151912562,0.25346641978595763,0.5463636363636363
A1b,Abilene.gml,500,1,24,28,0.8591869091683407,0.39731199842659704,0.2534116204474496,0.5427272727272727
A1b,Abilene.gml,500,1,24,29,0.850900157435067,0.4276194372304905,0.25338099710962125,0.5627272727272726
A1b,Abilene.gml,500,1,24,30,0.8593365220751924,0.3753030532951866,0.25350669171665624,0.5281818181818181
A1b,Abilene.gml,500,1,24,31,0.8163495869432377,0.3696576016424458,0.25365772442340223,0.5081818181818183
A1b,Abilene.gml,500,1,24,32,0.8181861408922392,0.40156520403028656,0.2536405599115164,0.5318181818181817
A1b,Abilene.gml,500,1,24,33,0.7934403441310965,0.3107770391066797,0.25370797858077565,0.45454545454545453
A1b,Abilene.gml,500,1,24,34,0.7813760661211426,0.3660699296637125,0.2536207723468321,0.4954545454545455
A1b,Abilene.gml,500,1,24,35,0.9004633639963407,0.39800977908058643,0.25360380010106726,0.5563636363636365
A1b,Abilene.gml,500,1,24,36,0.8164491561569577,0.3802134308245498,0.25350707992228005,0.5163636363636365
A1b,Abilene.gml,500,1,24,37,0.818085827400126,0.4283508684127662,0.2533926854005928,0.5518181818181819
A1b,Abilene.gml,500,1,24,38,0.7191288544692772,0.37141060038485935,0.2534233046512568,0.47818181818181826
A1b,Abilene.gml,500,1,24,39,0.8350907202576076,0.5178383061387631,0.25324071453109115,0.62
A1b,Abilene.gml,500,1,24,40,0.8592999842499183,0.45775326065674943,0.25337938718193626,0.5872727272727274
A1b,Abilene.gml,500,1,24,41,0.8346728454276661,0.38563861318151543,0.25328025892898465,0.5299999999999999
A1b,Abilene.gml,500,1,24,42,0.8184120600655838,0.4678862974340561,0.25347417606000394,0.5818181818181818
A1b,Abilene.gml,500,1,24,43,0.8348080198864458,0.552897767789419,0.25365125539942107,0.6436363636363637
A1b,Abilene.gml,500,1,24,44,0.8014620170581044,0.4612952470749358,0.2533984987665845,0.5745454545454546
A1b,Abilene.gml,500,1,24,45,0.8345301394309448,0.37441684457867724,0.25371658985905604,0.5227272727272727
A1b,Abilene.gml,500,1,24,46,0.7766661621410911,0.3611627197363108,0.2540600208014042,0.4863636363636364
A1b,Abilene.gml,500,1,24,47,0.8348870525178952,0.44146956669351084,0.25400100823906474,0.5690909090909092
A1b,Abilene.gml,500,1,24,48,0.7605477791737703,0.3880830498430445,0.25396557244195145,0.5054545454545455
A1b,Abilene.gml,500,1,24,49,0.8430529220696765,0.6967275508326733,0.2541715292021898,0.7490909090909089
A1b,Abilene.gml,500,1,25,0,0.8346587404375048,0.36325012123144157,0.2586719924963248,0.5027272727272728
A1b,Abilene.gml,500,1,25,1,0.818025171795124,0.42096342922543445,0.2583524288811122,0.5381818181818182
A1b,Abilene.gml,500,1,25,2,0.8263004370639152,0.44939983255203314,0.2580543811461595,0.560909090909091
A1b,Abilene.gml,500,1,25,3,0.8430541359476607,0.38710559844874887,0.257757299310043,0.5236363636363636
A1b,Abilene.gml,500,1,25,4,0.7273386666178842,0.2503345725318186,0.25748514260717736,0.39272727272727276
A1b,Abilene.gml,500,1,25,5,0.82714021489164,0.5022763105350703,0.25716755950552006,0.6000000000000001
A1b,Abilene.gml,500,1,25,6,0.8262855421541233,0.39487671816010594,0.25690500937731675,0.5236363636363637
A1b,Abilene.gml,500,1,25,7,0.8593735047101861,0.38349045943819926,0.25666508590863707,0.5245454545454546
A1b,Abilene.gml,500,1,25,8,0.8097369542959907,0.42386176242026835,0.2563968596826979,0.5418181818181819
A1b,Abilene.gml,500,1,25,9,0.7606948042781116,0.282877716901143,0.25619192987658523,0.4263636363636364
A1b,Abilene.gml,500,1,25,10,0.85089110838537,0.449924910135482,0.25600918301179876,0.5718181818181818
A1b,Abilene.gml,500,1,25,11,0.8262326832275048,0.42227537711128316,0.25582237616367476,0.5463636363636364
A1b,Abilene.gml,500,1,25,12,0.8264001253529348,0.40783621044946533,0.25563464824163623,0.5345454545454544
A1b,Abilene.gml,500,1,25,13,0.7702282191034159,0.45685825693219256,0.25538073678356926,0.5527272727272727
A1b,Abilene.gml,500,1,25,14,0.8676409770531047,0.5111133145539458,0.2552570044688168,0.62
A1b,Abilene.gml,500,1,25,15,0.8592297387278183,0.37126805404623936,0.2550481456436979,0.520909090909091
A1b,Abilene.gml,500,1,25,16,0.7360179575165677,0.34404052218297226,0.2549573686993931,0.46545454545454545
A1b,Abilene.gml,500,1,25,17,0.8591916882171955,0.6529846354969959,0.2548032071403139,0.7172727272727273
A1b,Abilene.gml,500,1,25,18,0.801011226907293,0.4542737690977611,0.25462817493968987,0.5618181818181818
A1b,Abilene.gml,500,1,25,19,0.8677030009226712,0.3511525505687624,0.2545864341792888,0.5109090909090909
A1b,Abilene.gml,500,1,25,20,0.8267470088560507,0.4776372327683307,0.25443974464858293,0.5863636363636363
A1b,Abilene.gml,500,1,25,21,0.8346972526166472,0.3831539955935671,0.25425481698125013,0.5218181818181817
A1b,Abilene.gml,500,1,25,22,0.8598102694739798,0.4739193320493641,0.2541011330376333,0.5954545454545456
A1b,Abilene.gml,500,1,25,23,0.8114000849713311,0.4650119862221367,0.25396493259728076,0.5745454545454546
A1b,Abilene.gml,500,1,25,24,0.859228206714814,0.3752881727442009,0.253938175307125,0.5272727272727272
A1b,Abilene.gml,500,1,25,25,0.8676168727948018,0.47715301033616986,0.2539653067140908,0.5981818181818181
A1b,Abilene.gml,500,1,25,26,0.826243119945709,0.538971318151746,0.25394837754235894,0.630909090909091
A1b,Abilene.gml,500,1,25,27,0.8013982274490972,0.4234701960276949,0.253949532818261,0.5436363636363636
A1b,Abilene.gml,500,1,25,28,0.8253749151060454,0.45795244167829163,0.2540344104086402,0.5745454545454546
A1b,Abilene.gml,500,1,25,29,0.8670708867464697,0.4535666892696456,0.2540303276179024,0.5827272727272726
A1b,Abilene.gml,500,1,25,30,0.8347168706770017,0.4826732235254622,0.2541006033102276,0.5945454545454546
A1b,Abilene.gml,500,1,25,31,0.8176577348284767,0.3581211591212707,0.25412874008764635,0.5027272727272728
A1b,Abilene.gml,500,1,25,32,0.7776858233585756,0.4231675889777941,0.2541686054148784,0.5381818181818182
A1b,Abilene.gml,500,1,25,33,0.8590667465566862,0.5113040940264653,0.2543430805083181,0.6236363636363637
A1b,Abilene.gml,500,1,25,34,0.817994291425461,0.47344458087307706,0.2544686668201716,0.5863636363636363
A1b,Abilene.gml,500,1,25,35,0.8429478639489726,0.37788199315434673,0.2545521612960239,0.5272727272727272
A1b,Abilene.gml,500,1,25,36,0.8353715732429847,0.41641043952599843,0.2547842974901958,0.5427272727272728
A1b,Abilene.gml,500,1,25,37,0.7766822664158919,0.33017016413551925,0.25455569637585335,0.46636363636363637
A1b,Abilene.gml,500,1,25,38,0.8014226086559763,0.5175969721443111,0.25456478680220695,0.6090909090909091
A1b,Abilene.gml,500,1,25,39,0.8180540391168517,0.4503450661012673,0.2545018139267727,0.5690909090909091
A1b,Abilene.gml,500,1,25,40,0.8098733128183079,0.5286686699789924,0.2546855598527791,0.6200000000000001
A1b,Abilene.gml,500,1,25,41,0.7685418377624145,0.5496088602050005,0.25483586974912126,0.6227272727272728
A1b,Abilene.gml,500,1,25,42,0.8015758260956329,0.42411172782726303,0.2548324852451892,0.5490909090909091
A1b,Abilene.gml,500,1,25,43,0.7849343246029143,0.328690511748801,0.25499430302817555,0.46818181818181814
A1b,Abilene.gml,500,1,25,44,0.7932290329359393,0.4179180621934436,0.2550435497877595,0.5418181818181818
A1b,Abilene.gml,500,1,25,45,0.8345755906593592,0.3513162560836506,0.25539341414504213,0.51
A1b,Abilene.gml,500,1,25,46,0.8264136302391628,0.40351726626238643,0.25540790184666745,0.5418181818181818
A1b,Abilene.gml,500,1,25,47,0.8436772126382585,0.4855619788823603,0.2556502609845967,0.600909090909091
A1b,Abilene.gml,500,1,25,48,0.817973945610359,0.476757093357586,0.2557032958772917,0.5845454545454545
A1b,Abilene.gml,500,1,25,49,0.793266311697624,0.2944236253699076,0.2554306046964288,0.44636363636363635
A1b,Abilene.gml,500,1,26,0,0.8427334807931267,0.5309926917317628,0.25844242735626116,0.6236363636363635
A1b,Abilene.gml,500,1,26,1,0.8591886771033388,0.49308197740184345,0.25822557070437724,0.5990909090909091
A1b,Abilene.gml,500,1,26,2,0.8587611930408343,0.4593377633919014,0.25792978882915607,0.5754545454545454
A1b,Abilene.gml,500,1,26,3,0.8759693098922696,0.4387191861411761,0.25760806553430915,0.5681818181818182
A1b,Abilene.gml,500,1,26,4,0.8099264147016321,0.3928919776345354,0.25731715125446963,0.5163636363636364
A1b,Abilene.gml,500,1,26,5,0.7686598179729951,0.394889419334652,0.25702776358652246,0.5072727272727273
A1b,Abilene.gml,500,1,26,6,0.8263142188024442,0.38265194311086287,0.25680423897503774,0.5145454545454545
A1b,Abilene.gml,500,1,26,7,0.7769426834794012,0.5002657992566727,0.2564918364958694,0.5818181818181819
A1b,Abilene.gml,500,1,26,8,0.842719954690887,0.36553379518860235,0.25617981537083934,0.5090909090909091
A1b,Abilene.gml,500,1,26,9,0.8263028072450656,0.4544496179647275,0.25593292398119244,0.5681818181818182
A1b,Abilene.gml,500,1,26,10,0.7769811703138804,0.44768157812183385,0.25568515279779175,0.5481818181818182
A1b,Abilene.gml,500,1,26,11,0.7441353212786654,0.34481007979848116,0.2554803521872248,0.4645454545454546
A1b,Abilene.gml,500,1,26,12,0.8182300711145012,0.5701219280095543,0.25532073603350725,0.6463636363636364
A1b,Abilene.gml,500,1,26,13,0.8262718831942091,0.5407256868578968,0.2551870078450268,0.6281818181818183
A1b,Abilene.gml,500,1,26,14,0.7356437947552592,0.3265890918369736,0.2549978948941628,0.4500000000000001
A1b,Abilene.gml,500,1,26,15,0.8923106775118632,0.4397192164678223,0.2547860931508138,0.5781818181818182
A1b,Abilene.gml,500,1,26,16,0.8841050242953393,0.5087559321231429,0.2546065533592477,0.6236363636363635
A1b,Abilene.gml,500,1,26,17,0.8511166526658481,0.39985888506865364,0.2544524921769968,0.5390909090909091
A1b,Abilene.gml,500,1,26,18,0.8427559123015833,0.47818254203371136,0.25431777997099414,0.5909090909090908
A1b,Abilene.gml,500,1,26,19,0.863925715858688,0.4780766069155316,0.25420248913495996,0.5972727272727272
A1b,Abilene.gml,500,1,26,20,0.8752640002109761,0.4329871890395926,0.25411069277051196,0.5672727272727273
A1b,Abilene.gml,500,1,26,21,0.8426029376885698,0.4066466128337867,0.2540241920729721,0.5399999999999999
A1b,Abilene.gml,500,1,26,22,0.8506099707011443,0.38120112118485944,0.25384786510653917,0.5254545454545455
A1b,Abilene.gml,500,1,26,23,0.8263298105414812,0.4045397566921709,0.2538196448064493,0.5363636363636364
A1b,Abilene.gml,500,1,26,24,0.8512546226495821,0.4247267396662798,0.2538168092928701,0.5572727272727275
A1b,Abilene.gml,500,1,26,25,0.7441085486262505,0.35533909176845335,0.2536644023875346,0.4736363636363637
A1b,Abilene.gml,500,1,26,26,0.7768273673476037,0.3404852815063708,0.2536456723747793,0.4736363636363637
A1b,Abilene.gml,500,1,26,27,0.8922653509816775,0.5580547649050062,0.25349744552639253,0.6636363636363637
A1b,Abilene.gml,500,1,26,28,0.826361528221737,0.3941907116221533,0.25349270942314284,0.5290909090909092
A1b,Abilene.gml,500,1,26,29,0.8181709674110826,0.5219559314754941,0.25340937955705695,0.6145454545454545
A1b,Abilene.gml,500,1,26,30,0.8429660645002918,0.4466707931622777,0.25327416655200535,0.5727272727272728
A1b,Abilene.gml,500,1,26,31,0.8269225145048275,0.527929725613033,0.25322967382482886,0.6245454545454545
A1b,Abilene.gml,500,1,26,32,0.8094797417996685,0.36254638268970907,0.2532071388480394,0.49636363636363634
A1b,Abilene.gml,500,1,26,33,0.7848914822896295,0.4612379908210668,0.25315098379824924,0.5645454545454546
A1b,Abilene.gml,500,1,26,34,0.8015994019641279,0.4371715932102317,0.25308901250285226,0.5545454545454546
A1b,Abilene.gml,500,1,26,35,0.8261800113510092,0.3573558517374584,0.25308794141377833,0.5027272727272727
A1b,Abilene.gml,500,1,26,36,0.8752386350873601,0.5365424444118406,0.25324051002328823,0.6463636363636364
A1b,Abilene.gml,500,1,26,37,0.7850886277012564,0.30595882916249295,0.25316429186084255,0.45363636363636367
A1b,Abilene.gml,500,1,26,38,0.811382751491136,0.4826581324826263,0.2533483312648714,0.5900000000000001
A1b,Abilene.gml,500,1,26,39,0.8436753637836691,0.45217402321029493,0.2532662498606433,0.5772727272727273
A1b,Abilene.gml,500,1,26,40,0.818444029003739,0.4268297294061774,0.25340506602087814,0.5545454545454546
A1b,Abilene.gml,500,1,26,41,0.7934188585300176,0.451350816628711,0.25363607022559964,0.5636363636363637
A1b,Abilene.gml,500,1,26,42,0.7951846687820499,0.4590823133934194,0.2535902182826346,0.5681818181818181
A1b,Abilene.gml,500,1,26,43,0.8090683294083791,0.37992060878891043,0.25372194475698057,0.520909090909091
A1b,Abilene.gml,500,1,26,44,0.8755985451287308,0.5058260158159865,0.25378329093255664,0.6263636363636365
A1b,Abilene.gml,500,1,26,45,0.7688000288104475,0.45133800167124283,0.2539848046508943,0.5436363636363638
A1b,Abilene.gml,500,1,26,46,0.8100766462173697,0.4240017564937881,0.2539719669879749,0.5518181818181818
A1b,Abilene.gml,500,1,26,47,0.8126805847722067,0.4499737086950601,0.25429067032059083,0.5690909090909092
A1b,Abilene.gml,500,1,26,48,0.7599891604989193,0.329977717229101,0.2543213737654119,0.46090909090909093
A1b,Abilene.gml,500,1,26,49,0.827085993463712,0.5211618971340447,0.2541095165149643,0.6236363636363635
A1b,Abilene.gml,500,1,27,0,0.8511879759136128,0.42262243977066943,0.2597709266731447,0.5509090909090909
A1b,Abilene.gml,500,1,27,1,0.7519888985299468,0.33071635505634644,0.25945378643489375,0.4563636363636364
A1b,Abilene.gml,500,1,27,2,0.8753712907519677,0.46858833783631365,0.25915897694294204,0.5918181818181818
A1b,Abilene.gml,500,1,27,3,0.8343495742220761,0.46094977017572203,0.25886512458051,0.5727272727272728
A1b,Abilene.gml,500,1,27,4,0.809732164634973,0.4393599208476346,0.25859718811577226,0.5509090909090909
A1b,Abilene.gml,500,1,27,5,0.8427811705470426,0.42455010895470324,0.2583192831607197,0.5472727272727272
A1b,Abilene.gml,500,1,27,6,0.79334446292182,0.4151388575648917,0.25806330216209933,0.5290909090909092
A1b,Abilene.gml,500,1,27,7,0.7933267752306802,0.4502207351734247,0.2578473928674383,0.5536363636363636
A1b,Abilene.gml,500,1,27,8,0.8270436218097118,0.4016721384761487,0.257610823897977,0.5290909090909091
A1b,Abilene.gml,500,1,27,9,0.8098604001956389,0.4242851644840257,0.2574071118675667,0.5427272727272728
A1b,Abilene.gml,500,1,27,10,0.851118429990911,0.5022896992361064,0.257255697320998,0.6081818181818183
A1b,Abilene.gml,500,1,27,11,0.8097808888483001,0.3421337774160858,0.25703694616519185,0.48636363636363633
A1b,Abilene.gml,500,1,27,12,0.7440905870311465,0.3344856553751143,0.25693534614655483,0.45454545454545453
A1b,Abilene.gml,500,1,27,13,0.8923893548817315,0.5058926297412336,0.25663159097664434,0.6236363636363637
A1b,Abilene.gml,500,1,27,14,0.8592921324113747,0.4296020753248996,0.25644363015065963,0.560909090909091
A1b,Abilene.gml,500,1,27,15,0.8839403734114846,0.43947520719388183,0.2562813324837726,0.5754545454545456
A1b,Abilene.gml,500,1,27,16,0.7605104605010831,0.4285595980107747,0.25614467917990064,0.5299999999999998
A1b,Abilene.gml,500,1,27,17,0.8427181586507526,0.37315217973911224,0.255967025516745,0.5181818181818181
A1b,Abilene.gml,500,1,27,18,0.8761315372722354,0.4861679810180421,0.2557959160680637,0.6072727272727273
A1b,Abilene.gml,500,1,27,19,0.7685247631319263,0.45408073044462843,0.25561589101610416,0.5481818181818182
A1b,Abilene.gml,500,1,27,20,0.7932398272874653,0.4553445524854373,0.2554344820596943,0.5618181818181819
A1b,Abilene.gml,500,1,27,21,0.8754594002882823,0.4319988697422472,0.25529328165586457,0.5718181818181818
A1b,Abilene.gml,500,1,27,22,0.7934580284906243,0.39921104740832547,0.2552393715666902,0.520909090909091
A1b,Abilene.gml,500,1,27,23,0.8508827230181303,0.628351123537554,0.25508240015668504,0.7000000000000001
A1b,Abilene.gml,500,1,27,24,0.8263411213830871,0.3787218078075023,0.25495876162658065,0.519090909090909
A1b,Abilene.gml,500,1,27,25,0.7850394973773905,0.4672923857949579,0.2549551000398274,0.5672727272727274
A1b,Abilene.gml,500,1,27,26,0.8341620855801445,0.3874006336814114,0.25493213737405257,0.5218181818181817
A1b,Abilene.gml,500,1,27,27,0.8345226469082376,0.35828134694331065,0.25468905618966403,0.5081818181818182
A1b,Abilene.gml,500,1,27,28,0.834833645889364,0.556766678964386,0.254498793519993,0.6472727272727272
A1b,Abilene.gml,500,1,27,29,0.8015313682202465,0.31188573058996016,0.2543890076029611,0.45999999999999996
A1b,Abilene.gml,500,1,27,30,0.8429566036006257,0.4770967537755247,0.25431625634204164,0.5936363636363636
A1b,Abilene.gml,500,1,27,31,0.8013757422823781,0.41341962309335495,0.2543273488129409,0.5399999999999999
A1b,Abilene.gml,500,1,27,32,0.8261463017358653,0.44074404355955077,0.25441047780828957,0.5636363636363636
A1b,Abilene.gml,500,1,27,33,0.7775924412860312,0.4281231994954556,0.254447902231858,0.5418181818181818
A1b,Abilene.gml,500,1,27,34,0.8676564019950272,0.34961792310969986,0.2545728150756526,0.5127272727272728
A1b,Abilene.gml,500,1,27,35,0.7770886987059135,0.47304874146100057,0.2546324607290304,0.5754545454545453
A1b,Abilene.gml,500,1,27,36,0.8263249201335092,0.3860366097888038,0.2547504297889516,0.5218181818181818
A1b,Abilene.gml,500,1,27,37,0.809971101873913,0.4660929504680556,0.2547093057242872,0.5763636363636363
A1b,Abilene.gml,500,1,27,38,0.8427655001104043,0.37969746141148614,0.2548143306357629,0.5290909090909092
A1b,Abilene.gml,500,1,27,39,0.8014810397989955,0.44393630945581664,0.2550283499296429,0.5609090909090909
A1b,Abilene.gml,500,1,27,40,0.8179161956418196,0.4739620198835921,0.25517097896528174,0.5881818181818183
A1b,Abilene.gml,500,1,27,41,0.8429030134186255,0.4712766557443482,0.25523341271117855,0.5927272727272727
A1b,Abilene.gml,500,1,27,42,0.8593999395772035,0.4379409787185376,0.25540346718345175,0.5745454545454546
A1b,Abilene.gml,500,1,27,43,0.8181690244083909,0.4820993265374074,0.2554647317303888,0.5936363636363637
A1b,Abilene.gml,500,1,27,44,0.8099769362653276,0.47247702046966644,0.2555574723415877,0.5745454545454545
A1b,Abilene.gml,500,1,27,45,0.7687535301229165,0.37681118375534955,0.2552212893020131,0.49636363636363645
A1b,Abilene.gml,500,1,27,46,0.7921086545677404,0.4599150702875669,0.25512038475354515,0.5690909090909091
A1b,Abilene.gml,500,1,27,47,0.8266265235707091,0.5125545386457592,0.25542647662139517,0.6145454545454545
A1b,Abilene.gml,500,1,27,48,0.8515484308863698,0.4182600284323364,0.2554333401859001,0.5590909090909091
A1b,Abilene.gml,500,1,27,49,0.7916843806410288,0.459458730777601,0.25571532290953614,0.5690909090909091
A1b,Abilene.gml,500,1,28,0,0.8433593955770022,0.4334520231541756,0.2579027311969658,0.5536363636363636
A1b,Abilene.gml,500,1,28,1,0.8515352780188304,0.472744913495732,0.2575740925896384,0.5845454545454545
A1b,Abilene.gml,500,1,28,2,0.842863500189294,0.5120278870488044,0.2572830326538308,0.6090909090909092
A1b,Abilene.gml,500,1,28,3,0.7851505120749277,0.4479792262182572,0.25701773012728224,0.5481818181818181
A1b,Abilene.gml,500,1,28,4,0.8095504470536073,0.41386328136401934,0.25676465683418476,0.5309090909090909
A1b,Abilene.gml,500,1,28,5,0.8098187873800694,0.4652403610234394,0.25648409371071773,0.5709090909090909
A1b,Abilene.gml,500,1,28,6,0.7520107445476797,0.2930373469348569,0.25631409149845374,0.4318181818181818
A1b,Abilene.gml,500,1,28,7,0.8500900355545185,0.45118526419056015,0.2561125885878954,0.5718181818181818
A1b,Abilene.gml,500,1,28,8,0.7767964581530801,0.45351821115434315,0.25587671167616105,0.5499999999999999
A1b,Abilene.gml,500,1,28,9,0.7768340045532021,0.41820385755262296,0.2556182127800726,0.5281818181818182
A1b,Abilene.gml,500,1,28,10,0.7851151862386839,0.42735433643007903,0.2554033999853157,0.5372727272727272
A1b,Abilene.gml,500,1,28,11,0.8593652781562835,0.4005092644942818,0.25522800155447295,0.5409090909090909
A1b,Abilene.gml,500,1,28,12,0.8592818339619293,0.4543212393573285,0.2550886947615807,0.5772727272727273
A1b,Abilene.gml,500,1,28,13,0.7355366711967861,0.3588526000829887,0.25491960891542803,0.47363636363636363
A1b,Abilene.gml,500,1,28,14,0.8595056461885826,0.4484673155843477,0.2548170515807054,0.5736363636363636
A1b,Abilene.gml,500,1,28,15,0.7769316434317087,0.46145205278837426,0.2547042792097253,0.5618181818181818
A1b,Abilene.gml,500,1,28,16,0.8098158734298772,0.33593365236530104,0.2546687150638459,0.4799999999999999
A1b,Abilene.gml,500,1,28,17,0.826403061444116,0.38549220764887954,0.254613850013353,0.5190909090909092
A1b,Abilene.gml,500,1,28,18,0.7605000926332104,0.413868963001184,0.25444678785939695,0.5218181818181817
A1b,Abilene.gml,500,1,28,19,0.7938964397675644,0.3439877000309572,0.2543445330958938,0.4818181818181818
A1b,Abilene.gml,500,1,28,20,0.875669161171443,0.4258248035877473,0.25422250848722155,0.5636363636363636
A1b,Abilene.gml,500,1,28,21,0.8427858733890776,0.5548291653935903,0.25400113097456356,0.6445454545454545
A1b,Abilene.gml,500,1,28,22,0.8346775302335807,0.39198623978653513,0.2539027301741603,0.5281818181818182
A1b,Abilene.gml,500,1,28,23,0.8758854422697464,0.3461304735918382,0.2537781723818193,0.5072727272727273
A1b,Abilene.gml,500,1,28,24,0.8684085838030238,0.41308537021534786,0.2537123473133072,0.5545454545454546
A1b,Abilene.gml,500,1,28,25,0.8509619761366806,0.3561458796127458,0.2537143572141562,0.5081818181818183
A1b,Abilene.gml,500,1,28,26,0.809544935612069,0.43931038906476894,0.2537453614506323,0.5536363636363636
A1b,Abilene.gml,500,1,28,27,0.8675308518662855,0.5376218902244738,0.2537399236353914,0.6418181818181818
A1b,Abilene.gml,500,1,28,28,0.8269098258888775,0.5444101415818238,0.2536001587157764,0.6372727272727272
A1b,Abilene.gml,500,1,28,29,0.8592544274205807,0.42503549423930714,0.25361489938053156,0.5609090909090909
A1b,Abilene.gml,500,1,28,30,0.8510578364646108,0.4479983115699815,0.2536983571130232,0.5754545454545453
A1b,Abilene.gml,500,1,28,31,0.8923471740891831,0.4786142875338277,0.2536067815493342,0.609090909090909
A1b,Abilene.gml,500,1,28,32,0.8426705071542006,0.44738466526066306,0.2536946809027866,0.5727272727272728
A1b,Abilene.gml,500,1,28,33,0.8017651762067363,0.35876260621834727,0.2537771589253929,0.49636363636363634
A1b,Abilene.gml,500,1,28,34,0.7772659191115313,0.5111683846610369,0.2538573491342224,0.5963636363636363
A1b,Abilene.gml,500,1,28,35,0.8103067667008479,0.3953759401198186,0.25379107245267796,0.5272727272727273
A1b,Abilene.gml,500,1,28,36,0.8015384972654281,0.4674032934141162,0.2538834665310298,0.5772727272727273
A1b,Abilene.gml,500,1,28,37,0.8576134981989753,0.5326885957363542,0.2541126377913905,0.6381818181818182
A1b,Abilene.gml,500,1,28,38,0.8262929268264094,0.37206898481164646,0.25430235887529257,0.5181818181818182
A1b,Abilene.gml,500,1,28,39,0.7772557003808352,0.41675382179780984,0.2543948911613197,0.5236363636363636
A1b,Abilene.gml,500,1,28,40,0.8016770195827433,0.44635729452732564,0.2543090899935921,0.5618181818181819
A1b,Abilene.gml,500,1,28,41,0.817833558258705,0.4192237895815358,0.2544989111168584,0.5499999999999999
A1b,Abilene.gml,500,1,28,42,0.817790014400268,0.3687049822090238,0.2548088474983015,0.5063636363636363
A1b,Abilene.gml,500,1,28,43,0.8676322452909004,0.4676243130277475,0.2548112186925095,0.5954545454545453
A1b,Abilene.gml,500,1,28,44,0.8347005002097693,0.40163462170553293,0.25489864419740865,0.5427272727272728
A1b,Abilene.gml,500,1,28,45,0.826409581796472,0.3929844024094844,0.25519093139857885,0.5309090909090909
A1b,Abilene.gml,500,1,28,46,0.7602740897976031,0.39452929385445495,0.2553683764506305,0.5054545454545455
A1b,Abilene.gml,500,1,28,47,0.8185107034248943,0.4562320634870258,0.25550677107561753,0.5745454545454546
A1b,Abilene.gml,500,1,28,48,0.8181870324437569,0.43999422653882764,0.2558393704959108,0.5590909090909091
A1b,Abilene.gml,500,1,28,49,0.8017168313132275,0.3477739021277514,0.2559995838535939,0.48545454545454536
A1b,Abilene.gml,500,1,29,0,0.8427726595525095,0.36265019075249966,0.25791831088859385,0.5036363636363637
A1b,Abilene.gml,500,1,29,1,0.8346337037375009,0.4344827929348392,0.2575851685218678,0.5518181818181819
A1b,Abilene.gml,500,1,29,2,0.8098266139241822,0.3256527562561459,0.2572702491326415,0.47
A1b,Abilene.gml,500,1,29,3,0.8427257524881486,0.5446250714602298,0.2569796215796249,0.6336363636363637
A1b,Abilene.gml,500,1,29,4,0.7769268452905482,0.5009720143855737,0.2567820858266701,0.5827272727272728
A1b,Abilene.gml,500,1,29,5,0.8511062665242884,0.43312078422132494,0.2565109209254817,0.56
A1b,Abilene.gml,500,1,29,6,0.8836394129510373,0.6017572885406993,0.2562352339591505,0.6836363636363637
A1b,Abilene.gml,500,1,29,7,0.7686476288701809,0.2643916091139715,0.2559506961532627,0.4163636363636364
A1b,Abilene.gml,500,1,29,8,0.8428062892000665,0.3954234591390865,0.2556574420214059,0.5300000000000001
A1b,Abilene.gml,500,1,29,9,0.7767312228594041,0.33614372573007656,0.2554094116777084,0.469090909090909
A1b,Abilene.gml,500,1,29,10,0.8262591978648319,0.4683345165952369,0.25515161534029784,0.5763636363636364
A1b,Abilene.gml,500,1,29,11,0.8182319840166487,0.406934516292953,0.2549618903819129,0.5290909090909091
A1b,Abilene.gml,500,1,29,12,0.7924885549632882,0.45502799991293325,0.2547414436022753,0.5581818181818182
A1b,Abilene.gml,500,1,29,13,0.842805617667418,0.5387277775969038,0.2545883622312892,0.6318181818181818
A1b,Abilene.gml,500,1,29,14,0.8676136224165064,0.43634292873141417,0.25444964453376645,0.5672727272727274
A1b,Abilene.gml,500,1,29,15,0.8437114240594016,0.5299927891001208,0.254276355654912,0.6263636363636363
A1b,Abilene.gml,500,1,29,16,0.80989801499397,0.38388503238000277,0.25412851174051104,0.5154545454545455
A1b,Abilene.gml,500,1,29,17,0.8840228325462672,0.4371315693626098,0.25397725600046467,0.5736363636363636
A1b,Abilene.gml,500,1,29,18,0.8016294456242169,0.41536994404332417,0.2538626059119636,0.5318181818181817
A1b,Abilene.gml,500,1,29,19,0.8263753587714394,0.39904920627128676,0.2537668564654402,0.5309090909090909
A1b,Abilene.gml,500,1,29,20,0.7936196489513702,0.38435714731816434,0.2536918149857608,0.5099999999999999
A1b,Abilene.gml,500,1,29,21,0.8747890896125845,0.49531310739985945,0.2535539096415627,0.6145454545454545
A1b,Abilene.gml,500,1,29,22,0.7850995489113494,0.4670098047994047,0.25352361226236086,0.5654545454545454
A1b,Abilene.gml,500,1,29,23,0.8512790306251422,0.4897853786968538,0.253404616257144,0.6027272727272727
A1b,Abilene.gml,500,1,29,24,0.7684869777175115,0.3015727548574091,0.25334911242809866,0.44363636363636355
A1b,Abilene.gml,500,1,29,25,0.8016572489547271,0.5303158853052017,0.2531846339939065,0.6172727272727273
A1b,Abilene.gml,500,1,29,26,0.8510821397626849,0.4868648372090449,0.25319807222767365,0.6009090909090908
A1b,Abilene.gml,500,1,29,27,0.8016504207806964,0.44837286224449896,0.2531734948255586,0.5563636363636365
A1b,Abilene.gml,500,1,29,28,0.842769409568115,0.46223660145915346,0.25323184439498486,0.5836363636363636
A1b,Abilene.gml,500,1,29,29,0.8098338956899962,0.42111089217895387,0.2533155113138938,0.5445454545454544
A1b,Abilene.gml,500,1,29,30,0.834644228124851,0.45171783106243435,0.2533949026480334,0.5727272727272728
A1b,Abilene.gml,500,1,29,31,0.7769621743832026,0.4554437230390562,0.2533813120443687,0.56
A1b,Abilene.gml,500,1,29,32,0.8102257316493305,0.3739479165563528,0.2535013334480538,0.5127272727272727
A1b,Abilene.gml,500,1,29,33,0.77697220250204,0.46184014609703716,0.2534350698993083,0.5645454545454546
A1b,Abilene.gml,500,1,29,34,0.8262895823756032,0.4004522073885284,0.2534750716221612,0.5327272727272727
A1b,Abilene.gml,500,1,29,35,0.7683125778091925,0.3902253906043318,0.25315311327399276,0.5063636363636363
A1b,Abilene.gml,500,1,29,36,0.793377772881119,0.4143867514592103,0.2530571737017146,0.5363636363636364
A1b,Abilene.gml,500,1,29,37,0.7935410465463526,0.43476178619075195,0.2532361128854974,0.5509090909090909
A1b,Abilene.gml,500,1,29,38,0.8189282091769342,0.4829908957316022,0.2533100076342296,0.5918181818181818
A1b,Abilene.gml,500,1,29,39,0.787508556192655,0.3426799418808058,0.25340922599425036,0.4772727272727273
A1b,Abilene.gml,500,1,29,40,0.7769051042661911,0.45629070635436675,0.25309178963333806,0.5590909090909091
A1b,Abilene.gml,500,1,29,41,0.7780612908526929,0.42486013582528376,0.25300227904753986,0.5409090909090909
A1b,Abilene.gml,500,1,29,42,0.8116675869815755,0.37794397478714115,0.25324025551100743,0.5172727272727273
A1b,Abilene.gml,500,1,29,43,0.8430828798279241,0.37965315976700603,0.25327992805100835,0.529090909090909
A1b,Abilene.gml,500,1,29,44,0.7880547510588168,0.4651169381075487,0.2535599872893812,0.57
A1b,Abilene.gml,500,1,29,45,0.9006069938491943,0.5819084399613119,0.25351450355442134,0.6836363636363635
A1b,Abilene.gml,500,1,29,46,0.7526830027923832,0.36082817734367506,0.2535883511850946,0.4827272727272728
A1b,Abilene.gml,500,1,29,47,0.8674539784116031,0.45113587906737995,0.25371133318519024,0.5863636363636364
A1b,Abilene.gml,500,1,29,48,0.8180862424197612,0.4781570304173185,0.25368921141159106,0.5918181818181818
A1b,Abilene.gml,500,1,29,49,0.8510951562971342,0.4645491054210644,0.25392534282788826,0.5918181818181818
