arm,topo,rate,seed,episode,step,rd,rp,th,r_mean
A1b,Abilene.gml,500,2,0,0,0.7603100284864638,0.6056595139135811,0.2642502062209266,0.6527272727272727
A1b,Abilene.gml,500,2,0,1,0.743884469716643,0.5242173507256361,0.26408143592315075,0.5909090909090909
A1b,Abilene.gml,500,2,0,2,0.7439130493464873,0.524157651669046,0.2639147894779259,0.5909090909090909
A1b,Abilene.gml,500,2,0,3,0.7439712462828432,0.5239031355920309,0.26377455117629334,0.5909090909090909
A1b,Abilene.gml,500,2,0,4,0.7441389631737472,0.5236138935901371,0.2636607043536086,0.5918181818181818
A1b,Abilene.gml,500,2,0,5,0.7474653552766557,0.5232897816367967,0.2635732349860415,0.5927272727272727
A1b,Abilene.gml,500,2,0,6,0.7598402738714642,0.5229306649637452,0.26351213168890975,0.5981818181818181
A1b,Abilene.gml,500,2,0,7,0.7600839322968376,0.5225364182885036,0.2634773857152765,0.5981818181818181
A1b,Abilene.gml,500,2,0,8,0.7601598022633123,0.5221069260420698,0.2634689909548123,0.5963636363636363
A1b,Abilene.gml,500,2,0,9,0.7601966027496689,0.5216420825965188,0.2634869439329195,0.5963636363636363
A1b,Abilene.gml,500,2,0,10,0.7603642548989488,0.6007678635369801,0.26353124381012233,0.6509090909090909
A1b,Abilene.gml,500,2,0,11,0.7602409632210555,0.5214601049155486,0.2635438639495344,0.5990909090909091
A1b,Abilene.gml,500,2,0,12,0.7607070426671915,0.6005226126977331,0.263631705672388,0.6518181818181819
A1b,Abilene.gml,500,2,0,13,0.7602528354741718,0.5211420760311888,0.2636878791522958,0.5990909090909091
A1b,Abilene.gml,500,2,0,14,0.7602539867710422,0.5204611428370429,0.26366373964465367,0.5990909090909091
A1b,Abilene.gml,500,2,0,15,0.7602576930105109,0.5198063327335283,0.2638104462053304,0.5963636363636365
A1b,Abilene.gml,500,2,0,16,0.7602604594347401,0.5190336445415258,0.26398351913997165,0.5963636363636365
A1b,Abilene.gml,500,2,0,17,0.7602624856536949,0.5181044034152293,0.26418297311923344,0.5963636363636365
A1b,Abilene.gml,500,2,0,18,0.7602639041867782,0.5171378861185334,0.2644088254504093,0.5963636363636365
A1b,Abilene.gml,500,2,0,19,0.760264803132138,0.5161341570394804,0.26466109607889693,0.5963636363636365
A1b,Abilene.gml,500,2,0,20,0.7602652397448544,0.5150932952630429,0.2649398075899297,0.5954545454545456
A1b,Abilene.gml,500,2,0,21,0.7602652483668622,0.5140153948934896,0.26524498521057027,0.5954545454545456
A1b,Abilene.gml,500,2,0,22,0.760264844989543,0.5129005651658,0.2655766568119699,0.5954545454545456
A1b,Abilene.gml,500,2,0,23,0.7602640295473511,0.5117489305473513,0.2659348529118906,0.5945454545454547
A1b,Abilene.gml,500,2,0,24,0.7602627864768386,0.5105606308294349,0.2663196066774925,0.5945454545454547
A1b,Abilene.gml,500,2,0,25,0.79357641474063,0.5867102413617031,0.2667309539283856,0.6536363636363637
A1b,Abilene.gml,500,2,0,26,0.7933516685645917,0.5862726041813718,0.266856114534652,0.6527272727272727
A1b,Abilene.gml,500,2,0,27,0.7602904404344252,0.508215183431317,0.2670079482363113,0.5936363636363636
A1b,Abilene.gml,500,2,0,28,0.7602902973974657,0.5069006017766351,0.2674777006898215,0.5936363636363636
A1b,Abilene.gml,500,2,0,29,0.760290023109217,0.5055499327295205,0.2679741539381554,0.5927272727272727
A1b,Abilene.gml,500,2,0,30,0.7602896229154203,0.5041634056301688,0.2684973549565583,0.5927272727272727
A1b,Abilene.gml,500,2,0,31,0.7602891021360747,0.5027412656431121,0.26904735339035485,0.5909090909090909
A1b,Abilene.gml,500,2,0,32,0.7602768432652421,0.5014489576715051,0.2694522476230378,0.59
A1b,Abilene.gml,500,2,0,33,0.7928602898214795,0.577534512131109,0.2698840465910598,0.6490909090909092
A1b,Abilene.gml,500,2,0,34,0.760264575319814,0.4991350418757082,0.269986617912655,0.5890909090909091
A1b,Abilene.gml,500,2,0,35,0.7602614469085961,0.4971482337121111,0.27060397648979984,0.5872727272727274
A1b,Abilene.gml,500,2,0,36,0.768789962678981,0.5576820866178849,0.2712483337287361,0.6318181818181818
A1b,Abilene.gml,500,2,0,37,0.7602765780818689,0.4936903924803259,0.2715962653480157,0.5872727272727274
A1b,Abilene.gml,500,2,0,38,0.7602753527947376,0.4916143471325611,0.27228339960792003,0.5854545454545456
A1b,Abilene.gml,500,2,0,39,0.7798118967524927,0.5692878331045184,0.2728240721152165,0.6409090909090909
A1b,Abilene.gml,500,2,0,40,0.7602096455085537,0.4882933055107138,0.27333349638212306,0.5827272727272728
A1b,Abilene.gml,500,2,0,41,0.7600350919641724,0.48650854235521435,0.2739210101445243,0.5827272727272728
A1b,Abilene.gml,500,2,0,42,0.7471441653077036,0.48467887313034197,0.2745358572565637,0.579090909090909
A1b,Abilene.gml,500,2,0,43,0.7769491803499388,0.5617651386137433,0.27532060324293167,0.6354545454545454
A1b,Abilene.gml,500,2,0,44,0.7603979808970298,0.5212605139028145,0.27571053135833445,0.6127272727272728
A1b,Abilene.gml,500,2,0,45,0.7447980992143641,0.4790599664289006,0.27637705413735103,0.5745454545454546
A1b,Abilene.gml,500,2,0,46,0.7445054503727216,0.47675972212319184,0.27722340055053957,0.5736363636363637
A1b,Abilene.gml,500,2,0,47,0.7445224515325165,0.47476735190438757,0.277935357780454,0.5727272727272728
A1b,Abilene.gml,500,2,0,48,0.7734823480631199,0.47233223931849344,0.2786750373504235,0.5790909090909091
A1b,Abilene.gml,500,2,0,49,0.7764160469079818,0.4701106533090755,0.279442510456171,0.5781818181818182
A1b,Abilene.gml,500,2,1,0,0.7438658122773063,0.5276284300133894,0.2632392680411702,0.5945454545454546
A1b,Abilene.gml,500,2,1,1,0.7438768800931286,0.5277774156094467,0.2630605518576293,0.5945454545454546
A1b,Abilene.gml,500,2,1,2,0.7438944856454381,0.5275727279763553,0.2629081596008925,0.5936363636363636
A1b,Abilene.gml,500,2,1,3,0.7603254810743973,0.6070968457389442,0.2627820733993415,0.6536363636363637
A1b,Abilene.gml,500,2,1,4,0.7442514998812088,0.527909595360653,0.2626628942018509,0.5954545454545455
A1b,Abilene.gml,500,2,1,5,0.7575224507381036,0.5276048779734106,0.2625802660867365,0.5981818181818181
A1b,Abilene.gml,500,2,1,6,0.7599419343377799,0.527265031473616,0.26252390426104244,0.5990909090909091
A1b,Abilene.gml,500,2,1,7,0.7601147634319596,0.5268899259602352,0.2624938004619569,0.600909090909091
A1b,Abilene.gml,500,2,1,8,0.7601776497058588,0.5264794410200226,0.2624899490532976,0.6018181818181818
A1b,Abilene.gml,500,2,1,9,0.7602101779285761,0.5260334659535955,0.2625123470246844,0.6027272727272727
A1b,Abilene.gml,500,2,1,10,0.7603893446698877,0.6038785844386431,0.2625609939909765,0.6536363636363637
A1b,Abilene.gml,500,2,1,11,0.7602510680415627,0.5259039642902203,0.26257093169664497,0.6018181818181818
A1b,Abilene.gml,500,2,1,12,0.7602573006490203,0.5253548926419298,0.2626629571679129,0.6018181818181818
A1b,Abilene.gml,500,2,1,13,0.7602620134049094,0.5247699121276969,0.26278123973235035,0.6018181818181818
A1b,Abilene.gml,500,2,1,14,0.7602656188802766,0.5241489632035846,0.26292578859250465,0.6027272727272729
A1b,Abilene.gml,500,2,1,15,0.7602683815172963,0.5234690486706672,0.2630966155766321,0.601818181818182
A1b,Abilene.gml,500,2,1,16,0.7602704767630523,0.5225785874761875,0.2632937351396189,0.600909090909091
A1b,Abilene.gml,500,2,1,17,0.7602720244120422,0.5216506389931156,0.2635171643641633,0.600909090909091
A1b,Abilene.gml,500,2,1,18,0.7602731066055377,0.5206854641440434,0.2637669229622217,0.6000000000000001
A1b,Abilene.gml,500,2,1,19,0.7602737794907944,0.5196831214977614,0.2640430332767165,0.6000000000000001
A1b,Abilene.gml,500,2,1,20,0.7602740801539111,0.5186436841649773,0.26434552028350755,0.5990909090909091
A1b,Abilene.gml,500,2,1,21,0.7602740308541314,0.5175672399294485,0.2646744115936262,0.5981818181818183
A1b,Abilene.gml,500,2,1,22,0.8094201767113894,0.5928078824275924,0.2650297374557733,0.6636363636363636
A1b,Abilene.gml,500,2,1,23,0.7602671096131133,0.5159532581201218,0.2652548956099612,0.5981818181818183
A1b,Abilene.gml,500,2,1,24,0.7943904305315946,0.5913825232951321,0.2656539578440162,0.6572727272727273
A1b,Abilene.gml,500,2,1,25,0.7602827337951331,0.5142630293195585,0.26576813877194994,0.5972727272727274
A1b,Abilene.gml,500,2,1,26,0.7602819252661813,0.5130111146382457,0.2662095108986567,0.5972727272727274
A1b,Abilene.gml,500,2,1,27,0.7602808874335075,0.5117228349430298,0.2666774598392406,0.5945454545454547
A1b,Abilene.gml,500,2,1,28,0.7602796037513394,0.5103983822990051,0.26717202973091453,0.5945454545454547
A1b,Abilene.gml,500,2,1,29,0.7602780513476909,0.5090379642521377,0.26769326736857235,0.5936363636363637
A1b,Abilene.gml,500,2,1,30,0.7931388882593342,0.5836289350954961,0.2682412222092032,0.6536363636363637
A1b,Abilene.gml,500,2,1,31,0.7602933953072374,0.5067182495639028,0.2684612599227186,0.5936363636363637
A1b,Abilene.gml,500,2,1,32,0.7602930420815927,0.504808019111048,0.26905189726693934,0.5918181818181818
A1b,Abilene.gml,500,2,1,33,0.7688238098619046,0.5640070776465728,0.2694748982277691,0.6354545454545454
A1b,Abilene.gml,500,2,1,34,0.7602933918125792,0.5020312995515472,0.2697736164383127,0.5918181818181818
A1b,Abilene.gml,500,2,1,35,0.7602774304991876,0.5004997150934052,0.2702373810303254,0.5909090909090909
A1b,Abilene.gml,500,2,1,36,0.7928438250709021,0.5763194529530286,0.2709048764055466,0.649090909090909
A1b,Abilene.gml,500,2,1,37,0.7603015877628022,0.49716599342837314,0.2712157823649061,0.5909090909090909
A1b,Abilene.gml,500,2,1,38,0.7603046748703008,0.4950789520575526,0.27192648263506,0.5890909090909091
A1b,Abilene.gml,500,2,1,39,0.7603098402701935,0.4929582265480088,0.2726643044834503,0.5872727272727274
A1b,Abilene.gml,500,2,1,40,0.7602948519410976,0.49126789816953575,0.2732132216731927,0.5863636363636364
A1b,Abilene.gml,500,2,1,41,0.7602547760322212,0.4895310865677888,0.2737894052933835,0.5863636363636364
A1b,Abilene.gml,500,2,1,42,0.7770237251447033,0.566275605059758,0.2743929102357416,0.6409090909090908
A1b,Abilene.gml,500,2,1,43,0.7601973019491091,0.4867097135464656,0.27459635185446085,0.5845454545454545
A1b,Abilene.gml,500,2,1,44,0.7769721690727626,0.563268105604627,0.27524360679818094,0.639090909090909
A1b,Abilene.gml,500,2,1,45,0.7604003235037776,0.4833526543058397,0.27565780003371376,0.5836363636363636
A1b,Abilene.gml,500,2,1,46,0.7622779602997497,0.481051145817263,0.27651585002650036,0.5827272727272726
A1b,Abilene.gml,500,2,1,47,0.7920750516431224,0.4784850805493258,0.27740146579929026,0.5890909090909091
A1b,Abilene.gml,500,2,1,48,0.7914222131630424,0.47594908577229217,0.2783147331570829,0.5890909090909091
A1b,Abilene.gml,500,2,1,49,0.7769627603736164,0.55054163051706,0.2792557406614554,0.6309090909090909
A1b,Abilene.gml,500,2,2,0,0.7851879884063433,0.6779534621754447,0.26349515001114066,0.7118181818181818
A1b,Abilene.gml,500,2,2,1,0.7438567158173478,0.5275720822919395,0.26321360811024613,0.5945454545454546
A1b,Abilene.gml,500,2,2,2,0.7438646521367853,0.5273457983201412,0.2630804452790778,0.5954545454545455
A1b,Abilene.gml,500,2,2,3,0.7438763693958257,0.5270842609693822,0.26297360380872054,0.5954545454545455
A1b,Abilene.gml,500,2,2,4,0.7438944148954683,0.5267873204456505,0.2628930703828911,0.5945454545454546
A1b,Abilene.gml,500,2,2,5,0.7439246642917734,0.526454836431722,0.26283883431744254,0.5954545454545455
A1b,Abilene.gml,500,2,2,6,0.7439840929152951,0.5260866783161599,0.26281088755903226,0.5945454545454546
A1b,Abilene.gml,500,2,2,7,0.7441497265650532,0.5256827254222315,0.2628092246840538,0.5954545454545455
A1b,Abilene.gml,500,2,2,8,0.7467479492913222,0.5252428672364511,0.26283384289783124,0.5972727272727274
A1b,Abilene.gml,500,2,2,9,0.7598209721545924,0.5247670036364319,0.2628847420340771,0.6000000000000001
A1b,Abilene.gml,500,2,2,10,0.7284722645590254,0.5030982562576374,0.26296192455461265,0.5763636363636363
A1b,Abilene.gml,500,2,2,11,0.7600533397590137,0.5239307222294665,0.2630539592708845,0.600909090909091
A1b,Abilene.gml,500,2,2,12,0.7603811692902116,0.6004836068883351,0.26317371635577713,0.6518181818181819
A1b,Abilene.gml,500,2,2,13,0.7602213035097818,0.5236017798894222,0.2632111784953916,0.600909090909091
A1b,Abilene.gml,500,2,2,14,0.7602354685434343,0.5229584029601165,0.26337452089861907,0.600909090909091
A1b,Abilene.gml,500,2,2,15,0.7602452691872105,0.5222784723232943,0.26356418441969615,0.6000000000000001
A1b,Abilene.gml,500,2,2,16,0.7602523252082016,0.5215619630576979,0.26378018539286296,0.600909090909091
A1b,Abilene.gml,500,2,2,17,0.7602575223950102,0.5208088625530441,0.26402254278447185,0.600909090909091
A1b,Abilene.gml,500,2,2,18,0.7602613849721993,0.5200187502855405,0.26429127819462,0.5990909090909091
A1b,Abilene.gml,500,2,2,19,0.7602642400667231,0.5190148102975439,0.2645864158590466,0.5990909090909091
A1b,Abilene.gml,500,2,2,20,0.7602663005100031,0.5179533982011194,0.2649079826512927,0.5981818181818183
A1b,Abilene.gml,500,2,2,21,0.7602677071413765,0.5168543709310315,0.26525600808512456,0.5972727272727274
A1b,Abilene.gml,500,2,2,22,0.8094434064926213,0.5911561719998915,0.26563052431722173,0.6627272727272727
A1b,Abilene.gml,500,2,2,23,0.7602636860396088,0.5151938757871849,0.2658503295688143,0.5972727272727274
A1b,Abilene.gml,500,2,2,24,0.7602628053262227,0.5139811218245346,0.26626878566761436,0.5963636363636365
A1b,Abilene.gml,500,2,2,25,0.7602614252567549,0.5127313132767959,0.26671382679937133,0.5972727272727274
A1b,Abilene.gml,500,2,2,26,0.7602595075690058,0.5114446355998415,0.26718549480969506,0.5972727272727274
A1b,Abilene.gml,500,2,2,27,0.7930519256632916,0.5853613645281758,0.26768383420269865,0.6545454545454545
A1b,Abilene.gml,500,2,2,28,0.7602799934230355,0.5095201834654572,0.2678527736583982,0.5963636363636365
A1b,Abilene.gml,500,2,2,29,0.760279196572936,0.5081329986541534,0.26839392098959514,0.5954545454545456
A1b,Abilene.gml,500,2,2,30,0.7931677796028981,0.5817775211064539,0.268961853598158,0.6527272727272728
A1b,Abilene.gml,500,2,2,31,0.7602676422679859,0.5051164846149825,0.2693272059254759,0.5918181818181818
A1b,Abilene.gml,500,2,2,32,0.7602355896449108,0.5036192433325561,0.2697723717178771,0.5918181818181818
A1b,Abilene.gml,500,2,2,33,0.7601602197100669,0.502072127320382,0.270244470230871,0.5918181818181818
A1b,Abilene.gml,500,2,2,34,0.7598172629547304,0.5004757472475636,0.27074354598103656,0.5909090909090909
A1b,Abilene.gml,500,2,2,35,0.7594020842417716,0.49843441102343833,0.27140731854815375,0.5909090909090909
A1b,Abilene.gml,500,2,2,36,0.7561522916374304,0.49635829411241517,0.27209816546986904,0.5890909090909091
A1b,Abilene.gml,500,2,2,37,0.7454388779773122,0.4942479453644799,0.27281615312343915,0.5827272727272726
A1b,Abilene.gml,500,2,2,38,0.7441583238294257,0.4925159709453204,0.273394238467414,0.5827272727272726
A1b,Abilene.gml,500,2,2,39,0.7440738015197106,0.4907377185375586,0.2739996054267013,0.5827272727272726
A1b,Abilene.gml,500,2,2,40,0.7441012037501241,0.48891392769090025,0.2746323118098353,0.5827272727272726
A1b,Abilene.gml,500,2,2,41,0.7442912752422473,0.48704536216933453,0.2752924181535119,0.5818181818181818
A1b,Abilene.gml,500,2,2,42,0.7448736700876275,0.48544039145067597,0.2757307986288955,0.58
A1b,Abilene.gml,500,2,2,43,0.7759665599336973,0.4831692700904922,0.2765614579525443,0.5872727272727274
A1b,Abilene.gml,500,2,2,44,0.776559727721907,0.48086728152696295,0.2774196903560559,0.5863636363636364
A1b,Abilene.gml,500,2,2,45,0.7766670563031105,0.4785351142515109,0.27830557890536284,0.5827272727272728
A1b,Abilene.gml,500,2,2,46,0.7766865816289253,0.4763858190599058,0.2790604156590014,0.5827272727272728
A1b,Abilene.gml,500,2,2,47,0.7766641917049912,0.4741347389678818,0.2798430829705306,0.5827272727272728
A1b,Abilene.gml,500,2,2,48,0.7768532993870246,0.5489431019197757,0.28065365632362566,0.6272727272727272
A1b,Abilene.gml,500,2,2,49,0.7730259508374853,0.4698163654392129,0.28136282087259457,0.5790909090909091
A1b,Abilene.gml,500,2,3,0,0.7768631044721424,0.582542294967869,0.263893182223706,0.6409090909090909
A1b,Abilene.gml,500,2,3,1,0.7438519839650438,0.5252853558362766,0.26362045782161886,0.5927272727272727
A1b,Abilene.gml,500,2,3,2,0.7438549291416308,0.5251368615778428,0.26344663851943345,0.5927272727272727
A1b,Abilene.gml,500,2,3,3,0.7438594985300807,0.5249538599490363,0.2632991812630301,0.5918181818181817
A1b,Abilene.gml,500,2,3,4,0.7438661534562346,0.5247361793332224,0.2631780686704788,0.5927272727272727
A1b,Abilene.gml,500,2,3,5,0.7438757741913457,0.5244836568368599,0.26308328599605385,0.5936363636363636
A1b,Abilene.gml,500,2,3,6,0.7438900700294478,0.5241961385211967,0.26301482112849583,0.5936363636363636
A1b,Abilene.gml,500,2,3,7,0.7439126753674934,0.5238734796349012,0.2629726645895375,0.5936363636363636
A1b,Abilene.gml,500,2,3,8,0.7686440004285718,0.5865641578533579,0.2629568095326919,0.6472727272727273
A1b,Abilene.gml,500,2,3,9,0.743898160130743,0.5239870794351073,0.26289583277754547,0.5963636363636363
A1b,Abilene.gml,500,2,3,10,0.7603510365946318,0.6011148673347194,0.26292153819671604,0.6509090909090909
A1b,Abilene.gml,500,2,3,11,0.7442296778802402,0.523995941154343,0.26287111229308485,0.5954545454545455
A1b,Abilene.gml,500,2,3,12,0.7562193833304761,0.5235402655158268,0.26294033934776756,0.5981818181818183
A1b,Abilene.gml,500,2,3,13,0.7599303321484423,0.5230487713366645,0.26303585351367953,0.6000000000000001
A1b,Abilene.gml,500,2,3,14,0.7603963771545115,0.5993916448967828,0.26315766171352634,0.6518181818181819
A1b,Abilene.gml,500,2,3,15,0.7602193315366368,0.522785266473094,0.26318523420251894,0.6000000000000001
A1b,Abilene.gml,500,2,3,16,0.7602373103868878,0.5221896193592512,0.2633505811702609,0.5990909090909091
A1b,Abilene.gml,500,2,3,17,0.7602494471879685,0.5215577888485331,0.2635422466614232,0.5990909090909091
A1b,Abilene.gml,500,2,3,18,0.7602581051535773,0.5208897290400547,0.26376024721070246,0.6000000000000001
A1b,Abilene.gml,500,2,3,19,0.7683746580867994,0.5963062938552857,0.26400460198464787,0.6518181818181817
A1b,Abilene.gml,500,2,3,20,0.7602697994717906,0.5202560394071317,0.2641275294481908,0.6000000000000001
A1b,Abilene.gml,500,2,3,21,0.760272425593815,0.5192834818936917,0.264415542148206,0.5981818181818183
A1b,Abilene.gml,500,2,3,22,0.7602744229926398,0.5182722114329579,0.26472996760116607,0.5972727272727274
A1b,Abilene.gml,500,2,3,23,0.7602759065409127,0.5172233742119908,0.26507083460834086,0.5990909090909091
A1b,Abilene.gml,500,2,3,24,0.7602769571682224,0.5161370681886619,0.2654381746122759,0.5981818181818183
A1b,Abilene.gml,500,2,3,25,0.8095102838983059,0.590594097082898,0.2658320216996717,0.6609090909090909
A1b,Abilene.gml,500,2,3,26,0.7602730038415767,0.514460705817064,0.26606806114009357,0.5990909090909091
A1b,Abilene.gml,500,2,3,27,0.7602724211649412,0.5132611827655753,0.26650585300811386,0.5972727272727274
A1b,Abilene.gml,500,2,3,28,0.7602715014812396,0.5120247190815328,0.26697025168224825,0.5972727272727274
A1b,Abilene.gml,500,2,3,29,0.7602702302076739,0.5107514908964083,0.2674613009416833,0.5972727272727274
A1b,Abilene.gml,500,2,3,30,0.7931609827866803,0.584815165463955,0.2679790472262866,0.6527272727272728
A1b,Abilene.gml,500,2,3,31,0.7602562090548975,0.5086828187154983,0.26831160643130625,0.5945454545454546
A1b,Abilene.gml,500,2,3,32,0.7602161538315939,0.5077148213486433,0.2687291095161087,0.5936363636363636
A1b,Abilene.gml,500,2,3,33,0.7601132446866689,0.5064263307123891,0.2691734437615543,0.5936363636363636
A1b,Abilene.gml,500,2,3,34,0.7521084800896279,0.5049008259570696,0.2696446509179515,0.5909090909090908
A1b,Abilene.gml,500,2,3,35,0.7443399632891211,0.5033258351662181,0.27014277541872483,0.5881818181818181
A1b,Abilene.gml,500,2,3,36,0.7442092858779268,0.5013613188903342,0.2707732964791361,0.5881818181818181
A1b,Abilene.gml,500,2,3,37,0.7441378911312536,0.49936105544821563,0.27143083181708927,0.5872727272727273
A1b,Abilene.gml,500,2,3,38,0.7440979640421573,0.4973255508256498,0.2721154444846903,0.5854545454545454
A1b,Abilene.gml,500,2,3,39,0.7769067554063046,0.5736005310053218,0.27269249244156935,0.6445454545454546
A1b,Abilene.gml,500,2,3,40,0.7440155287367911,0.49401344285018195,0.2732025597581105,0.5836363636363637
A1b,Abilene.gml,500,2,3,41,0.7440366142190767,0.49221711754240227,0.2738265109034033,0.5827272727272726
A1b,Abilene.gml,500,2,3,42,0.7441298624658647,0.4903754656463809,0.27447778230467185,0.5827272727272726
A1b,Abilene.gml,500,2,3,43,0.7445823822122037,0.48848924858423587,0.2751564363570309,0.5818181818181818
A1b,Abilene.gml,500,2,3,44,0.7768738603669895,0.5658614477612935,0.27558633560369616,0.639090909090909
A1b,Abilene.gml,500,2,3,45,0.774951976788251,0.4854804984646954,0.27592680817335996,0.5881818181818183
A1b,Abilene.gml,500,2,3,46,0.7764941549269081,0.48322618379592086,0.27675909209585886,0.5881818181818183
A1b,Abilene.gml,500,2,3,47,0.7766543573715112,0.4809407958097992,0.27761896869917496,0.5872727272727274
A1b,Abilene.gml,500,2,3,48,0.7768711077362415,0.5571986715491639,0.2785065212117007,0.6345454545454545
A1b,Abilene.gml,500,2,3,49,0.7767071437614805,0.47655800356051453,0.2791811075805075,0.5836363636363637
A1b,Abilene.gml,500,2,4,0,0.7438441827506893,0.525345557367595,0.2644658087515644,0.5927272727272727
A1b,Abilene.gml,500,2,4,1,0.7438466363395689,0.5252366408716049,0.2642752026781086,0.5927272727272727
A1b,Abilene.gml,500,2,4,2,0.7438506969461968,0.5250936821425753,0.26411104318552786,0.5918181818181818
A1b,Abilene.gml,500,2,4,3,0.7438567484386179,0.5249165046090236,0.263973311213215,0.5918181818181818
A1b,Abilene.gml,500,2,4,4,0.7438655440549671,0.5247049398216411,0.2638619903452206,0.5927272727272728
A1b,Abilene.gml,500,2,4,5,0.743878531840388,0.5244588276721136,0.2637770668083475,0.5936363636363636
A1b,Abilene.gml,500,2,4,6,0.7438986931727495,0.5241780166136754,0.26371852947050906,0.5936363636363636
A1b,Abilene.gml,500,2,4,7,0.743933088714201,0.5238623638831945,0.2636863698393514,0.5936363636363636
A1b,Abilene.gml,500,2,4,8,0.7440031485013043,0.5235117357245502,0.26368058206114076,0.5936363636363636
A1b,Abilene.gml,500,2,4,9,0.7442182050593676,0.5231260076130609,0.263701162919914,0.5936363636363636
A1b,Abilene.gml,500,2,4,10,0.7532449739188045,0.5227050644806791,0.26374811183689345,0.5972727272727274
A1b,Abilene.gml,500,2,4,11,0.7598774347886491,0.5222488009416633,0.2638214308701649,0.5990909090909091
A1b,Abilene.gml,500,2,4,12,0.7600935428776837,0.5217571215184099,0.26392112471462004,0.5990909090909091
A1b,Abilene.gml,500,2,4,13,0.760166873015999,0.5212299408671037,0.2640472007021621,0.5990909090909091
A1b,Abilene.gml,500,2,4,14,0.760203750350536,0.5206671840028261,0.2641996688021757,0.5990909090909091
A1b,Abilene.gml,500,2,4,15,0.7602257795552151,0.5200687865237421,0.2643785416222595,0.5990909090909091
A1b,Abilene.gml,500,2,4,16,0.760240287429209,0.5194346948339598,0.26458383440922356,0.5990909090909091
A1b,Abilene.gml,500,2,4,17,0.7610410135289206,0.5946727816353329,0.26481556505034975,0.6481818181818182
A1b,Abilene.gml,500,2,4,18,0.7602607865551402,0.5189475062854699,0.26491680230799486,0.5990909090909091
A1b,Abilene.gml,500,2,4,19,0.7602644601629184,0.5181953257973222,0.26519206729129424,0.5981818181818183
A1b,Abilene.gml,500,2,4,20,0.760267213150816,0.5174020980065577,0.26549382395482424,0.5981818181818183
A1b,Abilene.gml,500,2,4,21,0.7602692317868506,0.5164434965517434,0.26582209982508354,0.5972727272727274
A1b,Abilene.gml,500,2,4,22,0.7602706420478977,0.5154054923663922,0.2661769250777382,0.5972727272727274
A1b,Abilene.gml,500,2,4,23,0.8094510406937686,0.5896431660482362,0.2665583325403755,0.6609090909090909
A1b,Abilene.gml,500,2,4,24,0.7602670121651541,0.5138781508705892,0.2667717050698473,0.5972727272727274
A1b,Abilene.gml,500,2,4,25,0.7602662434936863,0.5127277973673315,0.2671969129774387,0.5963636363636365
A1b,Abilene.gml,500,2,4,26,0.7602650116234376,0.5115408747770859,0.26764879805553715,0.5963636363636365
A1b,Abilene.gml,500,2,4,27,0.7602632826631176,0.5103175353046804,0.26812740282493325,0.5972727272727274
A1b,Abilene.gml,500,2,4,28,0.7602610000971555,0.5090579463742424,0.268632772474135,0.5963636363636364
A1b,Abilene.gml,500,2,4,29,0.7602301837689459,0.5082632439945668,0.26898678473600396,0.5963636363636364
A1b,Abilene.gml,500,2,4,30,0.7601617671948708,0.5074178928845238,0.2693676602751205,0.5954545454545456
A1b,Abilene.gml,500,2,4,31,0.7598973912922801,0.5065222001280717,0.2697754344927105,0.5954545454545456
A1b,Abilene.gml,500,2,4,32,0.7450083147912431,0.5054012564432674,0.2702101454763281,0.589090909090909
A1b,Abilene.gml,500,2,4,33,0.7440937958200543,0.5039443692732152,0.27067183400339495,0.5881818181818181
A1b,Abilene.gml,500,2,4,34,0.7440572901590446,0.5020323678595476,0.271288968095113,0.5872727272727273
A1b,Abilene.gml,500,2,4,35,0.7440342442468495,0.5000843856134715,0.27193316937023143,0.5863636363636364
A1b,Abilene.gml,500,2,4,36,0.7439801667768322,0.4985167119638476,0.27245625487937775,0.5863636363636364
A1b,Abilene.gml,500,2,4,37,0.7439665743316286,0.49690062660256706,0.2730065337054612,0.5863636363636364
A1b,Abilene.gml,500,2,4,38,0.743976830135146,0.4952367734993684,0.2735840581570325,0.5845454545454546
A1b,Abilene.gml,500,2,4,39,0.769439367366468,0.5557171365465263,0.27418888326197427,0.6327272727272727
A1b,Abilene.gml,500,2,4,40,0.7768685369256004,0.5696451873244434,0.27456397417931017,0.6399999999999999
A1b,Abilene.gml,500,2,4,41,0.7441466149119322,0.490732429093813,0.27484617593921495,0.5827272727272726
A1b,Abilene.gml,500,2,4,42,0.7446403168988383,0.48892380298045435,0.27549851678615506,0.5818181818181818
A1b,Abilene.gml,500,2,4,43,0.7757199686358948,0.48675255877965545,0.2762880257626125,0.59
A1b,Abilene.gml,500,2,4,44,0.7765241985621814,0.48487258177838394,0.2769854263418743,0.5890909090909091
A1b,Abilene.gml,500,2,4,45,0.7766492918224319,0.4829491925263436,0.2777104557237123,0.5863636363636364
A1b,Abilene.gml,500,2,4,46,0.7766945260080423,0.48069410160356213,0.2785628824522793,0.5854545454545454
A1b,Abilene.gml,500,2,4,47,0.7767040539565667,0.4786058172288304,0.2793334186501009,0.5854545454545454
A1b,Abilene.gml,500,2,4,48,0.7766897559703719,0.4760995421605261,0.2801318111361678,0.5827272727272728
A1b,Abilene.gml,500,2,4,49,0.776630701905568,0.4738743893433558,0.2809581369640997,0.5818181818181818
A1b,Abilene.gml,500,2,5,0,0.7686752026170239,0.58664359222037,0.26453320801335445,0.6436363636363637
A1b,Abilene.gml,500,2,5,1,0.7438429304495348,0.5236619474634806,0.26435993876731767,0.5909090909090908
A1b,Abilene.gml,500,2,5,2,0.7438438277163708,0.5235535203494509,0.2641927590855789,0.5909090909090908
A1b,Abilene.gml,500,2,5,3,0.7438458280183294,0.5234110468249369,0.2640520153977168,0.5927272727272727
A1b,Abilene.gml,500,2,5,4,0.7438490201773061,0.523234345146088,0.2639376909857633,0.5927272727272727
A1b,Abilene.gml,500,2,5,5,0.7438536351597176,0.5230232417082354,0.2638497717753496,0.5918181818181817
A1b,Abilene.gml,500,2,5,6,0.743860110419698,0.5227775712773205,0.26378824633403447,0.5927272727272727
A1b,Abilene.gml,500,2,5,7,0.743869236153934,0.5224971772232266,0.2637531058698968,0.5927272727272727
A1b,Abilene.gml,500,2,5,8,0.743882490691848,0.5221819117547678,0.26374434423039267,0.5927272727272727
A1b,Abilene.gml,500,2,5,9,0.7439028941685565,0.5218316361560734,0.2637619579014754,0.5945454545454546
A1b,Abilene.gml,500,2,5,10,0.7439376051458946,0.5214462210240866,0.2638059460069812,0.5936363636363636
A1b,Abilene.gml,500,2,5,11,0.744008507959856,0.5210255465068635,0.2638763103082772,0.5936363636363636
A1b,Abilene.gml,500,2,5,12,0.7442295701446919,0.5205695025423484,0.2639730552041739,0.5936363636363636
A1b,Abilene.gml,500,2,5,13,0.727403628905376,0.4758544584920067,0.2640961877311014,0.5554545454545454
A1b,Abilene.gml,500,2,5,14,0.7598984536467376,0.5195509164057625,0.26424571756354925,0.5972727272727274
A1b,Abilene.gml,500,2,5,15,0.7601046357995471,0.5189882052073864,0.2644216570147704,0.5972727272727274
A1b,Abilene.gml,500,2,5,16,0.7601757938102083,0.5183897869840035,0.26462402103774774,0.5963636363636365
A1b,Abilene.gml,500,2,5,17,0.7602117609938617,0.5177556041951927,0.26485282722642656,0.5963636363636365
A1b,Abilene.gml,500,2,5,18,0.760233320820279,0.5170856105116682,0.26510809581720923,0.5963636363636365
A1b,Abilene.gml,500,2,5,19,0.7602475655283407,0.5163797710462447,0.2653898496907145,0.5972727272727274
A1b,Abilene.gml,500,2,5,20,0.7602575778914384,0.5156380625818437,0.2656981143738015,0.5972727272727274
A1b,Abilene.gml,500,2,5,21,0.7602649139147264,0.5148604737960258,0.26603291804185747,0.5981818181818183
A1b,Abilene.gml,500,2,5,22,0.7932778268342467,0.5163551890709684,0.266394291521351,0.61
A1b,Abilene.gml,500,2,5,23,0.7602746879448699,0.5131842115657659,0.2667822682926486,0.5954545454545456
A1b,Abilene.gml,500,2,5,24,0.7602779874586679,0.5121587994002677,0.26719688449309836,0.5954545454545456
A1b,Abilene.gml,500,2,5,25,0.7602805692583335,0.5110517881492529,0.2676381789203774,0.5954545454545456
A1b,Abilene.gml,500,2,5,26,0.7602825958914025,0.50990789378864,0.2681061930361057,0.5945454545454546
A1b,Abilene.gml,500,2,5,27,0.7686472771733538,0.5698088120008108,0.2686009709697261,0.6381818181818182
A1b,Abilene.gml,500,2,5,28,0.8092577844071467,0.5818017493632547,0.26893029408651664,0.6545454545454544
A1b,Abilene.gml,500,2,5,29,0.7602638146295093,0.5073483674287823,0.2692035557630409,0.5954545454545456
A1b,Abilene.gml,500,2,5,30,0.7602623658513438,0.5060611707332304,0.269758854152506,0.5936363636363637
A1b,Abilene.gml,500,2,5,31,0.7785489907334138,0.5791857798947456,0.2701507491500535,0.6463636363636364
A1b,Abilene.gml,500,2,5,32,0.7601949368069983,0.5044247349707862,0.27048753592025876,0.5927272727272728
A1b,Abilene.gml,500,2,5,33,0.7600261387915573,0.5034637356746953,0.2709257212122417,0.5918181818181818
A1b,Abilene.gml,500,2,5,34,0.7494690730047214,0.5020596950202786,0.27139095525781654,0.5890909090909091
A1b,Abilene.gml,500,2,5,35,0.7852569076817861,0.6432373508306454,0.2718832818755126,0.6909090909090909
A1b,Abilene.gml,500,2,5,36,0.7442801825481251,0.4997085958135479,0.2719808998166162,0.5854545454545454
A1b,Abilene.gml,500,2,5,37,0.7769332550390943,0.5737397287412906,0.2726540069941734,0.6436363636363637
A1b,Abilene.gml,500,2,5,38,0.7440797655181222,0.4962326031049558,0.2731092712728844,0.5845454545454546
A1b,Abilene.gml,500,2,5,39,0.7440730601130827,0.4941914029032748,0.2738276499634958,0.5845454545454546
A1b,Abilene.gml,500,2,5,40,0.7440895854216003,0.4921156798598929,0.27457333958123437,0.5827272727272726
A1b,Abilene.gml,500,2,5,41,0.7441221292655146,0.4903734698208561,0.2751801760855899,0.5818181818181818
A1b,Abilene.gml,500,2,5,42,0.7443570845466251,0.48858552797795285,0.2758144699239034,0.58
A1b,Abilene.gml,500,2,5,43,0.7693639320145603,0.48675258838736696,0.2764762817798256,0.5863636363636364
A1b,Abilene.gml,500,2,5,44,0.7764178076462652,0.4848754090134456,0.2771656750827401,0.5890909090909091
A1b,Abilene.gml,500,2,5,45,0.7768619738844269,0.5612732112597235,0.2778827160138326,0.6372727272727272
A1b,Abilene.gml,500,2,5,46,0.7766731349894623,0.48115963779901316,0.2785016403118457,0.5845454545454545
A1b,Abilene.gml,500,2,5,47,0.7767066383520022,0.4791628149404867,0.2792665813325454,0.5845454545454545
A1b,Abilene.gml,500,2,5,48,0.7767172794501982,0.47712489722499535,0.28005937251727636,0.5845454545454545
A1b,Abilene.gml,500,2,5,49,0.7767115971452526,0.4750467418092796,0.28088009036014056,0.5827272727272728
A1b,Abilene.gml,500,2,6,0,0.8099003747258724,0.684288590869741,0.2621653104866153,0.7236363636363636
A1b,Abilene.gml,500,2,6,1,0.7438499843761232,0.5299919834518043,0.26188669039511453,0.5963636363636363
A1b,Abilene.gml,500,2,6,2,0.7438527081088232,0.5303202260955074,0.26169898856699025,0.5972727272727272
A1b,Abilene.gml,500,2,6,3,0.7438567910805717,0.530601325400481,0.2615374754079055,0.5972727272727272
A1b,Abilene.gml,500,2,6,4,0.7438626034470829,0.5306442575796985,0.26140213214767744,0.5981818181818181
A1b,Abilene.gml,500,2,6,5,0.7603626233347304,0.5636189408618016,0.2612929426349902,0.6263636363636365
A1b,Abilene.gml,500,2,6,6,0.7438627344285945,0.5301402435601423,0.2612910441416021,0.5972727272727272
A1b,Abilene.gml,500,2,6,7,0.7438735098872781,0.5297832500568956,0.261224140176986,0.5963636363636363
A1b,Abilene.gml,500,2,6,8,0.7438895783344545,0.5293904115492963,0.26118336531678393,0.5981818181818183
A1b,Abilene.gml,500,2,6,9,0.7439155472560786,0.5289616056039763,0.2611687128705996,0.5972727272727274
A1b,Abilene.gml,500,2,6,10,0.7439637966410447,0.528496720304039,0.26118017876094696,0.5972727272727274
A1b,Abilene.gml,500,2,6,11,0.7440825698142269,0.5279956544847947,0.2612177615225814,0.5981818181818183
A1b,Abilene.gml,500,2,6,12,0.7448243832330905,0.5274583179677221,0.261281462302092,0.5990909090909091
A1b,Abilene.gml,500,2,6,13,0.7596389943512613,0.5268846317922914,0.26137128485775474,0.6027272727272729
A1b,Abilene.gml,500,2,6,14,0.7600600891493708,0.5262745284452595,0.2614872355596477,0.6027272727272729
A1b,Abilene.gml,500,2,6,15,0.7601604209731998,0.5256279520870413,0.2616293233900264,0.6018181818181818
A1b,Abilene.gml,500,2,6,16,0.7602054590501421,0.5249448587747335,0.26179755994396126,0.600909090909091
A1b,Abilene.gml,500,2,6,17,0.7602309116361439,0.5242252166813596,0.26199195943023496,0.600909090909091
A1b,Abilene.gml,500,2,6,18,0.7932768437334612,0.5256289400301329,0.2622125386725031,0.6145454545454544
A1b,Abilene.gml,500,2,6,19,0.7602583756504718,0.5226762207085164,0.26245931711071424,0.6018181818181818
A1b,Abilene.gml,500,2,6,20,0.7602664943584351,0.5218468656658767,0.26273231680279263,0.6036363636363636
A1b,Abilene.gml,500,2,6,21,0.7602725883247967,0.5209809599204382,0.2630315624265821,0.6027272727272728
A1b,Abilene.gml,500,2,6,22,0.8092463188585451,0.5955832761099062,0.2633570812820519,0.6654545454545454
A1b,Abilene.gml,500,2,6,23,0.7602891448154986,0.5196143939503469,0.26342490050135664,0.6027272727272728
A1b,Abilene.gml,500,2,6,24,0.7602923186822014,0.5184514377914281,0.2637927847509714,0.6018181818181819
A1b,Abilene.gml,500,2,6,25,0.7602949701585935,0.5172508917891598,0.2641870114906364,0.6000000000000001
A1b,Abilene.gml,500,2,6,26,0.7933473393411038,0.6295324567561882,0.2646076175087764,0.6872727272727273
A1b,Abilene.gml,500,2,6,27,0.7602992214895707,0.5158941554244333,0.2646419831615961,0.5981818181818183
A1b,Abilene.gml,500,2,6,28,0.7603013480215508,0.514597580922911,0.26509513927910905,0.5981818181818183
A1b,Abilene.gml,500,2,6,29,0.7603032964020044,0.5132638156932833,0.26557475959493826,0.5981818181818183
A1b,Abilene.gml,500,2,6,30,0.7603051560922135,0.5118930819062509,0.2660808894246954,0.5972727272727274
A1b,Abilene.gml,500,2,6,31,0.7603070204977352,0.5103331433099338,0.2666135767304121,0.5972727272727274
A1b,Abilene.gml,500,2,6,32,0.7603089973715366,0.5084317706368169,0.26717287212507107,0.5963636363636365
A1b,Abilene.gml,500,2,6,33,0.7603112231084016,0.5064935292062549,0.2677588288774032,0.5963636363636365
A1b,Abilene.gml,500,2,6,34,0.7603138833407194,0.5045188868445635,0.2683715029169478,0.5927272727272727
A1b,Abilene.gml,500,2,6,35,0.7603172485195047,0.5025083308452474,0.2690109528393802,0.5918181818181818
A1b,Abilene.gml,500,2,6,36,0.7603217376501697,0.500462367791544,0.2696772399121042,0.5909090909090909
A1b,Abilene.gml,500,2,6,37,0.7603280421756551,0.4983815233524709,0.27037042808011225,0.5909090909090909
A1b,Abilene.gml,500,2,6,38,0.7603373887384546,0.496266342053787,0.2710905839721114,0.59
A1b,Abilene.gml,500,2,6,39,0.7932288680029597,0.5718437926235599,0.2718377769069187,0.6454545454545455
A1b,Abilene.gml,500,2,6,40,0.7603596567331565,0.4925443037773192,0.27232013346271516,0.5881818181818183
A1b,Abilene.gml,500,2,6,41,0.7603787404803878,0.4907987959154481,0.2728955268882031,0.5863636363636364
A1b,Abilene.gml,500,2,6,42,0.7604272206366475,0.4890073626881986,0.2734981523270374,0.5863636363636364
A1b,Abilene.gml,500,2,6,43,0.7770751611081613,0.5654186550653598,0.27412806731856043,0.639090909090909
A1b,Abilene.gml,500,2,6,44,0.7611905225798229,0.4857048122730576,0.27451503625991014,0.5854545454545456
A1b,Abilene.gml,500,2,6,45,0.7922473312129341,0.48338697722947016,0.2753752583188382,0.5909090909090909
A1b,Abilene.gml,500,2,6,46,0.7926568566698475,0.48123215511811585,0.27588436943680666,0.59
A1b,Abilene.gml,500,2,6,47,0.7836108044281428,0.4789091168039091,0.276586779944822,0.5872727272727274
A1b,Abilene.gml,500,2,6,48,0.7775360413079887,0.47635786713352957,0.2775113065421663,0.5854545454545454
A1b,Abilene.gml,500,2,6,49,0.7770274438213776,0.4737952410377941,0.27846349181750524,0.5809090909090909
A1b,Abilene.gml,500,2,7,0,0.7603091446411469,0.6061015847848549,0.26397703532700895,0.6536363636363637
A1b,Abilene.gml,500,2,7,1,0.743855909974934,0.5252577099187831,0.26380892142546214,0.5927272727272727
A1b,Abilene.gml,500,2,7,2,0.7438655400473497,0.5251032263549351,0.2636531164521357,0.5927272727272727
A1b,Abilene.gml,500,2,7,3,0.7438812177472024,0.5249144331054595,0.2635236923709518,0.5927272727272728
A1b,Abilene.gml,500,2,7,4,0.7439081117145213,0.5246911572820461,0.2634206336014131,0.5936363636363636
A1b,Abilene.gml,500,2,7,5,0.7439608883308448,0.524433234539006,0.2633439272011115,0.5918181818181818
A1b,Abilene.gml,500,2,7,6,0.74410228286844,0.5241405093070838,0.26329356286417005,0.5918181818181818
A1b,Abilene.gml,500,2,7,7,0.7454992827744499,0.5238128350285322,0.26326953291994876,0.5927272727272727
A1b,Abilene.gml,500,2,7,8,0.7597660457572072,0.5234500743931892,0.2632718323320138,0.5990909090909091
A1b,Abilene.gml,500,2,7,9,0.7600697640275418,0.5230520995752687,0.26330045869737084,0.6000000000000001
A1b,Abilene.gml,500,2,7,10,0.7603461718618715,0.6015372462493482,0.2633554122459611,0.6518181818181819
A1b,Abilene.gml,500,2,7,11,0.7602187456922326,0.5229502606057232,0.26336791598450165,0.6000000000000001
A1b,Abilene.gml,500,2,7,12,0.7602319622616787,0.5224500200465315,0.2634663099926463,0.5990909090909091
A1b,Abilene.gml,500,2,7,13,0.7602411157645204,0.5219140847161455,0.2635910407923895,0.6000000000000001
A1b,Abilene.gml,500,2,7,14,0.7602476940433806,0.5213423769986181,0.2637421182231319,0.6000000000000001
A1b,Abilene.gml,500,2,7,15,0.7602525166885808,0.5207348302235119,0.26391955475795353,0.6000000000000001
A1b,Abilene.gml,500,2,7,16,0.7602560698923384,0.5200808929711657,0.2641233655045975,0.6000000000000001
A1b,Abilene.gml,500,2,7,17,0.7602586569757931,0.5193795241947415,0.2643535682067173,0.5990909090909091
A1b,Abilene.gml,500,2,7,18,0.7602604730938662,0.5184820940459499,0.2646101832453875,0.5981818181818183
A1b,Abilene.gml,500,2,7,19,0.8092554547220913,0.5948683825630052,0.26489323364087836,0.6636363636363636
A1b,Abilene.gml,500,2,7,20,0.7602579218710727,0.517134188011752,0.26506922590759047,0.5981818181818183
A1b,Abilene.gml,500,2,7,21,0.7602572835227351,0.5161053181174519,0.2653959349005272,0.5972727272727274
A1b,Abilene.gml,500,2,7,22,0.7602561366277787,0.5150393900278465,0.26574915081605466,0.5972727272727274
A1b,Abilene.gml,500,2,7,23,0.7602544523600653,0.5139365045822348,0.26612890632507225,0.5954545454545456
A1b,Abilene.gml,500,2,7,24,0.8089233910691931,0.5898416999963891,0.2665352367491713,0.6599999999999999
A1b,Abilene.gml,500,2,7,25,0.7602389370876811,0.5121947033702826,0.2668067608426892,0.5954545454545456
A1b,Abilene.gml,500,2,7,26,0.760233672400706,0.5109802872627794,0.2672570240257092,0.5954545454545456
A1b,Abilene.gml,500,2,7,27,0.7602270566201086,0.5097294532591458,0.26773396788481363,0.5954545454545456
A1b,Abilene.gml,500,2,7,28,0.7602186674684513,0.508442379030686,0.26823763744632045,0.5936363636363636
A1b,Abilene.gml,500,2,7,29,0.7601347230850034,0.5075458551578372,0.2686242632062635,0.5936363636363636
A1b,Abilene.gml,500,2,7,30,0.7770110096746727,0.58335440151943,0.2690377127299511,0.6481818181818182
A1b,Abilene.gml,500,2,7,31,0.7599468160145743,0.5063422248957435,0.269111232897969,0.5936363636363636
A1b,Abilene.gml,500,2,7,32,0.7456282679214161,0.5052875705065122,0.26956736615743426,0.5881818181818181
A1b,Abilene.gml,500,2,7,33,0.7769551385646648,0.5805413193384427,0.270155395696607,0.6463636363636364
A1b,Abilene.gml,500,2,7,34,0.7598211986720993,0.5021846452213654,0.2703925455160136,0.5909090909090909
A1b,Abilene.gml,500,2,7,35,0.7355304649118842,0.47134765619230107,0.2710234293022916,0.5627272727272726
A1b,Abilene.gml,500,2,7,36,0.7443495608326138,0.49859946773438196,0.2715473039778847,0.5863636363636364
A1b,Abilene.gml,500,2,7,37,0.7442123783317257,0.49657802934258444,0.2722226180467797,0.5845454545454546
A1b,Abilene.gml,500,2,7,38,0.7440387551777103,0.4948720546699052,0.2727910518856724,0.5845454545454546
A1b,Abilene.gml,500,2,7,39,0.7439999746918375,0.4931194516407956,0.2733867079863698,0.5827272727272726
A1b,Abilene.gml,500,2,7,40,0.7440038503963702,0.4913209348540036,0.27400964319225574,0.5827272727272726
A1b,Abilene.gml,500,2,7,41,0.7440493239493832,0.4894772430713882,0.27465991706894033,0.5818181818181818
A1b,Abilene.gml,500,2,7,42,0.744209185961202,0.4873093950011491,0.2754328620335899,0.5809090909090909
A1b,Abilene.gml,500,2,7,43,0.7455464121578493,0.48510902713481774,0.27623327298994654,0.58
A1b,Abilene.gml,500,2,7,44,0.8178355218319616,0.5476049860180102,0.2770612272325064,0.64
A1b,Abilene.gml,500,2,7,45,0.7765068100295944,0.48126992488800846,0.27752484585577614,0.5854545454545456
A1b,Abilene.gml,500,2,7,46,0.7766485647147625,0.47927621909192825,0.2782702286044349,0.5836363636363636
A1b,Abilene.gml,500,2,7,47,0.7766945074176632,0.47724135150185193,0.279043363837679,0.5827272727272728
A1b,Abilene.gml,500,2,7,48,0.7767080185251469,0.4750325877380531,0.2798443260937838,0.5827272727272728
A1b,Abilene.gml,500,2,7,49,0.7766997336069213,0.47259413744941176,0.2806731926862723,0.5827272727272728
A1b,Abilene.gml,500,2,8,0,0.8015463282081481,0.6450688328308712,0.26290036471435685,0.6909090909090909
A1b,Abilene.gml,500,2,8,1,0.7438575360944284,0.5274346867865926,0.26262659511651565,0.5945454545454546
A1b,Abilene.gml,500,2,8,2,0.7438649044251665,0.5272740668203235,0.2624514413326171,0.5945454545454546
A1b,Abilene.gml,500,2,8,3,0.7438763545065517,0.5270787718014905,0.2623025502082303,0.5954545454545455
A1b,Abilene.gml,500,2,8,4,0.7438945904297043,0.5268486308329805,0.2621799042279767,0.5945454545454546
A1b,Abilene.gml,500,2,8,5,0.7439261039183752,0.5265834818747912,0.262083488502744,0.5954545454545455
A1b,Abilene.gml,500,2,8,6,0.7439906695254681,0.5262831719782444,0.262013290767934,0.5954545454545455
A1b,Abilene.gml,500,2,8,7,0.7603586590170692,0.5609591696969285,0.26196930138197433,0.6272727272727273
A1b,Abilene.gml,500,2,8,8,0.7440935776476848,0.5256958239807625,0.26200232074167157,0.5936363636363636
A1b,Abilene.gml,500,2,8,9,0.7453607120467681,0.5252997576244262,0.26200082761323096,0.5963636363636365
A1b,Abilene.gml,500,2,8,10,0.7597731737119914,0.5248679420050719,0.2620255347168645,0.6000000000000001
A1b,Abilene.gml,500,2,8,11,0.7600781513857185,0.5244002693931487,0.2620764419032594,0.600909090909091
A1b,Abilene.gml,500,2,8,12,0.7601624338925647,0.5238966426709273,0.262153551643126,0.600909090909091
A1b,Abilene.gml,500,2,8,13,0.7603738958256965,0.6004769593397223,0.2622568690271828,0.6509090909090909
A1b,Abilene.gml,500,2,8,14,0.7602366790799546,0.5235926301532454,0.2622978069108224,0.600909090909091
A1b,Abilene.gml,500,2,8,15,0.7602459476055454,0.5229849118369448,0.26244467690438045,0.600909090909091
A1b,Abilene.gml,500,2,8,16,0.7602526145752069,0.5223408913196624,0.26261777667862957,0.600909090909091
A1b,Abilene.gml,500,2,8,17,0.7602575103277637,0.5216605271309885,0.2628171209205692,0.6000000000000001
A1b,Abilene.gml,500,2,8,18,0.7602611268944371,0.5209362856924614,0.2630427269401766,0.600909090909091
A1b,Abilene.gml,500,2,8,19,0.7602637712655868,0.5200181943658582,0.26329461467187615,0.600909090909091
A1b,Abilene.gml,500,2,8,20,0.7602656425880153,0.5190234871581849,0.2635728066762697,0.6000000000000001
A1b,Abilene.gml,500,2,8,21,0.7602668719609796,0.5179911458408903,0.2638773281421305,0.5990909090909091
A1b,Abilene.gml,500,2,8,22,0.7602675454196421,0.5169212612297036,0.2642082068886588,0.5972727272727274
A1b,Abilene.gml,500,2,8,23,0.7602677172201985,0.515813939478843,0.26456547336800135,0.5981818181818183
A1b,Abilene.gml,500,2,8,24,0.8094369069293225,0.5900993608111403,0.2649491606680328,0.6609090909090909
A1b,Abilene.gml,500,2,8,25,0.76025903984367,0.5140902234271819,0.2651903369380241,0.5981818181818183
A1b,Abilene.gml,500,2,8,26,0.7602569534762028,0.5128700260331698,0.2656179763495602,0.5972727272727274
A1b,Abilene.gml,500,2,8,27,0.7602542468873428,0.5116129516766366,0.2660721347947901,0.5963636363636365
A1b,Abilene.gml,500,2,8,28,0.7602508208894053,0.510319184975561,0.26655285503765497,0.5963636363636365
A1b,Abilene.gml,500,2,8,29,0.7602465318743709,0.5089889263953922,0.2670601824939993,0.5963636363636365
A1b,Abilene.gml,500,2,8,30,0.7602411722319448,0.5076223922878893,0.26759416523584745,0.5963636363636365
A1b,Abilene.gml,500,2,8,31,0.760234437560328,0.5062198149168411,0.26815485399594496,0.5945454545454546
A1b,Abilene.gml,500,2,8,32,0.7601604735880204,0.5050622465414304,0.2685978546057877,0.5936363636363636
A1b,Abilene.gml,500,2,8,33,0.7598473379368053,0.5035287214211968,0.2690676707010302,0.5918181818181818
A1b,Abilene.gml,500,2,8,34,0.7595351059131772,0.50156946915562,0.26968923124043925,0.5909090909090909
A1b,Abilene.gml,500,2,8,35,0.7769885109479318,0.5756912589271995,0.2703376985469184,0.6436363636363637
A1b,Abilene.gml,500,2,8,36,0.7769578322768826,0.575112743866161,0.27078543187142995,0.6445454545454546
A1b,Abilene.gml,500,2,8,37,0.7598375376592159,0.4967926521977935,0.27105980596197854,0.5909090909090909
A1b,Abilene.gml,500,2,8,38,0.7594038700587472,0.4947035790638306,0.2717694655918494,0.5881818181818183
A1b,Abilene.gml,500,2,8,39,0.760394790522875,0.5338244689144237,0.27234386470976646,0.6218181818181818
A1b,Abilene.gml,500,2,8,40,0.744101480878701,0.49119227687907974,0.27294544077424265,0.5827272727272726
A1b,Abilene.gml,500,2,8,41,0.7440761771896597,0.48936795540983885,0.27357425122518986,0.5818181818181818
A1b,Abilene.gml,500,2,8,42,0.7768909741400329,0.5663717017390435,0.2742303562202144,0.639090909090909
A1b,Abilene.gml,500,2,8,43,0.744236570776229,0.4860722453934953,0.27457431327851245,0.5809090909090909
A1b,Abilene.gml,500,2,8,44,0.7450562195344475,0.4838170707135427,0.27539767693944983,0.58
A1b,Abilene.gml,500,2,8,45,0.7760772711663677,0.4815309022024936,0.27624849803171503,0.5863636363636364
A1b,Abilene.gml,500,2,8,46,0.7765884651372237,0.4792144124808257,0.2771268588916742,0.5836363636363636
A1b,Abilene.gml,500,2,8,47,0.7766765987223976,0.4772066043849046,0.27787054304574216,0.5827272727272728
A1b,Abilene.gml,500,2,8,48,0.7766982547819459,0.47481558669335083,0.27864193988569935,0.5818181818181819
A1b,Abilene.gml,500,2,8,49,0.7768630324534548,0.5503606468259282,0.279441123779961,0.629090909090909
A1b,Abilene.gml,500,2,9,0,0.7438551039609873,0.5222377224561594,0.2645405534520746,0.5881818181818181
A1b,Abilene.gml,500,2,9,1,0.7438630828875965,0.5225977288723244,0.26433033975481685,0.5881818181818181
A1b,Abilene.gml,500,2,9,2,0.7438752413103576,0.5229115714553815,0.2641465801129043,0.5890909090909091
A1b,Abilene.gml,500,2,9,3,0.7438943974491075,0.5229009612838791,0.2639892535049673,0.5909090909090909
A1b,Abilene.gml,500,2,9,4,0.7439272909549739,0.5226414314562109,0.26385834155504156,0.5918181818181819
A1b,Abilene.gml,500,2,9,5,0.7439944004967721,0.5223472584662944,0.26375382853046636,0.5918181818181819
A1b,Abilene.gml,500,2,9,6,0.7441999071790207,0.5220183067859924,0.26367570134004664,0.5909090909090909
A1b,Abilene.gml,500,2,9,7,0.7254023757298614,0.4990656358127058,0.2636239495324799,0.57
A1b,Abilene.gml,500,2,9,8,0.7455998519305589,0.5214578872356613,0.2636327051738934,0.5936363636363636
A1b,Abilene.gml,500,2,9,9,0.759766155012703,0.5210343420402451,0.2636239013091093,0.5981818181818181
A1b,Abilene.gml,500,2,9,10,0.7603072894674457,0.5983196041670779,0.26364146071484257,0.6499999999999999
A1b,Abilene.gml,500,2,9,11,0.7601974778410391,0.5209507477678579,0.26362508171518395,0.5981818181818181
A1b,Abilene.gml,500,2,9,12,0.7602180329241598,0.520425144803665,0.26368643658882646,0.5981818181818181
A1b,Abilene.gml,500,2,9,13,0.7603575754815157,0.5973704810040266,0.26377415397064036,0.649090909090909
A1b,Abilene.gml,500,2,9,14,0.7602439330160103,0.5201393761603721,0.2638190150554837,0.5990909090909091
A1b,Abilene.gml,500,2,9,15,0.7602428373586498,0.519440873770244,0.26381581504094476,0.5990909090909091
A1b,Abilene.gml,500,2,9,16,0.7602499408870915,0.5187925920145193,0.2639627505961467,0.5981818181818183
A1b,Abilene.gml,500,2,9,17,0.7602551815127605,0.5181082927122295,0.26413606773285253,0.5972727272727274
A1b,Abilene.gml,500,2,9,18,0.7602590815751582,0.517387510541331,0.2643357811446181,0.5972727272727274
A1b,Abilene.gml,500,2,9,19,0.7602619665367221,0.5165766942035177,0.26456190816315694,0.5963636363636365
A1b,Abilene.gml,500,2,9,20,0.760264046853888,0.5155819138790204,0.2648144687598102,0.5963636363636365
A1b,Abilene.gml,500,2,9,21,0.7602654620297393,0.5145499175859677,0.26509348554727974,0.5963636363636365
A1b,Abilene.gml,500,2,9,22,0.7602663040964934,0.5134808312112914,0.26539898378162535,0.5954545454545456
A1b,Abilene.gml,500,2,9,23,0.7602666321184238,0.5123747656994658,0.26573099136452566,0.5963636363636365
A1b,Abilene.gml,500,2,9,24,0.8092578676060174,0.5868920893854456,0.26608953884580416,0.6581818181818181
A1b,Abilene.gml,500,2,9,25,0.7602589512042421,0.510697379299682,0.26632469926874425,0.5963636363636365
A1b,Abilene.gml,500,2,9,26,0.7602571330821088,0.5094798173102216,0.26672739895925407,0.5963636363636365
A1b,Abilene.gml,500,2,9,27,0.7602547401708164,0.5082258478268589,0.2671567311196909,0.5954545454545456
A1b,Abilene.gml,500,2,9,28,0.7602685931006777,0.5074612265570415,0.2673564024382271,0.5954545454545456
A1b,Abilene.gml,500,2,9,29,0.7602671045357396,0.5061515529192503,0.2678279417341409,0.5927272727272727
A1b,Abilene.gml,500,2,9,30,0.7602651494435687,0.5048055861546622,0.26832621667029843,0.5909090909090909
A1b,Abilene.gml,500,2,9,31,0.7602626738275451,0.5030199586023099,0.2688512744006295,0.5909090909090909
A1b,Abilene.gml,500,2,9,32,0.7928434144408446,0.5768870980467894,0.26940316475262754,0.65
A1b,Abilene.gml,500,2,9,33,0.7602829179481687,0.49998500630988835,0.2696283998240196,0.5909090909090909
A1b,Abilene.gml,500,2,9,34,0.760281768609389,0.49805737212698936,0.27022349135124435,0.59
A1b,Abilene.gml,500,2,9,35,0.817985717609341,0.5832557348137022,0.2706852465649829,0.6618181818181819
A1b,Abilene.gml,500,2,9,36,0.7602419994210254,0.49512708288222257,0.27111105259435175,0.5881818181818183
A1b,Abilene.gml,500,2,9,37,0.7601776528990185,0.4935222971059108,0.2716192516923824,0.5863636363636364
A1b,Abilene.gml,500,2,9,38,0.760152455090395,0.4914672430544677,0.2722938743846053,0.5845454545454545
A1b,Abilene.gml,500,2,9,39,0.7601151073113925,0.4893787209785309,0.2729956590019975,0.5845454545454545
A1b,Abilene.gml,500,2,9,40,0.7600546667569295,0.487257295495362,0.2737246730068282,0.5827272727272728
A1b,Abilene.gml,500,2,9,41,0.7769590702577702,0.5636818192621061,0.274312624321819,0.6372727272727272
A1b,Abilene.gml,500,2,9,42,0.7592255889150394,0.4845303138772715,0.27450597429638574,0.5827272727272728
A1b,Abilene.gml,500,2,9,43,0.7443368585743979,0.48271192837509846,0.27513776951154534,0.5772727272727273
A1b,Abilene.gml,500,2,9,44,0.744115224416393,0.48084971723886627,0.2757970153241347,0.5763636363636363
A1b,Abilene.gml,500,2,9,45,0.7442549550124586,0.4789248096749651,0.2762646944321079,0.5754545454545454
A1b,Abilene.gml,500,2,9,46,0.7443486510088895,0.4761808711454535,0.2770967953415147,0.5745454545454546
A1b,Abilene.gml,500,2,9,47,0.745479705088605,0.4736848550722637,0.2779565227203648,0.5745454545454546
A1b,Abilene.gml,500,2,9,48,0.7761940361786975,0.47121642438444894,0.27884395977874904,0.58
A1b,Abilene.gml,500,2,9,49,0.7765101329836842,0.4687320543250706,0.27975919248940534,0.5781818181818182
A1b,Abilene.gml,500,2,10,0,0.7853863577667781,0.6016991980415238,0.26359842297060615,0.6572727272727273
A1b,Abilene.gml,500,2,10,1,0.7438492761254113,0.5258920884639675,0.26339565332595805,0.5918181818181818
A1b,Abilene.gml,500,2,10,2,0.7438537818862136,0.5257471146856794,0.26321317650721054,0.5927272727272727
A1b,Abilene.gml,500,2,10,3,0.7603158779596936,0.6062355119975872,0.2630570392537957,0.6527272727272728
A1b,Abilene.gml,500,2,10,4,0.743891572063901,0.5261491991214627,0.2629075000372001,0.5945454545454546
A1b,Abilene.gml,500,2,10,5,0.7439269639174424,0.5259053434467145,0.2627949995902807,0.5945454545454546
A1b,Abilene.gml,500,2,10,6,0.7440046030444335,0.5256266619046875,0.26270878989336516,0.5945454545454546
A1b,Abilene.gml,500,2,10,7,0.7603205308310298,0.6051582795129857,0.26264885969640867,0.6536363636363637
A1b,Abilene.gml,500,2,10,8,0.760019930424508,0.5257661151304411,0.2625774984656892,0.6000000000000001
A1b,Abilene.gml,500,2,10,9,0.7601366722428513,0.5253864073151991,0.26256110987443926,0.5990909090909091
A1b,Abilene.gml,500,2,10,10,0.7601851069892548,0.5249712551240437,0.26257097903303594,0.6000000000000001
A1b,Abilene.gml,500,2,10,11,0.7602114877155376,0.5245205436967099,0.26260710430262,0.6000000000000001
A1b,Abilene.gml,500,2,10,12,0.7602279041869097,0.5240341683663371,0.2626694866701074,0.6000000000000001
A1b,Abilene.gml,500,2,10,13,0.7604587637277493,0.6021599867830777,0.2627581297480251,0.6527272727272728
A1b,Abilene.gml,500,2,10,14,0.7602495615023807,0.5237713584424316,0.26279934237613684,0.600909090909091
A1b,Abilene.gml,500,2,10,15,0.7602534401989071,0.5231815606097087,0.2629315144790491,0.6000000000000001
A1b,Abilene.gml,500,2,10,16,0.7602562806746256,0.5225186877593152,0.26308996651619904,0.6000000000000001
A1b,Abilene.gml,500,2,10,17,0.7602583069325821,0.5216524921031093,0.2632747117047969,0.6000000000000001
A1b,Abilene.gml,500,2,10,18,0.760259664992627,0.5207488384167334,0.26348576589004635,0.6000000000000001
A1b,Abilene.gml,500,2,10,19,0.7602604496180412,0.5198078014411472,0.26372314754646625,0.600909090909091
A1b,Abilene.gml,500,2,10,20,0.7602607201677802,0.5188294306402439,0.26398687777947516,0.5981818181818183
A1b,Abilene.gml,500,2,10,21,0.8089402471290105,0.5952697818241959,0.26427698032723873,0.6663636363636364
A1b,Abilene.gml,500,2,10,22,0.7602535800425415,0.5173607644401786,0.26446558595009806,0.5981818181818183
A1b,Abilene.gml,500,2,10,23,0.8092038607152179,0.5939572972535557,0.26479944429903823,0.6636363636363636
A1b,Abilene.gml,500,2,10,24,0.7602397647719495,0.5157238545692787,0.2650318663834525,0.5981818181818183
A1b,Abilene.gml,500,2,10,25,0.7602353935849223,0.5145572928412463,0.26540958155784206,0.5981818181818183
A1b,Abilene.gml,500,2,10,26,0.760229970946282,0.5133539708877238,0.26581379991886983,0.5954545454545456
A1b,Abilene.gml,500,2,10,27,0.7602232249688329,0.5121140442564331,0.26624455923805357,0.5945454545454547
A1b,Abilene.gml,500,2,10,28,0.7602147618038605,0.510837683970847,0.2667018999372291,0.5945454545454547
A1b,Abilene.gml,500,2,10,29,0.7602039945799689,0.5095250765941151,0.2671858650923284,0.5936363636363637
A1b,Abilene.gml,500,2,10,30,0.7601900153205342,0.5081764242809824,0.2676965004374216,0.5936363636363637
A1b,Abilene.gml,500,2,10,31,0.7601713490616396,0.5067919448172516,0.26823385436902386,0.5927272727272729
A1b,Abilene.gml,500,2,10,32,0.7601454422627394,0.5053718716463563,0.2687979779506699,0.5927272727272727
A1b,Abilene.gml,500,2,10,33,0.759773821782234,0.5043365118150529,0.2692400440335614,0.5927272727272727
A1b,Abilene.gml,500,2,10,34,0.7445809881802539,0.5028203607834203,0.26970898991424785,0.5881818181818181
A1b,Abilene.gml,500,2,10,35,0.7443003991992967,0.50084915429336,0.27033454541046736,0.5881818181818181
A1b,Abilene.gml,500,2,10,36,0.7441744395546416,0.4988425858307174,0.2709870718056783,0.5863636363636364
A1b,Abilene.gml,500,2,10,37,0.7850312242442224,0.5589322575555431,0.27166663165543026,0.6372727272727272
A1b,Abilene.gml,500,2,10,38,0.7759131259298485,0.47904373669475914,0.2719965347198693,0.5800000000000001
A1b,Abilene.gml,500,2,10,39,0.7440643972224884,0.4936931077644846,0.27255852007111786,0.5827272727272726
A1b,Abilene.gml,500,2,10,40,0.7850607573055046,0.5553686699475769,0.2731477050758384,0.6345454545454545
A1b,Abilene.gml,500,2,10,41,0.7440595146180093,0.490445837073889,0.2735324822782224,0.5809090909090909
A1b,Abilene.gml,500,2,10,42,0.7440790853768529,0.48827338017692595,0.2743048644453443,0.5809090909090909
A1b,Abilene.gml,500,2,10,43,0.7769017869301017,0.5654121423446012,0.275104599860694,0.6363636363636362
A1b,Abilene.gml,500,2,10,44,0.7442505721827092,0.4843218225553933,0.27568553810280183,0.5781818181818181
A1b,Abilene.gml,500,2,10,45,0.7456035933277886,0.48240460270058066,0.27637126046214355,0.5772727272727273
A1b,Abilene.gml,500,2,10,46,0.7761950157960901,0.48044472615037037,0.27708455137529553,0.5836363636363636
A1b,Abilene.gml,500,2,10,47,0.7765730444099439,0.4784430225405752,0.2778254794144938,0.5827272727272728
A1b,Abilene.gml,500,2,10,48,0.776660474653531,0.4764003427377585,0.27859411590882954,0.5827272727272728
A1b,Abilene.gml,500,2,10,49,0.7766881373128492,0.47431755808077286,0.2793905349511067,0.5818181818181819
A1b,Abilene.gml,500,2,11,0,0.809689329749609,0.5520132793537189,0.262829099910698,0.6318181818181818
A1b,Abilene.gml,500,2,11,1,0.7438467853812303,0.5284852392344006,0.26274106882895093,0.5954545454545455
A1b,Abilene.gml,500,2,11,2,0.7438539871564913,0.5283972204650926,0.26258932539304386,0.5954545454545455
A1b,Abilene.gml,500,2,11,3,0.743864727118931,0.5281725116793047,0.26246385606401973,0.5945454545454546
A1b,Abilene.gml,500,2,11,4,0.7438812894476213,0.5279130952722697,0.26236464566753487,0.5954545454545455
A1b,Abilene.gml,500,2,11,5,0.743908853388903,0.5276188152959636,0.2622916816566565,0.5945454545454546
A1b,Abilene.gml,500,2,11,6,0.7439618729180527,0.5272895247303073,0.2622449541103448,0.5954545454545455
A1b,Abilene.gml,500,2,11,7,0.7441009510448526,0.5269250857162587,0.2622244557321989,0.5972727272727274
A1b,Abilene.gml,500,2,11,8,0.7453329084415885,0.5265253697897024,0.2622301818494639,0.5981818181818183
A1b,Abilene.gml,500,2,11,9,0.7597357513723051,0.5260902581158434,0.2622621304123021,0.600909090909091
A1b,Abilene.gml,500,2,11,10,0.760062616058457,0.5256196417238016,0.2623203019933253,0.6018181818181818
A1b,Abilene.gml,500,2,11,11,0.7601517082590674,0.5251134217410722,0.26240469978738973,0.600909090909091
A1b,Abilene.gml,500,2,11,12,0.7601931222329553,0.5245715096275024,0.2625153296116535,0.600909090909091
A1b,Abilene.gml,500,2,11,13,0.7602168141756426,0.5239938274084104,0.262652199905896,0.600909090909091
A1b,Abilene.gml,500,2,11,14,0.7602319407026404,0.5233803079064515,0.2628153217330997,0.600909090909091
A1b,Abilene.gml,500,2,11,15,0.7602422438522581,0.522730894971817,0.26300470878029397,0.600909090909091
A1b,Abilene.gml,500,2,11,16,0.7602495375301648,0.5220455437103306,0.26322037735966153,0.6000000000000001
A1b,Abilene.gml,500,2,11,17,0.7748436158593752,0.5971919154766656,0.2634623464099071,0.6554545454545454
A1b,Abilene.gml,500,2,11,18,0.760257013350754,0.5213432150404209,0.26358365318646776,0.6000000000000001
A1b,Abilene.gml,500,2,11,19,0.7602585080004064,0.5203537760310035,0.26386924174388626,0.5990909090909091
A1b,Abilene.gml,500,2,11,20,0.7602592787664363,0.5193270927827123,0.2641811886666233,0.6009090909090911
A1b,Abilene.gml,500,2,11,21,0.7602593981774599,0.5182632465648834,0.26451952251353483,0.6000000000000001
A1b,Abilene.gml,500,2,11,22,0.8093691441750891,0.5926739261706341,0.264884274479313,0.6636363636363636
A1b,Abilene.gml,500,2,11,23,0.7602498372570458,0.5166765410020769,0.26510132020770005,0.6000000000000001
A1b,Abilene.gml,500,2,11,24,0.7602469799114165,0.5155000341862753,0.26550991788613826,0.6000000000000001
A1b,Abilene.gml,500,2,11,25,0.7686481082813924,0.5741380953137664,0.26594502569659717,0.6409090909090909
A1b,Abilene.gml,500,2,11,26,0.7958366337084151,0.5887657561406512,0.2661285118590229,0.6554545454545454
A1b,Abilene.gml,500,2,11,27,0.7602820145834273,0.5130777993681577,0.2662652093505274,0.5981818181818183
A1b,Abilene.gml,500,2,11,28,0.7602816602756298,0.5117805252550035,0.26675809805611433,0.5972727272727274
A1b,Abilene.gml,500,2,11,29,0.7602810939423748,0.5104467592399071,0.26727761328263616,0.5963636363636365
A1b,Abilene.gml,500,2,11,30,0.7931770701855215,0.583921442331267,0.26782380431896374,0.6536363636363637
A1b,Abilene.gml,500,2,11,31,0.7603524836513847,0.5516693102247529,0.26803532317657897,0.63
A1b,Abilene.gml,500,2,11,32,0.760285894881541,0.5068991162742813,0.268455940427967,0.5945454545454546
A1b,Abilene.gml,500,2,11,33,0.7602655715871695,0.5054117342500551,0.2689033612116727,0.5945454545454546
A1b,Abilene.gml,500,2,11,34,0.7602248682584615,0.503874292013283,0.26937762758942124,0.5918181818181818
A1b,Abilene.gml,500,2,11,35,0.7602143412818564,0.5018894488758703,0.27001744377661185,0.5909090909090909
A1b,Abilene.gml,500,2,11,36,0.7602002127086284,0.4998690919311519,0.27068419772656144,0.5909090909090909
A1b,Abilene.gml,500,2,11,37,0.760180428904503,0.4978137346188907,0.2713779534208886,0.5909090909090909
A1b,Abilene.gml,500,2,11,38,0.7601508920015152,0.49572390925188814,0.27209877753498846,0.59
A1b,Abilene.gml,500,2,11,39,0.7769802775785302,0.5720281041567706,0.272668452261817,0.6445454545454546
A1b,Abilene.gml,500,2,11,40,0.7852581740375669,0.6378803792104724,0.27318214779875793,0.689090909090909
A1b,Abilene.gml,500,2,11,41,0.77696341797125,0.5700615869959432,0.273357632793357,0.6427272727272727
A1b,Abilene.gml,500,2,11,42,0.7444886696869433,0.48973308271954874,0.2739140957645614,0.5827272727272726
A1b,Abilene.gml,500,2,11,43,0.7769155611596141,0.5666337622359309,0.27456694876269455,0.6409090909090908
A1b,Abilene.gml,500,2,11,44,0.8176271868363927,0.5513161573068858,0.27480157216558204,0.6436363636363636
A1b,Abilene.gml,500,2,11,45,0.7769372243383728,0.5635057836001867,0.27527678907540176,0.6399999999999999
A1b,Abilene.gml,500,2,11,46,0.7901694557060995,0.48361528505378254,0.2756946419459223,0.5918181818181818
A1b,Abilene.gml,500,2,11,47,0.7769514479038396,0.4811258418758771,0.27622184779050885,0.5872727272727273
A1b,Abilene.gml,500,2,11,48,0.7767603589871939,0.4788693895689926,0.2769604833154473,0.5863636363636364
A1b,Abilene.gml,500,2,11,49,0.7767687427105764,0.47635474731343896,0.2778625596552591,0.5854545454545454
A1b,Abilene.gml,500,2,12,0,0.834775362512621,0.7525033753398186,0.26415579362577424,0.7799999999999998
A1b,Abilene.gml,500,2,12,1,0.7438435757703775,0.5228655770152253,0.26406988690777483,0.59
A1b,Abilene.gml,500,2,12,2,0.7768718417811772,0.5240587265123646,0.2638946225657492,0.6018181818181818
A1b,Abilene.gml,500,2,12,3,0.7353970857292061,0.4896769285917104,0.2637457652124144,0.5672727272727273
A1b,Abilene.gml,500,2,12,4,0.7438450979098367,0.5224920279060523,0.26371657795691145,0.5918181818181819
A1b,Abilene.gml,500,2,12,5,0.7438544404777335,0.5221964042150364,0.263610519362852,0.5927272727272728
A1b,Abilene.gml,500,2,12,6,0.7438682618638591,0.5218655597084618,0.2635308324265883,0.5918181818181818
A1b,Abilene.gml,500,2,12,7,0.7438901424243831,0.5214993629172944,0.2634775065422609,0.5927272727272728
A1b,Abilene.gml,500,2,12,8,0.7439291079040554,0.5210976924740647,0.2634505337411761,0.5927272727272728
A1b,Abilene.gml,500,2,12,9,0.7440160631874448,0.5206604373429112,0.2634499086907455,0.5936363636363636
A1b,Abilene.gml,500,2,12,10,0.7443707751310229,0.52018749704832,0.2634756286936891,0.5927272727272728
A1b,Abilene.gml,500,2,12,11,0.7591229941416965,0.5196787819022283,0.26352769368750173,0.5981818181818183
A1b,Abilene.gml,500,2,12,12,0.7599974634114252,0.5191342132291393,0.2636061062441837,0.5972727272727274
A1b,Abilene.gml,500,2,12,13,0.7601290665671535,0.5185537235888781,0.26371087157023443,0.5972727272727274
A1b,Abilene.gml,500,2,12,14,0.7601820834815857,0.5179372569965998,0.2638419975069096,0.5972727272727274
A1b,Abilene.gml,500,2,12,15,0.7602104950505558,0.5172847691396463,0.26399949453074184,0.5981818181818183
A1b,Abilene.gml,500,2,12,16,0.7602279914596537,0.5165962275908301,0.26418337575432477,0.5972727272727274
A1b,Abilene.gml,500,2,12,17,0.7602396590822168,0.5158716120177087,0.26439365692736067,0.5963636363636365
A1b,Abilene.gml,500,2,12,18,0.7602478220404362,0.5151109143873982,0.264630356437972,0.5954545454545456
A1b,Abilene.gml,500,2,12,19,0.7650019583178534,0.5903337519392333,0.2648934953142762,0.6472727272727272
A1b,Abilene.gml,500,2,12,20,0.7603484127168126,0.5530449971366364,0.265046763735371,0.6254545454545455
A1b,Abilene.gml,500,2,12,21,0.7602391719228493,0.5134543222644535,0.26530855234283607,0.5963636363636365
A1b,Abilene.gml,500,2,12,22,0.76024006082516,0.512356137889142,0.265632305162078,0.5945454545454547
A1b,Abilene.gml,500,2,12,23,0.7602399649987284,0.5112207322225261,0.2659825888365543,0.5945454545454547
A1b,Abilene.gml,500,2,12,24,0.7602389414811132,0.5100482468941276,0.26635943574154664,0.5945454545454547
A1b,Abilene.gml,500,2,12,25,0.760236988466512,0.5088388393132046,0.26676288090542283,0.5945454545454547
A1b,Abilene.gml,500,2,12,26,0.7602340486007919,0.5075926827316642,0.26719296201287307,0.5936363636363636
A1b,Abilene.gml,500,2,12,27,0.7602300034031166,0.5063099662949281,0.26764971940841387,0.5918181818181818
A1b,Abilene.gml,500,2,12,28,0.7602246577394619,0.5049908950803274,0.26813319610015596,0.5918181818181818
A1b,Abilene.gml,500,2,12,29,0.7602177101692262,0.5036356901226172,0.26864343776383887,0.5909090909090909
A1b,Abilene.gml,500,2,12,30,0.760208699905995,0.5022268388649903,0.26918049274713185,0.59
A1b,Abilene.gml,500,2,12,31,0.7601048534071896,0.50075783617714,0.2696203590209729,0.5890909090909091
A1b,Abilene.gml,500,2,12,32,0.7600585793795624,0.49884790511331994,0.2702013087198722,0.5881818181818183
A1b,Abilene.gml,500,2,12,33,0.7599837365799299,0.4969022569331008,0.2708092204546734,0.5881818181818183
A1b,Abilene.gml,500,2,12,34,0.7770056932245414,0.5713317317595109,0.2714441523203467,0.64
A1b,Abilene.gml,500,2,12,35,0.7601699840882606,0.4936798318491244,0.2716969050774558,0.5872727272727274
A1b,Abilene.gml,500,2,12,36,0.7601414842486679,0.4916395373857624,0.2723752530276605,0.5854545454545456
A1b,Abilene.gml,500,2,12,37,0.7595855588930648,0.48997853792735335,0.2729171048854372,0.5854545454545456
A1b,Abilene.gml,500,2,12,38,0.7769391935182732,0.5664342369107863,0.27348619426851656,0.6372727272727272
A1b,Abilene.gml,500,2,12,39,0.7596460933083523,0.4869305054119096,0.27379549665742026,0.5827272727272728
A1b,Abilene.gml,500,2,12,40,0.7444391985405787,0.4851564895359623,0.2743984247708786,0.5781818181818181
A1b,Abilene.gml,500,2,12,41,0.7442796937124299,0.4829761099423628,0.27517251571973045,0.5781818181818181
A1b,Abilene.gml,500,2,12,42,0.7769237841285207,0.5588724031516704,0.2759740465110594,0.6336363636363637
A1b,Abilene.gml,500,2,12,43,0.7441697078751802,0.47905607258765687,0.27654685818816743,0.5745454545454546
A1b,Abilene.gml,500,2,12,44,0.7442785046405891,0.4771512560835917,0.2772325100516308,0.5736363636363637
A1b,Abilene.gml,500,2,12,45,0.8175642534729846,0.5395513279070554,0.27794581660091305,0.6381818181818182
A1b,Abilene.gml,500,2,12,46,0.7756311514036894,0.47294527207574766,0.2784497472264854,0.5818181818181818
A1b,Abilene.gml,500,2,12,47,0.7764888657647543,0.4707754226930625,0.279204968991912,0.5790909090909091
A1b,Abilene.gml,500,2,12,48,0.7765754765504649,0.4685856198551814,0.27998803573206116,0.5781818181818182
A1b,Abilene.gml,500,2,12,49,0.7764782595829243,0.466370117364054,0.2807990229691096,0.5772727272727273
A1b,Abilene.gml,500,2,13,0,0.776802858141388,0.5715052320479143,0.26306557021773164,0.6336363636363637
A1b,Abilene.gml,500,2,13,1,0.7438394030788185,0.5259492554527669,0.26287188815207224,0.5945454545454546
A1b,Abilene.gml,500,2,13,2,0.7438422441513041,0.5258828986383464,0.2627030269538214,0.5936363636363636
A1b,Abilene.gml,500,2,13,3,0.7438467403860052,0.525672657560688,0.26256045294438585,0.5945454545454546
A1b,Abilene.gml,500,2,13,4,0.7438533996795283,0.5254275725898014,0.2624441492376456,0.5936363636363636
A1b,Abilene.gml,500,2,13,5,0.7438631938659093,0.5251474846221229,0.2623541015761997,0.5936363636363636
A1b,Abilene.gml,500,2,13,6,0.7272291476229955,0.5024402345530667,0.26229029832967776,0.5736363636363637
A1b,Abilene.gml,500,2,13,7,0.7438638037532272,0.5246056798686785,0.26231498279339704,0.5936363636363636
A1b,Abilene.gml,500,2,13,8,0.7438847309504925,0.5242302617124356,0.26229367271845455,0.5936363636363636
A1b,Abilene.gml,500,2,13,9,0.7439218887092455,0.5238192298538888,0.2622985941417916,0.5945454545454547
A1b,Abilene.gml,500,2,13,10,0.7440035017042524,0.5233724699043455,0.2623297449324003,0.5936363636363636
A1b,Abilene.gml,500,2,13,11,0.7602981749309413,0.600785188786116,0.2623871255824232,0.6490909090909089
A1b,Abilene.gml,500,2,13,12,0.7602833278221254,0.6013516795323022,0.26239381025213526,0.6509090909090909
A1b,Abilene.gml,500,2,13,13,0.7601761159535559,0.5234492627005417,0.2624267336344055,0.600909090909091
A1b,Abilene.gml,500,2,13,14,0.7601989199080869,0.5228671306441074,0.2625451095074115,0.600909090909091
A1b,Abilene.gml,500,2,13,15,0.7602131259917428,0.5222487210288319,0.2626897280537809,0.600909090909091
A1b,Abilene.gml,500,2,13,16,0.7602224876129313,0.5215939842567852,0.26286060111110104,0.600909090909091
A1b,Abilene.gml,500,2,13,17,0.7686334157694886,0.5824409170380531,0.2630577431412266,0.6463636363636364
A1b,Abilene.gml,500,2,13,18,0.7602030524207563,0.5213326314315047,0.2631136338416661,0.6000000000000001
A1b,Abilene.gml,500,2,13,19,0.7602093576211778,0.5206098085950884,0.2633520156889091,0.5990909090909091
A1b,Abilene.gml,500,2,13,20,0.7602129430365699,0.5198505264715,0.2636167088995362,0.5990909090909091
A1b,Abilene.gml,500,2,13,21,0.760214448957424,0.5190404942494202,0.2639077373117323,0.6009090909090911
A1b,Abilene.gml,500,2,13,22,0.7602142020635781,0.5180928138635482,0.2642251273948182,0.6000000000000001
A1b,Abilene.gml,500,2,13,23,0.7602123317282113,0.517014092056823,0.26456890825163537,0.5990909090909091
A1b,Abilene.gml,500,2,13,24,0.7941069908375744,0.5917897999059696,0.2649391116211921,0.6581818181818181
A1b,Abilene.gml,500,2,13,25,0.7601838941090379,0.5153406345765646,0.2651787669203214,0.5990909090909091
A1b,Abilene.gml,500,2,13,26,0.7601723359722726,0.514148369428677,0.26559295990115345,0.5990909090909091
A1b,Abilene.gml,500,2,13,27,0.7601567341886161,0.5129189660387723,0.26603367075867757,0.5972727272727274
A1b,Abilene.gml,500,2,13,28,0.7601353283207742,0.511652597654665,0.26650094091219173,0.5972727272727274
A1b,Abilene.gml,500,2,13,29,0.7601050167276817,0.5103494534623336,0.26699481443278184,0.5963636363636364
A1b,Abilene.gml,500,2,13,30,0.7600598624288477,0.5090097386322151,0.2675153380474631,0.5954545454545456
A1b,Abilene.gml,500,2,13,31,0.7599870149191715,0.5076336743525555,0.2680625611435877,0.5945454545454546
A1b,Abilene.gml,500,2,13,32,0.7467258345210378,0.5066217804061806,0.2685119877748871,0.59
A1b,Abilene.gml,500,2,13,33,0.7441334381856344,0.505560350816796,0.2689882206623009,0.589090909090909
A1b,Abilene.gml,500,2,13,34,0.744084425424299,0.5036685463688113,0.2695962214967405,0.589090909090909
A1b,Abilene.gml,500,2,13,35,0.7440535727730295,0.5016936613525498,0.2702311211532463,0.5881818181818181
A1b,Abilene.gml,500,2,13,36,0.7440357893052751,0.49968302068278964,0.27089298043190185,0.5863636363636364
A1b,Abilene.gml,500,2,13,37,0.7769012979514098,0.574583168457204,0.27144751984407867,0.6427272727272727
A1b,Abilene.gml,500,2,13,38,0.7440109023557092,0.4970893498034538,0.2715781667953551,0.5863636363636364
A1b,Abilene.gml,500,2,13,39,0.7768905921630064,0.5729433440368858,0.2721758135303584,0.6427272727272727
A1b,Abilene.gml,500,2,13,40,0.744024491221835,0.4943171959703179,0.2723496814212736,0.5836363636363637
A1b,Abilene.gml,500,2,13,41,0.7440674245071349,0.4924771816815224,0.27299057793978093,0.5827272727272726
A1b,Abilene.gml,500,2,13,42,0.7442308347957006,0.490592079784904,0.2736587094264304,0.5827272727272726
A1b,Abilene.gml,500,2,13,43,0.746047955002091,0.48866267548122494,0.2743541399708739,0.5818181818181818
A1b,Abilene.gml,500,2,13,44,0.7762460154246574,0.486440570876956,0.2751427007324809,0.59
A1b,Abilene.gml,500,2,13,45,0.7765835854203348,0.48444213708841527,0.27588317365698783,0.5881818181818183
A1b,Abilene.gml,500,2,13,46,0.7766703273170384,0.4824016854474285,0.27665116085156805,0.5854545454545456
A1b,Abilene.gml,500,2,13,47,0.7602998912271416,0.573771539168355,0.2775027362043145,0.6372727272727273
A1b,Abilene.gml,500,2,13,48,0.7767064685916278,0.4784164535276101,0.27757587244122006,0.5854545454545456
A1b,Abilene.gml,500,2,13,49,0.7767143157675217,0.4756073218423897,0.27846391457301284,0.5836363636363636
A1b,Abilene.gml,500,2,14,0,0.8098764143105366,0.6006276981641566,0.26257862767711615,0.6636363636363636
A1b,Abilene.gml,500,2,14,1,0.743863144392785,0.5293283006646813,0.26230836830019183,0.5954545454545455
A1b,Abilene.gml,500,2,14,2,0.7438719137555299,0.5290984798918289,0.26217040823861093,0.5963636363636363
A1b,Abilene.gml,500,2,14,3,0.7438850684568563,0.5288335603413102,0.2620586790138601,0.5963636363636363
A1b,Abilene.gml,500,2,14,4,0.7439058253928826,0.5285333889086637,0.26197316682993305,0.5963636363636363
A1b,Abilene.gml,500,2,14,5,0.7603482614052627,0.6074402773426384,0.26191386051390747,0.6545454545454545
A1b,Abilene.gml,500,2,14,6,0.7444895108706299,0.5286699832517778,0.261837561104993,0.5954545454545455
A1b,Abilene.gml,500,2,14,7,0.7593604409768246,0.528267492896248,0.26182158134970146,0.6036363636363636
A1b,Abilene.gml,500,2,14,8,0.7600243270542539,0.5278291630236644,0.2618317853505205,0.6027272727272727
A1b,Abilene.gml,500,2,14,9,0.7601456073651994,0.5273548883392674,0.26186817150947433,0.6027272727272727
A1b,Abilene.gml,500,2,14,10,0.7601963378128257,0.5268445740734987,0.2619307408469633,0.6027272727272727
A1b,Abilene.gml,500,2,14,11,0.7602241692834923,0.526298136210812,0.2620194970016032,0.6018181818181818
A1b,Abilene.gml,500,2,14,12,0.7602416586823613,0.5257155017168611,0.2621344462303279,0.600909090909091
A1b,Abilene.gml,500,2,14,13,0.7602535917125174,0.5250966087636818,0.2622755974087527,0.600909090909091
A1b,Abilene.gml,500,2,14,14,0.7602621875984052,0.5244414069524633,0.26244296203180045,0.600909090909091
A1b,Abilene.gml,500,2,14,15,0.7602686185529652,0.5237498575334839,0.2626365542145892,0.6018181818181818
A1b,Abilene.gml,500,2,14,16,0.7764254035871389,0.5998596707606786,0.262856390693581,0.6572727272727272
A1b,Abilene.gml,500,2,14,17,0.7602848708025248,0.5228859573395308,0.26286186345158075,0.600909090909091
A1b,Abilene.gml,500,2,14,18,0.7602880898355913,0.5219643745319773,0.2631239598685107,0.600909090909091
A1b,Abilene.gml,500,2,14,19,0.760290732827329,0.5209416066270248,0.26341234247178574,0.600909090909091
A1b,Abilene.gml,500,2,14,20,0.8094812574663076,0.5961771923982128,0.2637270374710478,0.6663636363636364
A1b,Abilene.gml,500,2,14,21,0.7602932916285924,0.5194364030803977,0.26391414406781555,0.6000000000000001
A1b,Abilene.gml,500,2,14,22,0.7686430196585298,0.5790026251751321,0.2642722882718841,0.6445454545454545
A1b,Abilene.gml,500,2,14,23,0.7602894794746512,0.5189761291747905,0.2644096801712539,0.600909090909091
A1b,Abilene.gml,500,2,14,24,0.8014328223013544,0.5808167165365284,0.2648093880048627,0.65
A1b,Abilene.gml,500,2,14,25,0.7603007035676019,0.5173393671401626,0.26491749905285944,0.6000000000000001
A1b,Abilene.gml,500,2,14,26,0.7603019329892908,0.5161042754425811,0.26535983385108297,0.600909090909091
A1b,Abilene.gml,500,2,14,27,0.7603031009934385,0.514832001893745,0.2658286603992119,0.6000000000000001
A1b,Abilene.gml,500,2,14,28,0.793392134977341,0.5889383890312291,0.26632402293072577,0.6554545454545454
A1b,Abilene.gml,500,2,14,29,0.7603125289943161,0.5129108534164533,0.2665223592797047,0.5990909090909091
A1b,Abilene.gml,500,2,14,30,0.760314108743819,0.5115374496812728,0.2670604283709888,0.5990909090909091
A1b,Abilene.gml,500,2,14,31,0.7603159061592993,0.5099389471826383,0.26762514969820084,0.5990909090909091
A1b,Abilene.gml,500,2,14,32,0.7933193902039531,0.5837996098591259,0.26821657706825003,0.6527272727272728
A1b,Abilene.gml,500,2,14,33,0.7603162284387988,0.5066759136143762,0.26859446713002044,0.5963636363636365
A1b,Abilene.gml,500,2,14,34,0.7603114133011112,0.5051620213963469,0.26904041356174807,0.5918181818181818
A1b,Abilene.gml,500,2,14,35,0.7687710851493801,0.5654177070523629,0.26969283587720555,0.6372727272727272
A1b,Abilene.gml,500,2,14,36,0.7932804101652998,0.579232299883574,0.2700510555628115,0.6518181818181819
A1b,Abilene.gml,500,2,14,37,0.7603251838809997,0.5002433372604377,0.2704988108240982,0.5918181818181818
A1b,Abilene.gml,500,2,14,38,0.7691225527170438,0.5611975664829303,0.27121142043897134,0.6354545454545454
A1b,Abilene.gml,500,2,14,39,0.7603502476572842,0.4966651753587989,0.2716187730870947,0.5918181818181818
A1b,Abilene.gml,500,2,14,40,0.7603690960900639,0.4945130489476876,0.2723742893303467,0.59
A1b,Abilene.gml,500,2,14,41,0.7931986257361252,0.5712492720189264,0.27294552495978547,0.6454545454545455
A1b,Abilene.gml,500,2,14,42,0.7604214319430949,0.4910800935789648,0.2734818272420157,0.5863636363636364
A1b,Abilene.gml,500,2,14,43,0.7605333796919413,0.48924353177903085,0.274100196623187,0.5854545454545456
A1b,Abilene.gml,500,2,14,44,0.7614160298275281,0.4869714834821433,0.2749353543711455,0.5854545454545456
A1b,Abilene.gml,500,2,14,45,0.7923996931683738,0.4846682885751216,0.2757979221387663,0.5909090909090909
A1b,Abilene.gml,500,2,14,46,0.7927667255770178,0.48249120445548893,0.2763091742760879,0.5918181818181818
A1b,Abilene.gml,500,2,14,47,0.7925882569437758,0.47995717465751225,0.27684800620562333,0.5909090909090909
A1b,Abilene.gml,500,2,14,48,0.7783576089979146,0.47729212028682527,0.2774144690525865,0.5863636363636364
A1b,Abilene.gml,500,2,14,49,0.7772299867243128,0.4747487243641588,0.27836276712174307,0.5818181818181818
A1b,Abilene.gml,500,2,15,0,0.7603571836244565,0.5562610669962628,0.2643945551879625,0.620909090909091
A1b,Abilene.gml,500,2,15,1,0.7438207877877626,0.5233363527183279,0.2643152054240201,0.5909090909090909
A1b,Abilene.gml,500,2,15,2,0.7602531847940276,0.6029997888944554,0.2641504163330658,0.6509090909090909
A1b,Abilene.gml,500,2,15,3,0.7438275010425965,0.5239939417394139,0.26399642137281604,0.5936363636363636
A1b,Abilene.gml,500,2,15,4,0.7438351230352022,0.5237443434430964,0.26387559090778434,0.5936363636363636
A1b,Abilene.gml,500,2,15,5,0.7438462288718689,0.5234599976730006,0.2637811600848899,0.5936363636363636
A1b,Abilene.gml,500,2,15,6,0.743863260867617,0.5231407589518328,0.2637131168210863,0.5936363636363636
A1b,Abilene.gml,500,2,15,7,0.7438918051009342,0.5227864911340696,0.26367145167329115,0.5936363636363636
A1b,Abilene.gml,500,2,15,8,0.7439478472656305,0.5223970676361077,0.2636561578371781,0.5936363636363636
A1b,Abilene.gml,500,2,15,9,0.7441024959061356,0.5219723716663996,0.2636672311462325,0.5936363636363636
A1b,Abilene.gml,500,2,15,10,0.7461623628840502,0.521512296455268,0.2637046700710704,0.5936363636363636
A1b,Abilene.gml,500,2,15,11,0.7597835800299003,0.5210167454840791,0.26376847571902307,0.5972727272727274
A1b,Abilene.gml,500,2,15,12,0.7600565236853829,0.5204856327134345,0.2638586518339828,0.5972727272727274
A1b,Abilene.gml,500,2,15,13,0.760136927730197,0.5199188828100203,0.26397520479651443,0.5981818181818183
A1b,Abilene.gml,500,2,15,14,0.7601749163677912,0.5193164313717289,0.26411814362422953,0.5990909090909091
A1b,Abilene.gml,500,2,15,15,0.7601965060258699,0.5186782251506604,0.26428747997242424,0.6000000000000001
A1b,Abilene.gml,500,2,15,16,0.7602099480287159,0.518004222273579,0.2644832281349814,0.5981818181818183
A1b,Abilene.gml,500,2,15,17,0.7602186631231725,0.5172943924593898,0.26470540504553564,0.5972727272727274
A1b,Abilene.gml,500,2,15,18,0.7602243121728491,0.5165487172331832,0.2649540302789036,0.5972727272727274
A1b,Abilene.gml,500,2,15,19,0.8068517823905207,0.5913121433976296,0.26522912605277593,0.6590909090909091
A1b,Abilene.gml,500,2,15,20,0.7602223322896787,0.5155673430144894,0.2653812066744088,0.5972727272727274
A1b,Abilene.gml,500,2,15,21,0.7602208870452195,0.5145150313796919,0.26570031675617467,0.5963636363636365
A1b,Abilene.gml,500,2,15,22,0.7602181332215878,0.5134257835552846,0.26604596495860816,0.5963636363636365
A1b,Abilene.gml,500,2,15,23,0.7602139714601737,0.512299713593095,0.2664181831927171,0.5954545454545456
A1b,Abilene.gml,500,2,15,24,0.7602081979399778,0.5111369506718538,0.2668170060233219,0.5945454545454547
A1b,Abilene.gml,500,2,15,25,0.7602004731910292,0.509937639190723,0.2672424706722461,0.5945454545454547
A1b,Abilene.gml,500,2,15,26,0.7601902607295041,0.5087019388522731,0.2676946170217726,0.5927272727272729
A1b,Abilene.gml,500,2,15,27,0.7601767123096631,0.5074300247344452,0.26817348761836624,0.5927272727272729
A1b,Abilene.gml,500,2,15,28,0.7601584475860371,0.506122087351031,0.26867912767666213,0.5927272727272729
A1b,Abilene.gml,500,2,15,29,0.7601331033234775,0.5047783327002164,0.26921158508371984,0.5918181818181819
A1b,Abilene.gml,500,2,15,30,0.7597121634372633,0.5038531331109632,0.26962486916168404,0.5918181818181819
A1b,Abilene.gml,500,2,15,31,0.7445179194601003,0.5025752481124471,0.2700650743981566,0.589090909090909
A1b,Abilene.gml,500,2,15,32,0.7440552859466245,0.5010939398931566,0.2705322421215453,0.5881818181818181
A1b,Abilene.gml,500,2,15,33,0.7440272194400657,0.4991665617981933,0.2711427779581302,0.5863636363636364
A1b,Abilene.gml,500,2,15,34,0.7440079356543072,0.49720371330706475,0.27178036701892727,0.5845454545454546
A1b,Abilene.gml,500,2,15,35,0.7521252608243875,0.49520587797739957,0.27244507035752014,0.5863636363636364
A1b,Abilene.gml,500,2,15,36,0.77689073232055,0.5701162359234241,0.27299095429894515,0.639090909090909
A1b,Abilene.gml,500,2,15,37,0.7439756151296367,0.4927294733868177,0.2730999297404726,0.5827272727272726
A1b,Abilene.gml,500,2,15,38,0.7439645038734626,0.49102253422279046,0.27368925830604335,0.5809090909090909
A1b,Abilene.gml,500,2,15,39,0.743975993417036,0.4892694572105743,0.274305896864588,0.5809090909090909
A1b,Abilene.gml,500,2,15,40,0.7440181908886196,0.4874709647177987,0.2749499043489634,0.58
A1b,Abilene.gml,500,2,15,41,0.7768679172977453,0.5639337936327041,0.27535895384185244,0.6372727272727272
A1b,Abilene.gml,500,2,15,42,0.744148063289169,0.4845615758408987,0.2756605473273245,0.579090909090909
A1b,Abilene.gml,500,2,15,43,0.7768745641068707,0.560136439158884,0.27646008207839345,0.6336363636363637
A1b,Abilene.gml,500,2,15,44,0.7724061871691102,0.480639348734246,0.2770436533189706,0.5845454545454546
A1b,Abilene.gml,500,2,15,45,0.7768693694692875,0.5562484559826845,0.2778897004348161,0.6327272727272727
A1b,Abilene.gml,500,2,15,46,0.776500786460188,0.47701300080961695,0.278139858348402,0.5836363636363637
A1b,Abilene.gml,500,2,15,47,0.7766207368772959,0.474395092689587,0.2790202882581998,0.5827272727272728
A1b,Abilene.gml,500,2,15,48,0.7766246532961992,0.4722116461363737,0.2798023922370254,0.5809090909090909
A1b,Abilene.gml,500,2,15,49,0.7765010978042767,0.47000210091656935,0.28061239824467676,0.5809090909090909
A1b,Abilene.gml,500,2,16,0,0.7603231734874947,0.607513117879253,0.2631689664132759,0.6536363636363636
A1b,Abilene.gml,500,2,16,1,0.7438895601969086,0.5284223171308509,0.26298828676556496,0.5954545454545455
A1b,Abilene.gml,500,2,16,2,0.7603231551360399,0.6084199578186597,0.26283606362006573,0.6554545454545454
A1b,Abilene.gml,500,2,16,3,0.7441610147938924,0.5292969150909478,0.26269899914282735,0.5963636363636363
A1b,Abilene.gml,500,2,16,4,0.7482617095171471,0.5294304111468678,0.26259035766356087,0.5972727272727272
A1b,Abilene.gml,500,2,16,5,0.7598481633569988,0.5290774765936415,0.2625079860842086,0.6000000000000001
A1b,Abilene.gml,500,2,16,6,0.7600888639037222,0.5286890360490624,0.26245187354062277,0.6000000000000001
A1b,Abilene.gml,500,2,16,7,0.7601653781636982,0.5282649807413585,0.26242201179564534,0.6000000000000001
A1b,Abilene.gml,500,2,16,8,0.7602028975596617,0.5278052074378019,0.2624183952380219,0.6009090909090911
A1b,Abilene.gml,500,2,16,9,0.7602250893783946,0.5273096230546276,0.2624410208815781,0.6018181818181818
A1b,Abilene.gml,500,2,16,10,0.7602396462635721,0.5267781448731224,0.2624898883646581,0.6018181818181818
A1b,Abilene.gml,500,2,16,11,0.7602498356188773,0.5262107007546661,0.2625649999498262,0.6018181818181818
A1b,Abilene.gml,500,2,16,12,0.7602572787100683,0.5256072293543829,0.26266636052383086,0.6018181818181818
A1b,Abilene.gml,500,2,16,13,0.7602628729907547,0.5249676803330409,0.26279397759783035,0.6018181818181818
A1b,Abilene.gml,500,2,16,14,0.7602671500551391,0.5242920145668208,0.26294786130788234,0.6018181818181818
A1b,Abilene.gml,500,2,16,15,0.7602704445676474,0.5235801247089223,0.2631280244156941,0.6027272727272729
A1b,Abilene.gml,500,2,16,16,0.7602729759552421,0.5226774322303158,0.2633344823096367,0.601818181818182
A1b,Abilene.gml,500,2,16,17,0.7602754643693181,0.5220945878648927,0.26337440810202745,0.6018181818181818
A1b,Abilene.gml,500,2,16,18,0.7602784126435466,0.5211338895649115,0.2636224909559061,0.6000000000000001
A1b,Abilene.gml,500,2,16,19,0.7602807092390232,0.5201019758181634,0.263896911250595,0.5990909090909091
A1b,Abilene.gml,500,2,16,20,0.7602824773465471,0.5190311244498886,0.26419769379437946,0.5990909090909091
A1b,Abilene.gml,500,2,16,21,0.7602838045411158,0.5179230483862349,0.264524866029289,0.5990909090909091
A1b,Abilene.gml,500,2,16,22,0.7602847540572214,0.5167778677396421,0.26487845803357796,0.5981818181818183
A1b,Abilene.gml,500,2,16,23,0.7602853718897506,0.5155957178450185,0.26525850252446986,0.5981818181818183
A1b,Abilene.gml,500,2,16,24,0.7602856914286281,0.5143767493439695,0.26566503486116505,0.5972727272727274
A1b,Abilene.gml,500,2,16,25,0.7602857365666609,0.5131211282584321,0.26609809304811266,0.5972727272727274
A1b,Abilene.gml,500,2,16,26,0.7602855238458609,0.5118290360532778,0.26655771773854653,0.5963636363636365
A1b,Abilene.gml,500,2,16,27,0.7932185096249267,0.5856144761474726,0.2668963824170772,0.6518181818181819
A1b,Abilene.gml,500,2,16,28,0.7602891634643207,0.5104264695719013,0.26704403245430103,0.5954545454545456
A1b,Abilene.gml,500,2,16,29,0.7602888816887511,0.5090338534511912,0.26756313936009984,0.5954545454545456
A1b,Abilene.gml,500,2,16,30,0.7602884458431219,0.5071715829300477,0.26810895066914414,0.5936363636363637
A1b,Abilene.gml,500,2,16,31,0.7602878818977383,0.5052621547056736,0.26868151829212444,0.5936363636363637
A1b,Abilene.gml,500,2,16,32,0.7603504281273501,0.5495590965804157,0.26928089681017164,0.6281818181818181
A1b,Abilene.gml,500,2,16,33,0.760268411126697,0.5018468877366403,0.26972003895927216,0.5927272727272729
A1b,Abilene.gml,500,2,16,34,0.7602322582146069,0.5003271650620479,0.27018610919805375,0.5927272727272729
A1b,Abilene.gml,500,2,16,35,0.7771283930940162,0.5754954339159591,0.2706791514407312,0.6427272727272727
A1b,Abilene.gml,500,2,16,36,0.7602422458298203,0.4974913349377628,0.2709370503634039,0.59
A1b,Abilene.gml,500,2,16,37,0.760156520452982,0.4958517533029202,0.2714634671969778,0.5881818181818183
A1b,Abilene.gml,500,2,16,38,0.7601177054057735,0.49372699583967544,0.2721743340856197,0.5881818181818183
A1b,Abilene.gml,500,2,16,39,0.7600518952843615,0.49156898646718283,0.2729123473209812,0.5881818181818183
A1b,Abilene.gml,500,2,16,40,0.7599180637313584,0.48937831867194553,0.27367757798975134,0.5863636363636364
A1b,Abilene.gml,500,2,16,41,0.7447610002873596,0.48760769605641807,0.27428307020306053,0.5809090909090909
A1b,Abilene.gml,500,2,16,42,0.7442928829087164,0.48579191011543527,0.27491593017416865,0.5809090909090909
A1b,Abilene.gml,500,2,16,43,0.7447220023154976,0.48393173114690974,0.275576218452297,0.579090909090909
A1b,Abilene.gml,500,2,16,44,0.7769095902135977,0.5597714471253111,0.2760385388325307,0.6354545454545454
A1b,Abilene.gml,500,2,16,45,0.7755964207231578,0.4808063406180439,0.27641875838297253,0.5863636363636364
A1b,Abilene.gml,500,2,16,46,0.7765751463174086,0.47854969071884795,0.2771270373299701,0.5854545454545454
A1b,Abilene.gml,500,2,16,47,0.7766239888802011,0.47639718743053494,0.27786295815280604,0.5836363636363637
A1b,Abilene.gml,500,2,16,48,0.8032713064778904,0.5382957257064684,0.2787754882203282,0.6318181818181818
A1b,Abilene.gml,500,2,16,49,0.7705070749395042,0.4719751237418372,0.2793292855739178,0.58
A1b,Abilene.gml,500,2,17,0,0.7605445052001601,0.6135418973328053,0.2637230514465684,0.6545454545454545
A1b,Abilene.gml,500,2,17,1,0.7439365434564273,0.5268052485274066,0.26346120536775497,0.5945454545454546
A1b,Abilene.gml,500,2,17,2,0.7439897751564092,0.52659247345652,0.26329819769544666,0.5945454545454546
A1b,Abilene.gml,500,2,17,3,0.7441298189195745,0.5263449331355141,0.2631615361436751,0.5945454545454545
A1b,Abilene.gml,500,2,17,4,0.7453295298721888,0.5260624781668204,0.26305120441167307,0.5945454545454545
A1b,Abilene.gml,500,2,17,5,0.7597416284672918,0.5257449681429998,0.26296718883328557,0.5990909090909091
A1b,Abilene.gml,500,2,17,6,0.7600802265291762,0.5253922718661997,0.2629094783753391,0.5990909090909091
A1b,Abilene.gml,500,2,17,7,0.760172329269843,0.5250042675682401,0.262878064636276,0.5990909090909091
A1b,Abilene.gml,500,2,17,8,0.7602151184442095,0.5245808431310628,0.2628729418450504,0.5990909090909091
A1b,Abilene.gml,500,2,17,9,0.760239853376208,0.524121896307253,0.2628941068602884,0.5981818181818181
A1b,Abilene.gml,500,2,17,10,0.760255931195303,0.5236273349403361,0.262941559169711,0.5990909090909091
A1b,Abilene.gml,500,2,17,11,0.7605013241319807,0.6011079156597747,0.26301530088981956,0.6527272727272728
A1b,Abilene.gml,500,2,17,12,0.7602815360760155,0.5234413598648978,0.26301606617702933,0.6000000000000001
A1b,Abilene.gml,500,2,17,13,0.7602861096888578,0.5228430059947272,0.2631331367254502,0.6000000000000001
A1b,Abilene.gml,500,2,17,14,0.7602898108474235,0.5222086951769431,0.2632765088804887,0.5990909090909091
A1b,Abilene.gml,500,2,17,15,0.7602928544726619,0.5215314516891609,0.26344619434919986,0.5990909090909091
A1b,Abilene.gml,500,2,17,16,0.7602953890337674,0.5206630453457802,0.263642207468799,0.5990909090909091
A1b,Abilene.gml,500,2,17,17,0.7602975211211774,0.5197323032871869,0.26386456520783313,0.5990909090909091
A1b,Abilene.gml,500,2,17,18,0.7520997749666762,0.5187643339985386,0.2641132871676142,0.5972727272727273
A1b,Abilene.gml,500,2,17,19,0.7603005534626578,0.5182005425549977,0.26420083254962456,0.6000000000000001
A1b,Abilene.gml,500,2,17,20,0.760302581354545,0.5171766789713366,0.2644916763373612,0.5990909090909091
A1b,Abilene.gml,500,2,17,21,0.7603043287820018,0.5161155264753762,0.2648089402083529,0.5981818181818183
A1b,Abilene.gml,500,2,17,22,0.7603058492732785,0.5150171890928305,0.2651526532469784,0.5963636363636365
A1b,Abilene.gml,500,2,17,23,0.8094383762304137,0.5896569682862745,0.2655228471796245,0.66
A1b,Abilene.gml,500,2,17,24,0.7603067060380969,0.5133884175501298,0.26572707830979014,0.5963636363636365
A1b,Abilene.gml,500,2,17,25,0.8035497345762509,0.5882133690779149,0.2661409327655216,0.6590909090909091
A1b,Abilene.gml,500,2,17,26,0.7603061138584781,0.5115919377949047,0.2663889011090856,0.5963636363636365
A1b,Abilene.gml,500,2,17,27,0.7603066361569724,0.5103060356646673,0.2668465362796699,0.5945454545454547
A1b,Abilene.gml,500,2,17,28,0.7603071301062664,0.5089838528503817,0.2673308103403651,0.5945454545454547
A1b,Abilene.gml,500,2,17,29,0.760307618627768,0.5076256027031563,0.2678417690546884,0.5945454545454547
A1b,Abilene.gml,500,2,17,30,0.7603081294295464,0.5060796338928347,0.26837946085004555,0.5945454545454547
A1b,Abilene.gml,500,2,17,31,0.7603086976613579,0.5042026980693985,0.2689439368223083,0.5936363636363637
A1b,Abilene.gml,500,2,17,32,0.7603093699788643,0.5022896900985392,0.26953525074065604,0.5918181818181818
A1b,Abilene.gml,500,2,17,33,0.7932765693248437,0.5778743723835164,0.26994807079049365,0.6509090909090909
A1b,Abilene.gml,500,2,17,34,0.7602990732532752,0.4994722244536199,0.2703461085631438,0.59
A1b,Abilene.gml,500,2,17,35,0.7602882716126854,0.4979374408314082,0.27080541660957375,0.59
A1b,Abilene.gml,500,2,17,36,0.7712808333682569,0.5581881441343954,0.2712917592668601,0.6336363636363637
A1b,Abilene.gml,500,2,17,37,0.7602885146306267,0.49492287505517,0.27164128289163697,0.5890909090909091
A1b,Abilene.gml,500,2,17,38,0.7602892393187083,0.49282965273165735,0.27234462857719655,0.5890909090909091
A1b,Abilene.gml,500,2,17,39,0.7602909911740223,0.4907030474286273,0.2730751383910453,0.5854545454545456
A1b,Abilene.gml,500,2,17,40,0.7602640624054544,0.4889840327165374,0.27363740663933767,0.5836363636363636
A1b,Abilene.gml,500,2,17,41,0.785028227143567,0.5505295817516913,0.2742269824014691,0.6327272727272727
A1b,Abilene.gml,500,2,17,42,0.7602714982346076,0.48565985538693734,0.27466340589311744,0.5836363636363636
A1b,Abilene.gml,500,2,17,43,0.7601591268752336,0.48382118143152913,0.27529441260149806,0.5809090909090909
A1b,Abilene.gml,500,2,17,44,0.760134072003229,0.48156288556313664,0.2761205895004528,0.5809090909090909
A1b,Abilene.gml,500,2,17,45,0.7601885922950209,0.4792741167391418,0.2769742958406677,0.5809090909090909
A1b,Abilene.gml,500,2,17,46,0.8177772810635706,0.5413295349690173,0.2778556142398326,0.6381818181818182
A1b,Abilene.gml,500,2,17,47,0.7922729385374929,0.47490769368689373,0.2783812912749791,0.5872727272727274
A1b,Abilene.gml,500,2,17,48,0.7858687179409017,0.4724014604742682,0.27892811227802955,0.5836363636363636
A1b,Abilene.gml,500,2,17,49,0.7767915312216354,0.470250272116397,0.27967537871592024,0.5790909090909091
A1b,Abilene.gml,500,2,18,0,0.81790317014013,0.6761833318311509,0.2623531833186055,0.7181818181818183
A1b,Abilene.gml,500,2,18,1,0.7438537807429981,0.527031190849086,0.26208004937267454,0.5936363636363636
A1b,Abilene.gml,500,2,18,2,0.7438606899984308,0.52707761772625,0.2619039860109824,0.5954545454545455
A1b,Abilene.gml,500,2,18,3,0.7438715562461984,0.5268926748041786,0.26175413065422737,0.5954545454545455
A1b,Abilene.gml,500,2,18,4,0.7438889308465377,0.5266733846851513,0.2616304656960736,0.5954545454545455
A1b,Abilene.gml,500,2,18,5,0.743918897078445,0.5264195779127259,0.2615329761509853,0.5954545454545455
A1b,Abilene.gml,500,2,18,6,0.7439796727714728,0.5261310937095838,0.2614616496524665,0.5954545454545455
A1b,Abilene.gml,500,2,18,7,0.7603160100896666,0.6045717243779667,0.2614164764515628,0.6527272727272727
A1b,Abilene.gml,500,2,18,8,0.7599556977632645,0.5262376569303222,0.26136259408877865,0.600909090909091
A1b,Abilene.gml,500,2,18,9,0.7601206582325275,0.5258488225183144,0.2613608625132792,0.5990909090909091
A1b,Abilene.gml,500,2,18,10,0.7601804852333608,0.5254246943588115,0.26138526719718863,0.5990909090909091
A1b,Abilene.gml,500,2,18,11,0.7602113488267178,0.5249651576062044,0.26143580796734933,0.600909090909091
A1b,Abilene.gml,500,2,18,12,0.760230012375056,0.5244701075802627,0.2615124872642298,0.6018181818181818
A1b,Abilene.gml,500,2,18,13,0.760242372581477,0.523939450005135,0.261615310141907,0.6018181818181818
A1b,Abilene.gml,500,2,18,14,0.7602510313871927,0.5233731012472955,0.26174428426831065,0.600909090909091
A1b,Abilene.gml,500,2,18,15,0.7274486920107788,0.477699633188359,0.26189941992572846,0.5609090909090908
A1b,Abilene.gml,500,2,18,16,0.7602619704068213,0.5221278179818968,0.262080730011573,0.600909090909091
A1b,Abilene.gml,500,2,18,17,0.7602654382065152,0.5214291129642625,0.2622882300394103,0.6000000000000001
A1b,Abilene.gml,500,2,18,18,0.7602680017201404,0.520644711785944,0.26252193814024866,0.6000000000000001
A1b,Abilene.gml,500,2,18,19,0.7602698451027107,0.5196932673971215,0.26278187506409095,0.600909090909091
A1b,Abilene.gml,500,2,18,20,0.7602710915985322,0.5187045487641,0.26306806418174733,0.6000000000000001
A1b,Abilene.gml,500,2,18,21,0.7602718233181391,0.5176786213691223,0.26338053148691004,0.6000000000000001
A1b,Abilene.gml,500,2,18,22,0.8094613191391001,0.5924593806694933,0.263719305598491,0.6618181818181817
A1b,Abilene.gml,500,2,18,23,0.7602656887951366,0.5161151583732807,0.2639340518051496,0.5990909090909091
A1b,Abilene.gml,500,2,18,24,0.7602644257831842,0.5149767776500447,0.2643165761341175,0.5981818181818183
A1b,Abilene.gml,500,2,18,25,0.7602626794543513,0.5138015787391214,0.26472549386826594,0.5981818181818183
A1b,Abilene.gml,500,2,18,26,0.7602603995250725,0.5125897025052072,0.2651608432600278,0.5972727272727274
A1b,Abilene.gml,500,2,18,27,0.7602575102128319,0.5113413052228686,0.2656226652011764,0.5963636363636365
A1b,Abilene.gml,500,2,18,28,0.7602539017603867,0.5100565586597324,0.26611100322665104,0.5963636363636365
A1b,Abilene.gml,500,2,18,29,0.7602494166048044,0.5087356501479636,0.26662590351864585,0.5963636363636365
A1b,Abilene.gml,500,2,18,30,0.7602438266036128,0.507378782643545,0.26716741491096324,0.5963636363636365
A1b,Abilene.gml,500,2,18,31,0.7782338578282985,0.5810905060356099,0.2677355888936326,0.6463636363636364
A1b,Abilene.gml,500,2,18,32,0.7602749095203708,0.5053300501625796,0.267953919832737,0.5945454545454546
A1b,Abilene.gml,500,2,18,33,0.7602441154483384,0.5039972899250391,0.26840522281191315,0.5927272727272727
A1b,Abilene.gml,500,2,18,34,0.7776605946566625,0.5778334437777904,0.26903323521568956,0.6463636363636364
A1b,Abilene.gml,500,2,18,35,0.7602804185307732,0.500816139298993,0.2693008526025018,0.5909090909090909
A1b,Abilene.gml,500,2,18,36,0.7602797764230383,0.49880614676505475,0.2699718577897002,0.5909090909090909
A1b,Abilene.gml,500,2,18,37,0.7602797698337711,0.49676139914704415,0.27066979306215866,0.5890909090909091
A1b,Abilene.gml,500,2,18,38,0.785368514184637,0.5555713289026317,0.2712058503512976,0.6318181818181818
A1b,Abilene.gml,500,2,18,39,0.7601629512779534,0.49357236443000657,0.2716698708991463,0.5881818181818183
A1b,Abilene.gml,500,2,18,40,0.7769829367171416,0.5703941302680199,0.2722531339760128,0.6427272727272727
A1b,Abilene.gml,500,2,18,41,0.7448629413066932,0.4901654329454306,0.2727953130991137,0.5818181818181818
A1b,Abilene.gml,500,2,18,42,0.744256643112281,0.48834089993203106,0.27342567896933806,0.5818181818181818
A1b,Abilene.gml,500,2,18,43,0.8007737790108603,0.6322177923215399,0.27408332437087224,0.6909090909090909
A1b,Abilene.gml,500,2,18,44,0.7446224351597805,0.4853641978243679,0.2743114902561084,0.58
A1b,Abilene.gml,500,2,18,45,0.7753088237108685,0.4830930639479314,0.2751501303920404,0.5881818181818183
A1b,Abilene.gml,500,2,18,46,0.8179288097942539,0.5461762434838614,0.27586934438431016,0.6418181818181817
A1b,Abilene.gml,500,2,18,47,0.776667204972573,0.47945722792434514,0.2763683484109944,0.5863636363636364
A1b,Abilene.gml,500,2,18,48,0.77673154744083,0.4766451698532616,0.2772680216806452,0.5827272727272728
A1b,Abilene.gml,500,2,18,49,0.7767295971104065,0.4743368015078188,0.2780470207521089,0.5809090909090909
A1b,Abilene.gml,500,2,19,0,0.7603109855707825,0.60319630323277,0.26496040392375214,0.65
A1b,Abilene.gml,500,2,19,1,0.7438667931636083,0.522951134797994,0.26477327425943414,0.5890909090909091
A1b,Abilene.gml,500,2,19,2,0.7438814193408271,0.522784504389636,0.2646012284506924,0.5918181818181818
A1b,Abilene.gml,500,2,19,3,0.7439061495921553,0.5225831862516928,0.2644556599693765,0.5918181818181818
A1b,Abilene.gml,500,2,19,4,0.7439531740674291,0.5223470197521937,0.26433655161090575,0.5927272727272727
A1b,Abilene.gml,500,2,19,5,0.7440701863268667,0.5220758533181127,0.26424388881843186,0.5918181818181818
A1b,Abilene.gml,500,2,19,6,0.7603219125657286,0.6012680228415355,0.2641776596811191,0.6518181818181819
A1b,Abilene.gml,500,2,19,7,0.7600819946722019,0.5222410534010608,0.26410358445690857,0.5963636363636363
A1b,Abilene.gml,500,2,19,8,0.760161524862027,0.5218684085313151,0.2640810570569809,0.5954545454545455
A1b,Abilene.gml,500,2,19,9,0.760199510066909,0.5214601850748752,0.2640849400154988,0.5954545454545455
A1b,Abilene.gml,500,2,19,10,0.7602216671674487,0.5210162790399496,0.26411523107972246,0.5954545454545455
A1b,Abilene.gml,500,2,19,11,0.7686339357691587,0.5819580313909324,0.26417193063794764,0.6427272727272727
A1b,Abilene.gml,500,2,19,12,0.7602070149982627,0.5209871258857018,0.26412792388587736,0.6000000000000001
A1b,Abilene.gml,500,2,19,13,0.7602244887866413,0.5204762944969876,0.2642264027290333,0.5990909090909091
A1b,Abilene.gml,500,2,19,14,0.7602362234385204,0.5199294958388593,0.2643512943645778,0.5990909090909091
A1b,Abilene.gml,500,2,19,15,0.7605578061984309,0.5968881151825193,0.2645026086403953,0.649090909090909
A1b,Abilene.gml,500,2,19,16,0.7602514534285973,0.51954561980272,0.2645820105099773,0.5981818181818183
A1b,Abilene.gml,500,2,19,17,0.760254487420471,0.5188759015120866,0.26477702747758763,0.5990909090909091
A1b,Abilene.gml,500,2,19,18,0.7602566742277019,0.5180880096740211,0.264998502646249,0.5981818181818183
A1b,Abilene.gml,500,2,19,19,0.7602581666862647,0.5171612350628562,0.2652464555176582,0.5981818181818183
A1b,Abilene.gml,500,2,19,20,0.7602590646087299,0.5161969870755689,0.26552090823933194,0.5972727272727274
A1b,Abilene.gml,500,2,19,21,0.7602594308535118,0.5151953350750019,0.2658218856065574,0.5972727272727274
A1b,Abilene.gml,500,2,19,22,0.8093162372092695,0.5908579148124299,0.2661494150646069,0.6618181818181819
A1b,Abilene.gml,500,2,19,23,0.7602519077614052,0.5136744551700801,0.26635917258462,0.5972727272727274
A1b,Abilene.gml,500,2,19,24,0.7602500022302139,0.5125598120000976,0.2667306590315751,0.5954545454545456
A1b,Abilene.gml,500,2,19,25,0.7602474871866254,0.511408174079921,0.2671287813957888,0.5945454545454547
A1b,Abilene.gml,500,2,19,26,0.760244274018191,0.5102196873379039,0.2675535768259056,0.5945454545454547
A1b,Abilene.gml,500,2,19,27,0.7602402353610809,0.5089945132356108,0.26800508513416194,0.5936363636363637
A1b,Abilene.gml,500,2,19,28,0.7602351898396628,0.5077328288306443,0.26848334880010083,0.5936363636363637
A1b,Abilene.gml,500,2,19,29,0.7602288772223766,0.5064348268275993,0.2689884129745532,0.5918181818181818
A1b,Abilene.gml,500,2,19,30,0.7601635892309411,0.5055266726436645,0.26937519558943096,0.5918181818181818
A1b,Abilene.gml,500,2,19,31,0.7599321386926647,0.5045687577748871,0.2697888770456062,0.5918181818181818
A1b,Abilene.gml,500,2,19,32,0.7769695024678668,0.5794060990193127,0.2702294960213404,0.6454545454545454
A1b,Abilene.gml,500,2,19,33,0.7599630249126453,0.5022713144701675,0.27043891379561397,0.5909090909090909
A1b,Abilene.gml,500,2,19,34,0.759817387648008,0.5003649541312786,0.27103844456693865,0.5909090909090909
A1b,Abilene.gml,500,2,19,35,0.776987583541861,0.5756551585580582,0.27166501922964265,0.6436363636363637
A1b,Abilene.gml,500,2,19,36,0.7454027212981664,0.4969519803123122,0.27211353460019627,0.5836363636363637
A1b,Abilene.gml,500,2,19,37,0.7441160131772185,0.4953183522313372,0.27264157157759067,0.5827272727272726
A1b,Abilene.gml,500,2,19,38,0.7440008682036864,0.49363728907635274,0.273196819908445,0.5827272727272726
A1b,Abilene.gml,500,2,19,39,0.7439656996362861,0.49190947603058993,0.2737793323964572,0.5827272727272726
A1b,Abilene.gml,500,2,19,40,0.7439581279158047,0.4901356230617266,0.2743891645664601,0.5827272727272726
A1b,Abilene.gml,500,2,19,41,0.7439702922076737,0.4883164643458524,0.27502637466970276,0.5818181818181818
A1b,Abilene.gml,500,2,19,42,0.7440051269727714,0.4867744156372403,0.2754328416282537,0.5809090909090909
A1b,Abilene.gml,500,2,19,43,0.7768788054023439,0.5633873672681792,0.2762081896630191,0.6363636363636362
A1b,Abilene.gml,500,2,19,44,0.7768874146266942,0.5618631676718692,0.27655978703420253,0.6363636363636362
A1b,Abilene.gml,500,2,19,45,0.7442179472098535,0.48171876980203154,0.27693900522435233,0.5763636363636363
A1b,Abilene.gml,500,2,19,46,0.7449605239644146,0.4797620298719803,0.27764928150467766,0.5754545454545454
A1b,Abilene.gml,500,2,19,47,0.7760023730574631,0.4777635689578586,0.2783872516855253,0.5836363636363636
A1b,Abilene.gml,500,2,19,48,0.8178847272814984,0.5413352579153093,0.2792590206612948,0.64
A1b,Abilene.gml,500,2,19,49,0.7766250344902178,0.4731481893505872,0.2797929691737113,0.5818181818181819
A1b,Abilene.gml,500,2,20,0,0.7438678649689983,0.5258162841309543,0.26328305914404293,0.5918181818181818
A1b,Abilene.gml,500,2,20,1,0.7438754802992609,0.5256671728660618,0.26311389448011524,0.5918181818181818
A1b,Abilene.gml,500,2,20,2,0.7438884069777196,0.5254833707063313,0.26297105812210186,0.5927272727272727
A1b,Abilene.gml,500,2,20,3,0.7439103732419682,0.5252647058761981,0.26285453315353663,0.5936363636363636
A1b,Abilene.gml,500,2,20,4,0.7439511877380895,0.525011015390302,0.26276430529078354,0.5927272727272727
A1b,Abilene.gml,500,2,20,5,0.7440456435529336,0.5247221452857584,0.2627003628813459,0.5927272727272727
A1b,Abilene.gml,500,2,20,6,0.7444642257275134,0.5243979508554162,0.26266269690243726,0.5927272727272727
A1b,Abilene.gml,500,2,20,7,0.7592962497692223,0.5240382968818449,0.2626513009598167,0.6000000000000001
A1b,Abilene.gml,500,2,20,8,0.7600168812356334,0.5236430578717655,0.2626661712868865,0.5990909090909091
A1b,Abilene.gml,500,2,20,9,0.7601421964753844,0.5232121182906189,0.2627073067440522,0.6000000000000001
A1b,Abilene.gml,500,2,20,10,0.7601938698309018,0.5227453727969449,0.2627747088183466,0.5990909090909091
A1b,Abilene.gml,500,2,20,11,0.7602220273799489,0.5222427264762294,0.2628683816233154,0.5981818181818183
A1b,Abilene.gml,500,2,20,12,0.7602396325470689,0.5217040950738459,0.262988331899166,0.5990909090909091
A1b,Abilene.gml,500,2,20,13,0.7602515928848721,0.5211294052267059,0.263134569013179,0.5990909090909091
A1b,Abilene.gml,500,2,20,14,0.7602601749957028,0.520518594693208,0.26330710496038195,0.5981818181818183
A1b,Abilene.gml,500,2,20,15,0.7602665700635967,0.5198716125810586,0.26350595436448615,0.5972727272727274
A1b,Abilene.gml,500,2,20,16,0.7686356446296514,0.5804598064063285,0.2637311344790864,0.6445454545454545
A1b,Abilene.gml,500,2,20,17,0.7612618380855697,0.5963291034535495,0.2637967290708461,0.6481818181818182
A1b,Abilene.gml,500,2,20,18,0.7602663604944215,0.5198515159957829,0.26390488973102705,0.5981818181818183
A1b,Abilene.gml,500,2,20,19,0.760269166998155,0.5190425469111911,0.2641887655117862,0.5981818181818183
A1b,Abilene.gml,500,2,20,20,0.7602712713656693,0.5180620670975785,0.2644990317815186,0.5990909090909091
A1b,Abilene.gml,500,2,20,21,0.809480044757306,0.5933878727558519,0.2648357169278021,0.6609090909090909
A1b,Abilene.gml,500,2,20,22,0.7602703370826167,0.516588938386173,0.2650215125802125,0.5972727272727274
A1b,Abilene.gml,500,2,20,23,0.7602703153792866,0.5154942215588055,0.26540176419781586,0.5972727272727274
A1b,Abilene.gml,500,2,20,24,0.7602699100088132,0.5143621615743192,0.26580851796667737,0.5972727272727274
A1b,Abilene.gml,500,2,20,25,0.7602691199232248,0.5131928902520564,0.26624181191195845,0.5972727272727274
A1b,Abilene.gml,500,2,20,26,0.7602679295856,0.5119865549773315,0.2667016867090364,0.5963636363636365
A1b,Abilene.gml,500,2,20,27,0.8084595840989922,0.5871091849501764,0.2670393685515686,0.66
A1b,Abilene.gml,500,2,20,28,0.7602255695041112,0.5104656821112145,0.26733912979815383,0.5954545454545456
A1b,Abilene.gml,500,2,20,29,0.7601529021555243,0.509558345133926,0.26772224617694057,0.5936363636363636
A1b,Abilene.gml,500,2,20,30,0.7601249832188848,0.5082144786582119,0.2682596626517475,0.5936363636363636
A1b,Abilene.gml,500,2,20,31,0.7852679970842492,0.6495063236544971,0.2688238513511722,0.6945454545454545
A1b,Abilene.gml,500,2,20,32,0.760136754971045,0.5065642790692494,0.26888825261880234,0.5936363636363636
A1b,Abilene.gml,500,2,20,33,0.7770918972417871,0.5810701752648592,0.26948532194827485,0.6472727272727273
A1b,Abilene.gml,500,2,20,34,0.7602221045724717,0.5041957901128264,0.2697300041363991,0.5927272727272727
A1b,Abilene.gml,500,2,20,35,0.7602104586423486,0.5022315485029619,0.2703699709755351,0.5909090909090909
A1b,Abilene.gml,500,2,20,36,0.7600569295626688,0.5006209122438847,0.27086983973492357,0.59
A1b,Abilene.gml,500,2,20,37,0.7769762989176366,0.5763161856468685,0.27139674549140963,0.6445454545454546
A1b,Abilene.gml,500,2,20,38,0.7444272522013843,0.4973689956898379,0.2718803832321482,0.5854545454545454
A1b,Abilene.gml,500,2,20,39,0.7440862763943631,0.4956237411066523,0.27245380793657237,0.5845454545454546
A1b,Abilene.gml,500,2,20,40,0.7440808774718985,0.4935002087816969,0.2731904184652115,0.5836363636363637
A1b,Abilene.gml,500,2,20,41,0.7441021626306242,0.49134277472597887,0.27395427437464437,0.5818181818181818
A1b,Abilene.gml,500,2,20,42,0.7769061043915741,0.5685870574152618,0.2747454493259237,0.6399999999999999
A1b,Abilene.gml,500,2,20,43,0.7443152278229017,0.48738052439654633,0.27533041039109424,0.58
A1b,Abilene.gml,500,2,20,44,0.7480862458116239,0.4854697062177402,0.2760036265245389,0.5790909090909091
A1b,Abilene.gml,500,2,20,45,0.800725294544696,0.6297838400217366,0.27670437569902284,0.6872727272727273
A1b,Abilene.gml,500,2,20,46,0.7764544568573182,0.4823058614255223,0.2769554495551065,0.5854545454545456
A1b,Abilene.gml,500,2,20,47,0.7766382467537389,0.48027355340464645,0.2776999699498552,0.5845454545454547
A1b,Abilene.gml,500,2,20,48,0.7766953737292752,0.4782002588950381,0.27847218588955935,0.5827272727272728
A1b,Abilene.gml,500,2,20,49,0.776716142332657,0.47608686563705227,0.2792721718262585,0.5827272727272728
A1b,Abilene.gml,500,2,21,0,0.793371658358937,0.5568105404645008,0.2637051015415334,0.6318181818181817
A1b,Abilene.gml,500,2,21,1,0.7438305857720464,0.5219008864974853,0.26364689524047696,0.5918181818181818
A1b,Abilene.gml,500,2,21,2,0.7438321889443107,0.5217045513242945,0.2635233933214038,0.5927272727272727
A1b,Abilene.gml,500,2,21,3,0.743834645939209,0.5214739156548251,0.2634262560918545,0.5927272727272727
A1b,Abilene.gml,500,2,21,4,0.7438381076743642,0.5212088143222607,0.26335547120163744,0.5918181818181818
A1b,Abilene.gml,500,2,21,5,0.7438428479629444,0.520909090968123,0.2633110289370296,0.59
A1b,Abilene.gml,500,2,21,6,0.7438493379692873,0.52057459828348,0.2632929222195419,0.59
A1b,Abilene.gml,500,2,21,7,0.7438584029617344,0.5202051982510985,0.2633011466049479,0.5927272727272728
A1b,Abilene.gml,500,2,21,8,0.743871577042838,0.5198007623882428,0.26333570028257586,0.5927272727272728
A1b,Abilene.gml,500,2,21,9,0.7603176586893577,0.5967586289642888,0.2633965840748643,0.6481818181818182
A1b,Abilene.gml,500,2,21,10,0.7440280189414502,0.5196912006535561,0.2633756502069399,0.5927272727272728
A1b,Abilene.gml,500,2,21,11,0.7444447956300361,0.5191848736546381,0.2634801532012018,0.5918181818181819
A1b,Abilene.gml,500,2,21,12,0.7592702125049123,0.5186430284081376,0.26361099376048447,0.5972727272727274
A1b,Abilene.gml,500,2,21,13,0.7599998732861809,0.5180655869596579,0.2637681823350872,0.5981818181818183
A1b,Abilene.gml,500,2,21,14,0.7601248183671724,0.5174524823836738,0.2639517320090659,0.5981818181818183
A1b,Abilene.gml,500,2,21,15,0.7601761727895713,0.5168036590191554,0.26416165850127826,0.5981818181818183
A1b,Abilene.gml,500,2,21,16,0.7602037060228103,0.5161190727025752,0.2643979801666914,0.5981818181818183
A1b,Abilene.gml,500,2,21,17,0.7602204867666352,0.5153986909978173,0.2646607179979547,0.5963636363636365
A1b,Abilene.gml,500,2,21,18,0.7602314401345075,0.5146424934224847,0.26494989562723475,0.5954545454545456
A1b,Abilene.gml,500,2,21,19,0.7602388314526478,0.5138504716700945,0.2652655393283146,0.5954545454545456
A1b,Abilene.gml,500,2,21,20,0.7602438329386924,0.5130183055651899,0.26560767801895707,0.5954545454545456
A1b,Abilene.gml,500,2,21,21,0.7602471022767893,0.5121369858087946,0.2659763432635324,0.5945454545454547
A1b,Abilene.gml,500,2,21,22,0.7602490240880598,0.5110513813580441,0.26637156927590966,0.5954545454545456
A1b,Abilene.gml,500,2,21,23,0.7602498239644772,0.5099203986818518,0.2667933929226133,0.5936363636363636
A1b,Abilene.gml,500,2,21,24,0.7602496231935759,0.5087526400801273,0.2672418537262445,0.5945454545454546
A1b,Abilene.gml,500,2,21,25,0.8091270255077181,0.5819130163759421,0.2677169938691679,0.6536363636363636
A1b,Abilene.gml,500,2,21,26,0.7602348033220754,0.5069244955912539,0.2679826592120422,0.5945454545454546
A1b,Abilene.gml,500,2,21,27,0.7602294932309074,0.5056456046343563,0.2685020078541861,0.5936363636363636
A1b,Abilene.gml,500,2,21,28,0.7602224326852626,0.5043305990313717,0.26904815476225136,0.5927272727272727
A1b,Abilene.gml,500,2,21,29,0.7602130621014852,0.5029796880910407,0.2696211518711019,0.5918181818181818
A1b,Abilene.gml,500,2,21,30,0.7771298109829773,0.5762988047024158,0.27004932764246176,0.6427272727272727
A1b,Abilene.gml,500,2,21,31,0.759890126430632,0.5011990892408318,0.27041380242632546,0.5909090909090909
A1b,Abilene.gml,500,2,21,32,0.7448631262116531,0.49988004988710644,0.27088831958207266,0.5872727272727273
A1b,Abilene.gml,500,2,21,33,0.7769334959878255,0.5735813143249741,0.27138987811806264,0.6427272727272727
A1b,Abilene.gml,500,2,21,34,0.7440222461384363,0.49687185302611153,0.2718202465486402,0.5854545454545454
A1b,Abilene.gml,500,2,21,35,0.7439740747222128,0.49522938446113474,0.27236839893799886,0.5845454545454546
A1b,Abilene.gml,500,2,21,36,0.7439613448359181,0.4935396001787165,0.27294373335201244,0.5827272727272729
A1b,Abilene.gml,500,2,21,37,0.7439696558268171,0.4918031765387361,0.2735463046059198,0.5818181818181819
A1b,Abilene.gml,500,2,21,38,0.7768755576119719,0.567393660138199,0.2742849348405229,0.6372727272727272
A1b,Abilene.gml,500,2,21,39,0.7768716858630976,0.5666577901240069,0.2748198684896087,0.6372727272727272
A1b,Abilene.gml,500,2,21,40,0.8158981641551537,0.5498470797222162,0.2753822306321786,0.6427272727272727
A1b,Abilene.gml,500,2,21,41,0.776870915402442,0.5638729720287187,0.2757928082049574,0.6363636363636362
A1b,Abilene.gml,500,2,21,42,0.7476783739349173,0.4830722222926122,0.2763890162259878,0.5772727272727273
A1b,Abilene.gml,500,2,21,43,0.7762985178529287,0.48112742771251044,0.2771100607632138,0.5845454545454545
A1b,Abilene.gml,500,2,21,44,0.7765897509362241,0.47885601047233733,0.27796532307476424,0.5836363636363636
A1b,Abilene.gml,500,2,21,45,0.776667300928457,0.4768446757146739,0.27873203928270357,0.5827272727272728
A1b,Abilene.gml,500,2,21,46,0.7766953054980363,0.4747927890324762,0.27952655202295035,0.5818181818181819
A1b,Abilene.gml,500,2,21,47,0.7766991126451703,0.47241187934292755,0.2803489379671254,0.5818181818181819
A1b,Abilene.gml,500,2,21,48,0.7766788219735687,0.46998876354866914,0.2811992765665028,0.5790909090909091
A1b,Abilene.gml,500,2,21,49,0.7766299024881396,0.46812415823515646,0.2817293171669663,0.5781818181818182
A1b,Abilene.gml,500,2,22,0,0.7767633755571236,0.5743652869327746,0.26225862594118826,0.6363636363636365
A1b,Abilene.gml,500,2,22,1,0.7438481959161092,0.5292410379547529,0.2620820784327792,0.5954545454545455
A1b,Abilene.gml,500,2,22,2,0.7438493771765846,0.5291316866967875,0.26190199289218463,0.5945454545454545
A1b,Abilene.gml,500,2,22,3,0.7438517597956888,0.5289882242577831,0.26174811555943356,0.5945454545454545
A1b,Abilene.gml,500,2,22,4,0.7438554665181202,0.5288104632768402,0.26162042842597166,0.5945454545454545
A1b,Abilene.gml,500,2,22,5,0.7438607921513729,0.5285982243547168,0.26151891610406564,0.5963636363636365
A1b,Abilene.gml,500,2,22,6,0.7438682945845428,0.5283513362890809,0.2614435658250022,0.5963636363636365
A1b,Abilene.gml,500,2,22,7,0.7438790046563134,0.5280696363119906,0.2613943674375493,0.5972727272727274
A1b,Abilene.gml,500,2,22,8,0.7438949308213064,0.5277529703293666,0.2613713134066788,0.5972727272727274
A1b,Abilene.gml,500,2,22,9,0.7439204450515462,0.5274011931622083,0.26137439881255203,0.5972727272727274
A1b,Abilene.gml,500,2,22,10,0.7439670340618721,0.5270141687892705,0.26140362134976597,0.5963636363636363
A1b,Abilene.gml,500,2,22,11,0.7440773519831404,0.5265917705909046,0.2614589813268612,0.5981818181818183
A1b,Abilene.gml,500,2,22,12,0.7446513872602621,0.5261338815937381,0.26154048166609134,0.5981818181818183
A1b,Abilene.gml,500,2,22,13,0.7594976617252865,0.5256403947158458,0.2616481279034542,0.600909090909091
A1b,Abilene.gml,500,2,22,14,0.7600396409374247,0.5251112130120383,0.2617819281889836,0.600909090909091
A1b,Abilene.gml,500,2,22,15,0.7601533675314939,0.5245462499188777,0.2619418932873035,0.6018181818181818
A1b,Abilene.gml,500,2,22,16,0.7602025612090292,0.5239454294989966,0.26212803657844214,0.600909090909091
A1b,Abilene.gml,500,2,22,17,0.760640300652572,0.5983621291512726,0.2623403740589096,0.6499999999999999
A1b,Abilene.gml,500,2,22,18,0.7602562440947959,0.523501049653056,0.2624084279934649,0.6018181818181819
A1b,Abilene.gml,500,2,22,19,0.7602636912067148,0.5227955397224661,0.2626641164815805,0.6027272727272728
A1b,Abilene.gml,500,2,22,20,0.7602691984032645,0.5220539037776512,0.26294604581249553,0.6018181818181819
A1b,Abilene.gml,500,2,22,21,0.7602733297782021,0.5212702869290454,0.2632542415550587,0.600909090909091
A1b,Abilene.gml,500,2,22,22,0.7602764394594252,0.5203395868375634,0.2635887319022031,0.600909090909091
A1b,Abilene.gml,500,2,22,23,0.760278760965273,0.519296666192501,0.263949547673503,0.6000000000000001
A1b,Abilene.gml,500,2,22,24,0.7602804539943652,0.5182163990279309,0.26433672231799316,0.6000000000000001
A1b,Abilene.gml,500,2,22,25,0.7602816310374851,0.5170988863530531,0.2647502919172506,0.5990909090909091
A1b,Abilene.gml,500,2,22,26,0.7932600024752863,0.5183863062779103,0.26519029518873993,0.6109090909090908
A1b,Abilene.gml,500,2,22,27,0.760282743892347,0.5147526041377444,0.2656567734894209,0.5990909090909091
A1b,Abilene.gml,500,2,22,28,0.8094921335842671,0.5870723835983335,0.26614977081962077,0.6590909090909091
A1b,Abilene.gml,500,2,22,29,0.7602741753271101,0.5128994171061494,0.2664163098636268,0.5981818181818183
A1b,Abilene.gml,500,2,22,30,0.7602472126582499,0.5120516288813088,0.2667901569056523,0.5981818181818183
A1b,Abilene.gml,500,2,22,31,0.7601898981850287,0.5111532563869002,0.2671906455786641,0.5981818181818183
A1b,Abilene.gml,500,2,22,32,0.7771946138782435,0.5838643601767146,0.26761781326736656,0.6481818181818182
A1b,Abilene.gml,500,2,22,33,0.7602008501101114,0.5095979587444694,0.2678002041322182,0.5972727272727273
A1b,Abilene.gml,500,2,22,34,0.7601841467989776,0.5081728162907969,0.26840310157447195,0.5954545454545455
A1b,Abilene.gml,500,2,22,35,0.7601604075688012,0.5063213547413803,0.2690327790371389,0.5954545454545455
A1b,Abilene.gml,500,2,22,36,0.7601245805124137,0.5043538293565402,0.2696892968099633,0.5927272727272727
A1b,Abilene.gml,500,2,22,37,0.7587119199919694,0.5027673865726698,0.27019965721885103,0.5918181818181818
A1b,Abilene.gml,500,2,22,38,0.7442971962400349,0.5011320202721434,0.2707369865574197,0.5881818181818181
A1b,Abilene.gml,500,2,22,39,0.7441144667695956,0.4994483724195881,0.27130133586171024,0.5872727272727273
A1b,Abilene.gml,500,2,22,40,0.7441240481412099,0.49771711122108253,0.2718927588646565,0.5863636363636364
A1b,Abilene.gml,500,2,22,41,0.744306074242306,0.49593893061802646,0.2725113120011891,0.5845454545454546
A1b,Abilene.gml,500,2,22,42,0.749875309839492,0.4937874790629176,0.27327989724377383,0.5863636363636364
A1b,Abilene.gml,500,2,22,43,0.776382517963858,0.49160244434972095,0.2740757336175588,0.5918181818181818
A1b,Abilene.gml,500,2,22,44,0.776644606393317,0.48938443340543947,0.2748988979810681,0.59
A1b,Abilene.gml,500,2,22,45,0.7767130707955445,0.4874777070592073,0.27559659016501786,0.59
A1b,Abilene.gml,500,2,22,46,0.7767402096554019,0.4855273719488096,0.2763217722387657,0.59
A1b,Abilene.gml,500,2,22,47,0.7767506008721798,0.48353424330535066,0.27707451397153,0.5872727272727274
A1b,Abilene.gml,500,2,22,48,0.7767508499036636,0.4814991584995365,0.2778548878815183,0.5863636363636364
A1b,Abilene.gml,500,2,22,49,0.7767414721103223,0.47942297631079955,0.2786629692429037,0.5854545454545454
A1b,Abilene.gml,500,2,23,0,0.7603414090531811,0.6093842512779154,0.2619739537998729,0.6554545454545454
A1b,Abilene.gml,500,2,23,1,0.7439683944711356,0.5305286652944718,0.26181045474960346,0.5972727272727272
A1b,Abilene.gml,500,2,23,2,0.7768782985765402,0.6410929644206035,0.2616641634696524,0.6845454545454546
A1b,Abilene.gml,500,2,23,3,0.7440265811906692,0.531956841286,0.2615032471608299,0.5981818181818181
A1b,Abilene.gml,500,2,23,4,0.7443528982949451,0.5317999691417528,0.26138947423822345,0.5981818181818181
A1b,Abilene.gml,500,2,23,5,0.7603455457097575,0.6107617874901708,0.26130185164033326,0.6563636363636364
A1b,Abilene.gml,500,2,23,6,0.7601537704275798,0.5319935087757629,0.26123145534994796,0.6054545454545456
A1b,Abilene.gml,500,2,23,7,0.7602005848294838,0.5316208421264416,0.26118715165483225,0.6054545454545456
A1b,Abilene.gml,500,2,23,8,0.7602266092384152,0.5312124192918745,0.26116897110525167,0.6045454545454546
A1b,Abilene.gml,500,2,23,9,0.7602431044576796,0.5307681270023881,0.2611769092708364,0.6045454545454546
A1b,Abilene.gml,500,2,23,10,0.7602544349991024,0.5302878622064349,0.2612109643335318,0.6036363636363637
A1b,Abilene.gml,500,2,23,11,0.7602626430055627,0.529771532296836,0.2612711370871542,0.6045454545454546
A1b,Abilene.gml,500,2,23,12,0.7602688147290748,0.5292190553358563,0.26135743093721,0.6045454545454546
A1b,Abilene.gml,500,2,23,13,0.7756995691198341,0.6062882624853162,0.26146985190097444,0.661818181818182
A1b,Abilene.gml,500,2,23,14,0.7602848815871665,0.5285850692310643,0.26141810697634854,0.6045454545454546
A1b,Abilene.gml,500,2,23,15,0.7602879652618377,0.5279247384399298,0.2615725659333712,0.6045454545454546
A1b,Abilene.gml,500,2,23,16,0.7602904902031952,0.5270398134951897,0.26175316670109156,0.6036363636363637
A1b,Abilene.gml,500,2,23,17,0.7602925724545417,0.5261132622871227,0.26195992472540525,0.6036363636363637
A1b,Abilene.gml,500,2,23,18,0.7602942961497775,0.5251489515523002,0.2621928580663889,0.6036363636363637
A1b,Abilene.gml,500,2,23,19,0.7602957242386735,0.5241469391108301,0.2624519873998452,0.6027272727272729
A1b,Abilene.gml,500,2,23,20,0.8094829385138055,0.5996384703650001,0.26273733601910815,0.67
A1b,Abilene.gml,500,2,23,21,0.7603044717675081,0.5226944658097371,0.26280722814710084,0.600909090909091
A1b,Abilene.gml,500,2,23,22,0.7603054929397071,0.5215904526519964,0.2631347465836017,0.600909090909091
A1b,Abilene.gml,500,2,23,23,0.7603063907704882,0.5204489543908712,0.26348854574291725,0.6027272727272728
A1b,Abilene.gml,500,2,23,24,0.7603071909844921,0.5192701020839787,0.26386865837689116,0.6018181818181819
A1b,Abilene.gml,500,2,23,25,0.7686545191200559,0.5785850454982231,0.26427511986543933,0.6445454545454546
A1b,Abilene.gml,500,2,23,26,0.7603054213767138,0.5187039286090418,0.26443640506604554,0.6018181818181818
A1b,Abilene.gml,500,2,23,27,0.7603062895809596,0.5174548403115093,0.2648844886710721,0.6018181818181818
A1b,Abilene.gml,500,2,23,28,0.7603071563802787,0.5161687374252782,0.26535901591660527,0.600909090909091
A1b,Abilene.gml,500,2,23,29,0.7933372116808356,0.5900668058937859,0.2658600316110056,0.6554545454545454
A1b,Abilene.gml,500,2,23,30,0.7603164256293856,0.5142128912469339,0.26607292529797466,0.6000000000000001
A1b,Abilene.gml,500,2,23,31,0.760317899168805,0.5124993374266006,0.2666165238234888,0.5990909090909091
A1b,Abilene.gml,500,2,23,32,0.7687040757966546,0.5720182368067965,0.2671867296415327,0.64
A1b,Abilene.gml,500,2,23,33,0.7603266241382887,0.5093098545083169,0.2674955599859399,0.5981818181818183
A1b,Abilene.gml,500,2,23,34,0.7603295772903104,0.5073720230874676,0.268108205373585,0.5981818181818183
A1b,Abilene.gml,500,2,23,35,0.7933149089233731,0.582017484654414,0.2687476003172287,0.6518181818181819
A1b,Abilene.gml,500,2,23,36,0.7603323748206638,0.5039596267887908,0.2691717093463721,0.5945454545454546
A1b,Abilene.gml,500,2,23,37,0.7932723017918182,0.5803428396262236,0.2696590779996359,0.6518181818181819
A1b,Abilene.gml,500,2,23,38,0.760330654164084,0.5008503605138855,0.27012944361555097,0.5927272727272727
A1b,Abilene.gml,500,2,23,39,0.7355409903660507,0.4716768440552016,0.27084762238769466,0.5654545454545455
A1b,Abilene.gml,500,2,23,40,0.7603454670076044,0.49704052944186744,0.27139860501822904,0.5918181818181818
A1b,Abilene.gml,500,2,23,41,0.7603761704516249,0.4948695784204631,0.27216111998722625,0.5909090909090909
A1b,Abilene.gml,500,2,23,42,0.7604440968151845,0.4926657832265683,0.2729507748167253,0.5890909090909091
A1b,Abilene.gml,500,2,23,43,0.7778717883442215,0.5691895264421206,0.27356369555956495,0.6418181818181817
A1b,Abilene.gml,500,2,23,44,0.761478786264629,0.48912167744458407,0.27415398557143267,0.5863636363636364
A1b,Abilene.gml,500,2,23,45,0.7927270955629627,0.5284899944540339,0.274814239164313,0.629090909090909
A1b,Abilene.gml,500,2,23,46,0.7773995288332283,0.48530883435874644,0.27550190815575043,0.5890909090909091
A1b,Abilene.gml,500,2,23,47,0.7767475198511907,0.4673125340066745,0.27621705857110423,0.5772727272727273
A1b,Abilene.gml,500,2,23,48,0.7767594570825941,0.4810111409157594,0.27695975917727367,0.5890909090909091
A1b,Abilene.gml,500,2,23,49,0.7766846849056641,0.4787986486399886,0.2777300814893002,0.5863636363636364
A1b,Abilene.gml,500,2,24,0,0.7768519683642109,0.5939712718568481,0.2616763674141475,0.6509090909090909
A1b,Abilene.gml,500,2,24,1,0.743847129892175,0.5325929709308057,0.2614923854741994,0.5963636363636363
A1b,Abilene.gml,500,2,24,2,0.7438524055137224,0.5326772118376835,0.2613139125615915,0.5963636363636363
A1b,Abilene.gml,500,2,24,3,0.7438610474977587,0.5325239183883688,0.26116158888753105,0.5981818181818181
A1b,Abilene.gml,500,2,24,4,0.7438748068319913,0.5323360210817515,0.26103539660472674,0.6000000000000001
A1b,Abilene.gml,500,2,24,5,0.7602817969419359,0.6114641696109931,0.2609353204808112,0.6563636363636364
A1b,Abilene.gml,500,2,24,6,0.7440756779393483,0.5326937515524731,0.2608173234284289,0.5990909090909091
A1b,Abilene.gml,500,2,24,7,0.7450286394650093,0.5324050952684986,0.26076052582024367,0.5990909090909091
A1b,Abilene.gml,500,2,24,8,0.7596898785045049,0.5320811088863612,0.26072980994440126,0.6054545454545456
A1b,Abilene.gml,500,2,24,9,0.760048140349967,0.5317216493738993,0.2607251701211408,0.6054545454545456
A1b,Abilene.gml,500,2,24,10,0.7601406317051289,0.5313265829786631,0.2607466032788749,0.6054545454545456
A1b,Abilene.gml,500,2,24,11,0.7601825394146505,0.5308957854680744,0.260794108953621,0.6045454545454546
A1b,Abilene.gml,500,2,24,12,0.760206171047404,0.530429142370285,0.260867689288695,0.6036363636363637
A1b,Abilene.gml,500,2,24,13,0.7602210384996223,0.5299265492154035,0.26096734903466445,0.6036363636363637
A1b,Abilene.gml,500,2,24,14,0.7602309813650148,0.529387911776719,0.26109309554956267,0.6045454545454546
A1b,Abilene.gml,500,2,24,15,0.760237840044325,0.528813146311551,0.26124493879936445,0.6054545454545455
A1b,Abilene.gml,500,2,24,16,0.7602425981495476,0.52820217980131,0.26142289135872115,0.6054545454545455
A1b,Abilene.gml,500,2,24,17,0.7602458196264611,0.5275549501903469,0.2616269684119578,0.6045454545454546
A1b,Abilene.gml,500,2,24,18,0.7602478424005177,0.5268641716806546,0.2618571877543303,0.6045454545454546
A1b,Abilene.gml,500,2,24,19,0.7602488706028544,0.5259609340676937,0.262113569793544,0.6036363636363636
A1b,Abilene.gml,500,2,24,20,0.7602490228261313,0.5250054041504422,0.2623961375515332,0.6036363636363636
A1b,Abilene.gml,500,2,24,21,0.7602483559943646,0.5240123140156326,0.26270491666650164,0.6027272727272727
A1b,Abilene.gml,500,2,24,22,0.7602468776588128,0.5229817265771144,0.26303993539522524,0.6027272727272727
A1b,Abilene.gml,500,2,24,23,0.7602445496288769,0.5219137193599153,0.26340122461561555,0.6027272727272728
A1b,Abilene.gml,500,2,24,24,0.7602412846639683,0.5208083846430337,0.2637888178295454,0.6018181818181818
A1b,Abilene.gml,500,2,24,25,0.760194136718042,0.5201200796955164,0.26408233588404273,0.600909090909091
A1b,Abilene.gml,500,2,24,26,0.7601815198967702,0.5189459377384119,0.26451276969430954,0.600909090909091
A1b,Abilene.gml,500,2,24,27,0.7601645500158486,0.5177346735418028,0.26496961173816475,0.5990909090909091
A1b,Abilene.gml,500,2,24,28,0.760141143484389,0.5164864393466672,0.2654529050589893,0.5990909090909091
A1b,Abilene.gml,500,2,24,29,0.7601075307664241,0.5152014028347626,0.2659626953409877,0.5981818181818183
A1b,Abilene.gml,500,2,24,30,0.7593094343861285,0.5143356443483058,0.26634895830421174,0.5981818181818183
A1b,Abilene.gml,500,2,24,31,0.7443243929355755,0.5134191709397862,0.2667618175369698,0.5936363636363636
A1b,Abilene.gml,500,2,24,32,0.7770751248234592,0.5862938130759848,0.2672013116655583,0.649090909090909
A1b,Abilene.gml,500,2,24,33,0.7440848256217937,0.512243169419683,0.2672370592310834,0.5936363636363636
A1b,Abilene.gml,500,2,24,34,0.7439910888648047,0.5111819536969251,0.26771905149298675,0.5936363636363636
A1b,Abilene.gml,500,2,24,35,0.7439590942252504,0.5100637041425297,0.2682277674608132,0.5918181818181818
A1b,Abilene.gml,500,2,24,36,0.7769212272656929,0.5822315076627186,0.2688540342080745,0.6481818181818182
A1b,Abilene.gml,500,2,24,37,0.7440086716329835,0.5068855390482756,0.269054906811994,0.5909090909090908
A1b,Abilene.gml,500,2,24,38,0.7688571379361947,0.567568434424349,0.2697238974839853,0.6399999999999999
A1b,Abilene.gml,500,2,24,39,0.7440742335919297,0.5034117104294061,0.27007795919345656,0.589090909090909
A1b,Abilene.gml,500,2,24,40,0.7440890396796805,0.5016627071065166,0.27066720688976964,0.589090909090909
A1b,Abilene.gml,500,2,24,41,0.7442206396816019,0.4998662854706369,0.271283462382002,0.5881818181818181
A1b,Abilene.gml,500,2,24,42,0.7453764891160187,0.4980231729798326,0.27192678459492337,0.5872727272727273
A1b,Abilene.gml,500,2,24,43,0.7761876700425454,0.4961341218468264,0.27259723515408296,0.5936363636363636
A1b,Abilene.gml,500,2,24,44,0.7765884069869606,0.49419990843571515,0.27329487839170197,0.5936363636363636
A1b,Abilene.gml,500,2,24,45,0.7766841247715394,0.4922213326291795,0.27401978135283644,0.5927272727272727
A1b,Abilene.gml,500,2,24,46,0.7767229776508366,0.49019921716676773,0.27477201380181004,0.5918181818181818
A1b,Abilene.gml,500,2,24,47,0.7931604738518009,0.5189488235745024,0.27555164822891903,0.6227272727272726
A1b,Abilene.gml,500,2,24,48,0.7767475685168869,0.4860277683492347,0.27635875985740804,0.5890909090909091
A1b,Abilene.gml,500,2,24,49,0.7767485024572959,0.4836923103549704,0.27722558300133254,0.5890909090909091
A1b,Abilene.gml,500,2,25,0,0.7438599907358324,0.5250419988612898,0.2630799142205081,0.5927272727272728
A1b,Abilene.gml,500,2,25,1,0.7438655291291472,0.5248413726290004,0.26292181657796204,0.5927272727272728
A1b,Abilene.gml,500,2,25,2,0.7438733510025103,0.5246067563501292,0.262790026926838,0.5936363636363636
A1b,Abilene.gml,500,2,25,3,0.7766791176682516,0.5731189726737024,0.2626845294573718,0.6363636363636365
A1b,Abilene.gml,500,2,25,4,0.7438671864849659,0.5247041815109984,0.2625613593270458,0.5954545454545455
A1b,Abilene.gml,500,2,25,5,0.7769199856334331,0.525882527709469,0.2624975062504601,0.6045454545454546
A1b,Abilene.gml,500,2,25,6,0.7438902817844024,0.5240743751147754,0.26245990930980706,0.5936363636363636
A1b,Abilene.gml,500,2,25,7,0.7603438889815627,0.6011576843569568,0.2624485621197791,0.6518181818181819
A1b,Abilene.gml,500,2,25,8,0.7440485986845288,0.5241697484973463,0.26238122897722216,0.5963636363636365
A1b,Abilene.gml,500,2,25,9,0.7444348905747277,0.5237373796701966,0.26241330676280544,0.5954545454545456
A1b,Abilene.gml,500,2,25,10,0.760362251839599,0.6004626809235968,0.26247162267128643,0.6509090909090909
A1b,Abilene.gml,500,2,25,11,0.7601567089589405,0.5236330094859725,0.26246489122523353,0.6000000000000001
A1b,Abilene.gml,500,2,25,12,0.7602013727907786,0.5230991438257994,0.26256662243934137,0.6000000000000001
A1b,Abilene.gml,500,2,25,13,0.760425169184008,0.5994999781258419,0.2626946001425716,0.6509090909090909
A1b,Abilene.gml,500,2,25,14,0.760252821375645,0.5227929559561919,0.2627484826717064,0.6000000000000001
A1b,Abilene.gml,500,2,25,15,0.7602601142765625,0.522156597226593,0.26291990508924146,0.6000000000000001
A1b,Abilene.gml,500,2,25,16,0.7602655724987722,0.5214846308011531,0.26311760235504367,0.6000000000000001
A1b,Abilene.gml,500,2,25,17,0.760269724694727,0.5207763977382865,0.2633415916113548,0.5990909090909091
A1b,Abilene.gml,500,2,25,18,0.7602729037514482,0.5200096471987142,0.26359189262790134,0.6000000000000001
A1b,Abilene.gml,500,2,25,19,0.760275328263016,0.5190456481088263,0.26386852780360914,0.5990909090909091
A1b,Abilene.gml,500,2,25,20,0.7602771472679493,0.5180328360060642,0.26417152216857964,0.5981818181818183
A1b,Abilene.gml,500,2,25,21,0.7602784639858744,0.5169831739676656,0.2645009033863306,0.5981818181818183
A1b,Abilene.gml,500,2,25,22,0.7602793509395471,0.5158967500284439,0.26485670175629833,0.5972727272727274
A1b,Abilene.gml,500,2,25,23,0.7602798590766727,0.5147736669546853,0.2652389502166047,0.5972727272727274
A1b,Abilene.gml,500,2,25,24,0.7602800235206768,0.5136140423651678,0.26564768434708674,0.5981818181818183
A1b,Abilene.gml,500,2,25,25,0.760279867265988,0.5124180088426586,0.26608294237259045,0.5972727272727274
A1b,Abilene.gml,500,2,25,26,0.7935975963700194,0.5862851509616829,0.26654476516652886,0.6527272727272727
A1b,Abilene.gml,500,2,25,27,0.7602941199879395,0.5106666134363792,0.2666938581135139,0.5972727272727274
A1b,Abilene.gml,500,2,25,28,0.7602943964456327,0.5093713372903464,0.267198318576475,0.5963636363636365
A1b,Abilene.gml,500,2,25,29,0.7602946104085597,0.5080401546829768,0.2677294484252474,0.5963636363636365
A1b,Abilene.gml,500,2,25,30,0.7602948123495796,0.5066732727153339,0.2682872981058775,0.5954545454545456
A1b,Abilene.gml,500,2,25,31,0.7602816034180868,0.5054716833584633,0.2686934627438307,0.5945454545454546
A1b,Abilene.gml,500,2,25,32,0.760258730820015,0.5040437829604538,0.2691264561115945,0.5936363636363637
A1b,Abilene.gml,500,2,25,33,0.7602113787544424,0.5025657327214922,0.2695863188256327,0.5927272727272729
A1b,Abilene.gml,500,2,25,34,0.7687022538033843,0.562692931473269,0.27007309418528214,0.6363636363636362
A1b,Abilene.gml,500,2,25,35,0.7601841347529266,0.49966904015086827,0.2704051478883951,0.5909090909090909
A1b,Abilene.gml,500,2,25,36,0.7601600974813801,0.4976640264659731,0.2710730862399199,0.5909090909090909
A1b,Abilene.gml,500,2,25,37,0.7601233511328425,0.49562431945082447,0.27176806510623347,0.59
A1b,Abilene.gml,500,2,25,38,0.7600608806685866,0.49355044377748863,0.2724901512811711,0.5881818181818183
A1b,Abilene.gml,500,2,25,39,0.7463470752784246,0.491855496252311,0.2730692445173842,0.5836363636363637
A1b,Abilene.gml,500,2,25,40,0.744280788512516,0.49011420710517334,0.2736755867687254,0.5827272727272726
A1b,Abilene.gml,500,2,25,41,0.7443526607782703,0.4883272919572235,0.2743092359445183,0.5827272727272726
A1b,Abilene.gml,500,2,25,42,0.7485850392018333,0.48649549086590205,0.2749702526789881,0.5818181818181818
A1b,Abilene.gml,500,2,25,43,0.7768850450033766,0.562093673076091,0.27578896524175683,0.6372727272727272
A1b,Abilene.gml,500,2,25,44,0.7765808941189568,0.4825582977840911,0.2763784426083241,0.5872727272727274
A1b,Abilene.gml,500,2,25,45,0.7848319450595361,0.4806224048619194,0.2771046431603387,0.5881818181818183
A1b,Abilene.gml,500,2,25,46,0.776864729838044,0.5562120777461664,0.2778584815566142,0.6327272727272727
A1b,Abilene.gml,500,2,25,47,0.7766917957751921,0.47694308187614354,0.2781261197395808,0.5845454545454546
A1b,Abilene.gml,500,2,25,48,0.7766584860954301,0.4744583789149569,0.2790334447404193,0.5818181818181819
A1b,Abilene.gml,500,2,25,49,0.7764664166015787,0.47225233195660116,0.27984948319614433,0.5809090909090909
A1b,Abilene.gml,500,2,26,0,0.7933516085842528,0.6812880179757369,0.26309664776286934,0.7172727272727273
A1b,Abilene.gml,500,2,26,1,0.7438691845238536,0.5295322288094068,0.2628162544477231,0.5954545454545455
A1b,Abilene.gml,500,2,26,2,0.7603516005261386,0.6109515632158654,0.2626147823136887,0.6572727272727272
A1b,Abilene.gml,500,2,26,3,0.7439089525169229,0.530525551304538,0.26245848660291626,0.5963636363636363
A1b,Abilene.gml,500,2,26,4,0.7439431924248431,0.5307956198852334,0.26230029292053625,0.5972727272727272
A1b,Abilene.gml,500,2,26,5,0.7440154067702545,0.5305664987595864,0.2621683450868163,0.5972727272727272
A1b,Abilene.gml,500,2,26,6,0.7442532222244327,0.5302699987514988,0.2620626272823885,0.5972727272727272
A1b,Abilene.gml,500,2,26,7,0.7568650513650205,0.5299381522092891,0.26198312631246945,0.6000000000000001
A1b,Abilene.gml,500,2,26,8,0.7599408181265055,0.5295708265876731,0.2619298316052785,0.6054545454545456
A1b,Abilene.gml,500,2,26,9,0.7686480409276402,0.590369129882615,0.26190273521071894,0.65
A1b,Abilene.gml,500,2,26,10,0.7595949417150575,0.5295384675071433,0.261814474451824,0.6036363636363636
A1b,Abilene.gml,500,2,26,11,0.7600522739282081,0.5291049077101121,0.2618288814704581,0.6036363636363636
A1b,Abilene.gml,500,2,26,12,0.7601575803058207,0.5286355142821776,0.26186946993653737,0.6036363636363637
A1b,Abilene.gml,500,2,26,13,0.7602042938381843,0.5281301903031539,0.26193624129076376,0.6036363636363637
A1b,Abilene.gml,500,2,26,14,0.7602306517428886,0.5275888493817237,0.26202919959198373,0.6036363636363637
A1b,Abilene.gml,500,2,26,15,0.760247519853936,0.5270114158826587,0.26214835151733284,0.6027272727272729
A1b,Abilene.gml,500,2,26,16,0.7602591947469993,0.5263978251524395,0.2622937063626411,0.6018181818181818
A1b,Abilene.gml,500,2,26,17,0.7607185659911874,0.6032874871285894,0.2624652760431011,0.6563636363636364
A1b,Abilene.gml,500,2,26,18,0.7602776260357516,0.5259327364909457,0.2625614220083096,0.6036363636363637
A1b,Abilene.gml,500,2,26,19,0.79248618865868,0.6028172168958708,0.26277615615298155,0.6663636363636364
A1b,Abilene.gml,500,2,26,20,0.7602905187381285,0.5249645203637562,0.2627984142814633,0.6027272727272727
A1b,Abilene.gml,500,2,26,21,0.7602930693725335,0.523987463191627,0.26305520078868805,0.6018181818181818
A1b,Abilene.gml,500,2,26,22,0.7602952224685453,0.5229726876583095,0.26333826713734093,0.6018181818181818
A1b,Abilene.gml,500,2,26,23,0.7602970604293308,0.5219202726280759,0.2636476390060727,0.6036363636363636
A1b,Abilene.gml,500,2,26,24,0.7602986472444422,0.5208303121200832,0.26398334470151813,0.6036363636363636
A1b,Abilene.gml,500,2,26,25,0.7603000346976407,0.5197029154237168,0.26434541516086424,0.6018181818181819
A1b,Abilene.gml,500,2,26,26,0.760301266777272,0.5185382072039244,0.2647338839546806,0.600909090909091
A1b,Abilene.gml,500,2,26,27,0.7603023830716352,0.5173363275962184,0.2651487872900129,0.600909090909091
A1b,Abilene.gml,500,2,26,28,0.7603034216790827,0.5160974322908991,0.26559016401374075,0.600909090909091
A1b,Abilene.gml,500,2,26,29,0.7933502015763426,0.5909931162772408,0.2660580556161975,0.6572727272727273
A1b,Abilene.gml,500,2,26,30,0.760311607065201,0.5142251125615602,0.2662492819351751,0.6000000000000001
A1b,Abilene.gml,500,2,26,31,0.7603128827752084,0.5128857997588306,0.2667596535694445,0.5990909090909091
A1b,Abilene.gml,500,2,26,32,0.7933264873880518,0.5875224811516918,0.26729665013190734,0.6554545454545454
A1b,Abilene.gml,500,2,26,33,0.7603204876979489,0.5103381962122505,0.26754644496060515,0.5981818181818183
A1b,Abilene.gml,500,2,26,34,0.7603223866859555,0.508446264088235,0.26812613311236894,0.5981818181818183
A1b,Abilene.gml,500,2,26,35,0.7603246674638776,0.5065177990364704,0.26873257590862887,0.5954545454545456
A1b,Abilene.gml,500,2,26,36,0.7687184310100946,0.5666515733214801,0.2691534203887939,0.6390909090909092
A1b,Abilene.gml,500,2,26,37,0.7933194520915836,0.5814215146668688,0.2694940482295341,0.6518181818181819
A1b,Abilene.gml,500,2,26,38,0.760329493132862,0.5022516148915788,0.269922152869819,0.5918181818181818
A1b,Abilene.gml,500,2,26,39,0.7603346997489612,0.5002005786241924,0.2706053978318508,0.5918181818181818
A1b,Abilene.gml,500,2,26,40,0.7603419671659971,0.49811495092390684,0.27131563500916955,0.5918181818181818
A1b,Abilene.gml,500,2,26,41,0.7603526133443045,0.4959952787413355,0.27205293272627146,0.5909090909090909
A1b,Abilene.gml,500,2,26,42,0.7603692174911694,0.49384212731971383,0.27281736200687423,0.5881818181818183
A1b,Abilene.gml,500,2,26,43,0.7603906510124815,0.4921432950757666,0.2733666143210558,0.5872727272727274
A1b,Abilene.gml,500,2,26,44,0.7931928402740069,0.5688939030212279,0.273943148371438,0.6445454545454546
A1b,Abilene.gml,500,2,26,45,0.7605039642612712,0.48870194932173033,0.2745074909343963,0.5863636363636364
A1b,Abilene.gml,500,2,26,46,0.79108923276357,0.5655549782638652,0.2751313720427594,0.6445454545454546
A1b,Abilene.gml,500,2,26,47,0.7780481619546862,0.48510270255448024,0.2757431797041748,0.5881818181818183
A1b,Abilene.gml,500,2,26,48,0.7925599944994641,0.48319776736250436,0.2764146415189392,0.5918181818181818
A1b,Abilene.gml,500,2,26,49,0.7920219387019,0.4807138125391653,0.27694705211634624,0.5918181818181818
A1b,Abilene.gml,500,2,27,0,0.7438436475713428,0.5247036267089602,0.26465060377093774,0.5890909090909091
A1b,Abilene.gml,500,2,27,1,0.7438472835686738,0.5250363308764283,0.2644537557149551,0.5918181818181818
A1b,Abilene.gml,500,2,27,2,0.7438524810925383,0.5253226472353814,0.2642833727193495,0.5927272727272728
A1b,Abilene.gml,500,2,27,3,0.7438597977947723,0.5254282843259088,0.2641394350993154,0.5936363636363636
A1b,Abilene.gml,500,2,27,4,0.743870251806809,0.5251357505190226,0.2640219258165532,0.5936363636363636
A1b,Abilene.gml,500,2,27,5,0.7438857994918798,0.5248083450853348,0.26393083047730104,0.5936363636363636
A1b,Abilene.gml,500,2,27,6,0.7439106605102004,0.5244459352258374,0.26386613733063047,0.5945454545454546
A1b,Abilene.gml,500,2,27,7,0.743955769116961,0.5240483976486092,0.26382783726700765,0.5945454545454546
A1b,Abilene.gml,500,2,27,8,0.7440606897545275,0.5236156187925562,0.2638159238171179,0.5945454545454546
A1b,Abilene.gml,500,2,27,9,0.7445633181814609,0.5231474950508516,0.2638303931509548,0.5945454545454546
A1b,Abilene.gml,500,2,27,10,0.7593891280636685,0.5226439329937712,0.2638712440771735,0.5981818181818183
A1b,Abilene.gml,500,2,27,11,0.7600168547414872,0.5221048495906007,0.26393847804270715,0.5990909090909091
A1b,Abilene.gml,500,2,27,12,0.7601383662144098,0.5215301724302676,0.26403209913264863,0.5981818181818183
A1b,Abilene.gml,500,2,27,13,0.7601900557065079,0.5209198399403397,0.26415211407039435,0.5981818181818183
A1b,Abilene.gml,500,2,27,14,0.7602185499883394,0.5202738016040018,0.2642985322180534,0.5990909090909091
A1b,Abilene.gml,500,2,27,15,0.7602364843101842,0.5195920181746151,0.2644713655771194,0.5990909090909091
A1b,Abilene.gml,500,2,27,16,0.7602487122635089,0.5188744618874381,0.26467062878940717,0.5981818181818183
A1b,Abilene.gml,500,2,27,17,0.7602574969183312,0.5181211166680716,0.2648963391382528,0.5981818181818183
A1b,Abilene.gml,500,2,27,18,0.7602640367415041,0.5173319783371771,0.2651485165499772,0.5981818181818183
A1b,Abilene.gml,500,2,27,19,0.7602690217782133,0.5165070548109971,0.2654271835956155,0.5981818181818183
A1b,Abilene.gml,500,2,27,20,0.7602728776917569,0.5155698347123685,0.2657323654929089,0.5972727272727274
A1b,Abilene.gml,500,2,27,21,0.7602758809806113,0.5144898340984008,0.26606409010856175,0.5972727272727274
A1b,Abilene.gml,500,2,27,22,0.7602782187993141,0.5133685652822295,0.2664223879607639,0.5972727272727274
A1b,Abilene.gml,500,2,27,23,0.8090710487115333,0.5877246485135518,0.2668072922219769,0.6590909090909091
A1b,Abilene.gml,500,2,27,24,0.760279217770871,0.5117346837898119,0.2670204972355421,0.5972727272727274
A1b,Abilene.gml,500,2,27,25,0.7602796348833778,0.5105018442385526,0.26744945447590357,0.5963636363636365
A1b,Abilene.gml,500,2,27,26,0.760279746941464,0.5092328279019224,0.2679051137659887,0.5945454545454546
A1b,Abilene.gml,500,2,27,27,0.7932438674120038,0.5834028899995084,0.2683875180015213,0.6518181818181819
A1b,Abilene.gml,500,2,27,28,0.7602922116537336,0.5073638291217765,0.2685407385981992,0.5936363636363637
A1b,Abilene.gml,500,2,27,29,0.7602925570663657,0.5058087143503458,0.2690660714983808,0.5936363636363637
A1b,Abilene.gml,500,2,27,30,0.7932584227836671,0.5798883248539065,0.2696182584724221,0.6509090909090909
A1b,Abilene.gml,500,2,27,31,0.7603031572935136,0.5028340815543969,0.2698307139723291,0.5936363636363637
A1b,Abilene.gml,500,2,27,32,0.7603040654112619,0.5009217007367847,0.27042603425704426,0.5918181818181819
A1b,Abilene.gml,500,2,27,33,0.7602974276557724,0.49949587169153614,0.2708456064073989,0.59
A1b,Abilene.gml,500,2,27,34,0.7602873798239865,0.4980202799092666,0.2712922211611794,0.59
A1b,Abilene.gml,500,2,27,35,0.7602706999413329,0.49649550328102054,0.2717659204756006,0.5890909090909091
A1b,Abilene.gml,500,2,27,36,0.7602691037300208,0.49445759596056504,0.2724394300733912,0.5881818181818183
A1b,Abilene.gml,500,2,27,37,0.760267563442462,0.49238581090438094,0.27314011626322937,0.5881818181818183
A1b,Abilene.gml,500,2,27,38,0.7602664455071667,0.49028069181124856,0.27386804639607487,0.5863636363636364
A1b,Abilene.gml,500,2,27,39,0.760208614014742,0.48862140790373504,0.27442062014806906,0.5827272727272728
A1b,Abilene.gml,500,2,27,40,0.7599378145743646,0.4869158547551882,0.2750005807047028,0.5827272727272728
A1b,Abilene.gml,500,2,27,41,0.7769452546002896,0.5637698729174644,0.2756079833233514,0.6372727272727272
A1b,Abilene.gml,500,2,27,42,0.7484211583151482,0.48420287839671167,0.2757782677367081,0.58
A1b,Abilene.gml,500,2,27,43,0.7443437480324788,0.4823691277808982,0.27642962825757983,0.5781818181818181
A1b,Abilene.gml,500,2,27,44,0.744888304347191,0.4807523384710869,0.2768946519924218,0.5763636363636363
A1b,Abilene.gml,500,2,27,45,0.7577294384215784,0.47836100980104135,0.2777418466611128,0.58
A1b,Abilene.gml,500,2,27,46,0.7769213819615023,0.5532494611416526,0.27861673079500293,0.6309090909090909
A1b,Abilene.gml,500,2,27,47,0.776750916829154,0.47458282638667054,0.2788631147011704,0.5827272727272728
A1b,Abilene.gml,500,2,27,48,0.7766622372157407,0.4720695710622756,0.27977247718993226,0.5827272727272728
A1b,Abilene.gml,500,2,27,49,0.7706333848149645,0.46954126449599565,0.2807097259901642,0.5772727272727273
A1b,Abilene.gml,500,2,28,0,0.7603377827380111,0.6090484960837924,0.2624618390918657,0.6554545454545454
A1b,Abilene.gml,500,2,28,1,0.74385009320548,0.5288024601287038,0.2622937448711168,0.5954545454545455
A1b,Abilene.gml,500,2,28,2,0.7438538089164058,0.5285763715115936,0.26215196507339744,0.5954545454545455
A1b,Abilene.gml,500,2,28,3,0.7438592245895722,0.5283153528083444,0.26203641465016525,0.5954545454545455
A1b,Abilene.gml,500,2,28,4,0.7438669562704567,0.5280192485454572,0.2619470794234405,0.5963636363636363
A1b,Abilene.gml,500,2,28,5,0.7438781426800802,0.5276879124063716,0.2618839478381806,0.5954545454545455
A1b,Abilene.gml,500,2,28,6,0.7438950223905502,0.5273212074630802,0.2618470109608632,0.5954545454545455
A1b,Abilene.gml,500,2,28,7,0.7439225532251149,0.5269190064081756,0.2618362624783295,0.5972727272727274
A1b,Abilene.gml,500,2,28,8,0.7603601380991424,0.6054414944573089,0.26185169869689195,0.6536363636363637
A1b,Abilene.gml,500,2,28,9,0.7502683216338084,0.52686028448711,0.2618283738314212,0.5981818181818183
A1b,Abilene.gml,500,2,28,10,0.759865981381905,0.5263549117310847,0.2618868959270483,0.6027272727272729
A1b,Abilene.gml,500,2,28,11,0.760095198808417,0.5258135595213899,0.26197160086005855,0.600909090909091
A1b,Abilene.gml,500,2,28,12,0.7601701501814543,0.5252361512571962,0.26208249448266147,0.600909090909091
A1b,Abilene.gml,500,2,28,13,0.7604560599637264,0.602812063673893,0.2622195852653504,0.6545454545454547
A1b,Abilene.gml,500,2,28,14,0.7602449999256418,0.5248357465599452,0.2622900796997309,0.600909090909091
A1b,Abilene.gml,500,2,28,15,0.7606525887404405,0.5913599556750329,0.2624702964329223,0.6454545454545455
A1b,Abilene.gml,500,2,28,16,0.7602644616066077,0.5243559413319386,0.2625460765431289,0.6027272727272729
A1b,Abilene.gml,500,2,28,17,0.7602679552095029,0.5236043917249913,0.2627698446900236,0.600909090909091
A1b,Abilene.gml,500,2,28,18,0.7602706312245963,0.5226852222783992,0.26301986744457256,0.6000000000000001
A1b,Abilene.gml,500,2,28,19,0.7602726607569814,0.5216602138810212,0.26329616718359056,0.6000000000000001
A1b,Abilene.gml,500,2,28,20,0.760274161045055,0.5205977008691316,0.2635987689093531,0.6000000000000001
A1b,Abilene.gml,500,2,28,21,0.7602752133259213,0.5194977802813165,0.2639277002518339,0.6000000000000001
A1b,Abilene.gml,500,2,28,22,0.7602758738260235,0.5183605644084538,0.26428299147120565,0.6000000000000001
A1b,Abilene.gml,500,2,28,23,0.7602761804760239,0.5171861808966717,0.26466467546060257,0.6000000000000001
A1b,Abilene.gml,500,2,28,24,0.7602761570808102,0.5159747728400497,0.26507278774914655,0.6000000000000001
A1b,Abilene.gml,500,2,28,25,0.7602758158256852,0.5147264988626046,0.2655073665052367,0.6000000000000001
A1b,Abilene.gml,500,2,28,26,0.7602751586072825,0.5134415331891141,0.26596845254010176,0.5981818181818183
A1b,Abilene.gml,500,2,28,27,0.7602741774430395,0.5121200657043252,0.26645608931161735,0.5963636363636365
A1b,Abilene.gml,500,2,28,28,0.760272854056112,0.5107623020001081,0.2669703229283869,0.5954545454545456
A1b,Abilene.gml,500,2,28,29,0.7602711586095882,0.5093684634101165,0.26751120215408764,0.5954545454545456
A1b,Abilene.gml,500,2,28,30,0.793016931954464,0.5838251442815356,0.2680787784120812,0.6536363636363637
A1b,Abilene.gml,500,2,28,31,0.7602903824395895,0.5072212794610861,0.2682924291739217,0.5945454545454546
A1b,Abilene.gml,500,2,28,32,0.7602752514894782,0.505769109602458,0.2687167269420648,0.5945454545454546
A1b,Abilene.gml,500,2,28,33,0.7602472214070382,0.5042658066846092,0.2691678539531253,0.5927272727272727
A1b,Abilene.gml,500,2,28,34,0.77716275199406,0.5798757603468602,0.2696458526368801,0.6472727272727273
A1b,Abilene.gml,500,2,28,35,0.7602115583877567,0.5018769971854176,0.2697480735426099,0.5918181818181818
A1b,Abilene.gml,500,2,28,36,0.760052014850605,0.5002331183920138,0.270268867392987,0.5918181818181818
A1b,Abilene.gml,500,2,28,37,0.7498557656886277,0.4985409939362212,0.2708166360507184,0.5881818181818181
A1b,Abilene.gml,500,2,28,38,0.7449250107388056,0.4964191077464389,0.27151811111713076,0.5854545454545454
A1b,Abilene.gml,500,2,28,39,0.7444513279945418,0.4942633006524423,0.2722466678471481,0.5845454545454546
A1b,Abilene.gml,500,2,28,40,0.7769302229216944,0.5711500603829561,0.2730023763882772,0.6418181818181817
A1b,Abilene.gml,500,2,28,41,0.7445309617377132,0.4910508862461015,0.27318193699709975,0.5827272727272726
A1b,Abilene.gml,500,2,28,42,0.7443356557925761,0.4891891489964559,0.27382478572542285,0.5827272727272726
A1b,Abilene.gml,500,2,28,43,0.7454150706280648,0.48728294740124733,0.27449495264744544,0.5827272727272726
A1b,Abilene.gml,500,2,28,44,0.7761821423272061,0.4853330895834487,0.2751925020480408,0.5881818181818183
A1b,Abilene.gml,500,2,28,45,0.7768754090418363,0.562100551934351,0.2759175009439007,0.6381818181818182
A1b,Abilene.gml,500,2,28,46,0.7766337221092858,0.48181725876059184,0.27629598387016696,0.5881818181818183
A1b,Abilene.gml,500,2,28,47,0.7766855532615993,0.4795161020819144,0.2770549273554286,0.5854545454545454
A1b,Abilene.gml,500,2,28,48,0.7768796011604309,0.5554472691300986,0.2775739063459473,0.6336363636363636
A1b,Abilene.gml,500,2,28,49,0.7767148092328512,0.4757593358685119,0.27800654535239433,0.5827272727272728
A1b,Abilene.gml,500,2,29,0,0.7438621913321071,0.5264926243931468,0.2638018274367474,0.5936363636363636
A1b,Abilene.gml,500,2,29,1,0.7687007324230758,0.5894716338228709,0.2636220958037681,0.6463636363636364
A1b,Abilene.gml,500,2,29,2,0.7438474522104869,0.5267466173364862,0.26346812050369867,0.5945454545454546
A1b,Abilene.gml,500,2,29,3,0.7438625176257738,0.5265895875540036,0.2633303001328025,0.5945454545454546
A1b,Abilene.gml,500,2,29,4,0.7438883152813731,0.5263984916017297,0.2632188265739567,0.5954545454545455
A1b,Abilene.gml,500,2,29,5,0.7439388619339006,0.5261731531708534,0.2631336860451242,0.5945454545454546
A1b,Abilene.gml,500,2,29,6,0.7440733895180454,0.5259134041513854,0.26307486739894914,0.5936363636363636
A1b,Abilene.gml,500,2,29,7,0.7453115599517752,0.5256190848714508,0.2630423621213786,0.5972727272727274
A1b,Abilene.gml,500,2,29,8,0.759746868837232,0.5252900443384552,0.26303616433054783,0.5990909090909091
A1b,Abilene.gml,500,2,29,9,0.7600546860254849,0.5249261404818514,0.26305627077592936,0.6000000000000001
A1b,Abilene.gml,500,2,29,10,0.7602517091853851,0.6027475760228971,0.2631026808377438,0.6527272727272728
A1b,Abilene.gml,500,2,29,11,0.7601978259634147,0.5248905457343225,0.26310312112708795,0.600909090909091
A1b,Abilene.gml,500,2,29,12,0.7602104217490151,0.5244253612638012,0.26319316906047163,0.600909090909091
A1b,Abilene.gml,500,2,29,13,0.7602187877238177,0.5239247707663872,0.263309527305968,0.6000000000000001
A1b,Abilene.gml,500,2,29,14,0.752098593078767,0.5238635462932455,0.2634522048683706,0.6
A1b,Abilene.gml,500,2,29,15,0.7602266795991138,0.5227844096443891,0.2634716258089197,0.6000000000000001
A1b,Abilene.gml,500,2,29,16,0.760233465822128,0.5221925334645088,0.26365579269831246,0.6000000000000001
A1b,Abilene.gml,500,2,29,17,0.7602381434347556,0.5215648010127311,0.26386630675028605,0.6000000000000001
A1b,Abilene.gml,500,2,29,18,0.7602412808256006,0.5208970773212571,0.2641031863815295,0.6000000000000001
A1b,Abilene.gml,500,2,29,19,0.8089633134339717,0.5963952000501184,0.264366452643448,0.6654545454545455
A1b,Abilene.gml,500,2,29,20,0.76023731583309,0.5197192659140213,0.26452083796118714,0.6000000000000001
A1b,Abilene.gml,500,2,29,21,0.7602361714007642,0.5187412913499069,0.2648279045930964,0.6000000000000001
A1b,Abilene.gml,500,2,29,22,0.7602341557764469,0.5177260525888232,0.2651614233088017,0.6000000000000001
A1b,Abilene.gml,500,2,29,23,0.760231205826549,0.5166736273395724,0.2655214248149664,0.5990909090909091
A1b,Abilene.gml,500,2,29,24,0.8000852387837526,0.5916241225970392,0.2659079424634619,0.6590909090909091
A1b,Abilene.gml,500,2,29,25,0.7602043108606362,0.5150241947501173,0.26615855596510163,0.5981818181818183
A1b,Abilene.gml,500,2,29,26,0.7601944530257702,0.5138594579671211,0.266589127562693,0.5981818181818183
A1b,Abilene.gml,500,2,29,27,0.7686603862474712,0.574282414695285,0.2670463150158808,0.6418181818181817
A1b,Abilene.gml,500,2,29,28,0.7602216300970163,0.5119757805852804,0.26725653800379784,0.5981818181818183
A1b,Abilene.gml,500,2,29,29,0.7602135289538374,0.5107173730296262,0.26775567693854,0.5981818181818183
A1b,Abilene.gml,500,2,29,30,0.7602030408289431,0.5094224154833635,0.26828154152708267,0.5963636363636364
A1b,Abilene.gml,500,2,29,31,0.7601892162361147,0.5080911060405192,0.26883418168331913,0.5945454545454546
A1b,Abilene.gml,500,2,29,32,0.7601704796622037,0.5067236586123359,0.26941364999370826,0.5945454545454546
A1b,Abilene.gml,500,2,29,33,0.7601440368932721,0.5050021803520967,0.2700200017222658,0.5936363636363636
A1b,Abilene.gml,500,2,29,34,0.7601044616224635,0.5030999374118208,0.2706532948158226,0.5927272727272727
A1b,Abilene.gml,500,2,29,35,0.7587510839846263,0.5015619512852374,0.27114607601027185,0.5909090909090909
A1b,Abilene.gml,500,2,29,36,0.7442691665126197,0.4999751256494163,0.27166592253420263,0.5863636363636364
A1b,Abilene.gml,500,2,29,37,0.7440592579141683,0.4983400756123107,0.27221288366573443,0.5854545454545454
A1b,Abilene.gml,500,2,29,38,0.7769070506734915,0.5738353524137803,0.2727870113895197,0.6436363636363637
A1b,Abilene.gml,500,2,29,39,0.744023052984926,0.49507598828567206,0.2732899061302517,0.5854545454545454
A1b,Abilene.gml,500,2,29,40,0.7440680009968124,0.49330878686391005,0.27391093360929913,0.5836363636363637
A1b,Abilene.gml,500,2,29,41,0.7442468362421295,0.4911893577186232,0.2746761564030012,0.5836363636363637
A1b,Abilene.gml,500,2,29,42,0.7464677723917966,0.4890366446960478,0.2754687702900642,0.58
A1b,Abilene.gml,500,2,29,43,0.7762926962080208,0.487169120942249,0.27615246861865306,0.5909090909090909
A1b,Abilene.gml,500,2,29,44,0.7766062086976412,0.48495702440706023,0.2769903200681422,0.5890909090909091
A1b,Abilene.gml,500,2,29,45,0.7766864561714454,0.483019730272528,0.27771941722869625,0.5863636363636364
A1b,Abilene.gml,500,2,29,46,0.7767174268193853,0.48104016263396476,0.27847621342125706,0.5845454545454545
A1b,Abilene.gml,500,2,29,47,0.7767277878019132,0.4790191500019454,0.27926078155554074,0.5845454545454545
A1b,Abilene.gml,500,2,29,48,0.7767239119350876,0.4769575417125036,0.2800731973111666,0.5845454545454545
A1b,Abilene.gml,500,2,29,49,0.7767021570931291,0.4749117712958471,0.28091353914494793,0.5836363636363636
