arm,topo,rate,seed,episode,step,rd,rp,th,r_mean
pretrain,CERNET.gml,500,1,0,0,0.9333704426009946,0.17914114421182006,0.26700429848111573,0.8051219512195121
pretrain,CERNET.gml,500,1,0,1,0.9375286899554375,0.18461160237772506,0.2668563929329137,0.41073170731707326
pretrain,CERNET.gml,500,1,0,2,0.936323500350878,0.16665216940195146,0.2667759763545098,0.3807317073170732
pretrain,CERNET.gml,500,1,0,3,0.9327596836058579,0.16340543221047202,0.2666207142972403,0.38609756097560977
pretrain,CERNET.gml,500,1,0,4,0.934566582489568,0.18446168878506822,0.2665896323832101,0.4217073170731707
pretrain,CERNET.gml,500,1,0,5,0.9357503123410659,0.20006447250391324,0.26651883523812775,0.42804878048780487
pretrain,CERNET.gml,500,1,0,6,0.9331629026340383,0.21320949588437113,0.2664580492931298,0.4309756097560976
pretrain,CERNET.gml,500,1,0,7,0.9369072638083463,0.1799346071886567,0.2663813151634051,0.38048780487804884
pretrain,CERNET.gml,500,1,0,8,0.9339631313856566,0.20197030584257716,0.2662644335367406,0.43341463414634146
pretrain,CERNET.gml,500,1,0,9,0.9321746904811659,0.1881202870914418,0.266262306047021,0.39560975609756105
pretrain,CERNET.gml,500,1,0,10,0.9375204549844981,0.17203015750134623,0.26621268113551483,0.38878048780487806
pretrain,CERNET.gml,500,1,0,11,0.9321794261735304,0.20548507291067963,0.26612434160113463,0.44048780487804884
pretrain,CERNET.gml,500,1,0,12,0.9369602814834668,0.1874742876300776,0.2661432990100103,0.3990243902439024
pretrain,CERNET.gml,500,1,0,13,0.9351850435407707,0.19972005748799457,0.26613759104331985,0.4226829268292682
pretrain,CERNET.gml,500,1,0,14,0.9304112417580145,0.17011761759668168,0.26612051023815375,0.3748780487804878
pretrain,CERNET.gml,500,1,0,15,0.9333873371960222,0.19195383808210137,0.2661392804330508,0.42902439024390243
pretrain,CERNET.gml,500,1,0,16,0.9375674195020025,0.19380153530857053,0.2661464063692412,0.41853658536585364
pretrain,CERNET.gml,500,1,0,17,0.9381311302769431,0.22771573796007194,0.2662080979749417,0.46195121951219514
pretrain,CERNET.gml,500,1,0,18,0.9310067430350674,0.18041542399540067,0.26622932384377,0.37170731707317073
pretrain,CERNET.gml,500,1,0,19,0.9345531258049811,0.19473843856253972,0.2663330681539057,0.4224390243902439
pretrain,CERNET.gml,500,1,0,20,0.9345357337812705,0.17249649835430322,0.2663035125797277,0.385609756097561
pretrain,CERNET.gml,500,1,0,21,0.935163453217356,0.19970953607519729,0.2663225113724164,0.43707317073170737
pretrain,CERNET.gml,500,1,0,22,0.9345612229957792,0.1593843873459942,0.2663967381283774,0.3609756097560976
pretrain,CERNET.gml,500,1,0,23,0.9363225893460008,0.1787600686422787,0.2664641101288855,0.42
pretrain,CERNET.gml,500,1,0,24,0.9357423541210002,0.1879128800975902,0.26658326232797314,0.4121951219512195
pretrain,CERNET.gml,500,1,0,25,0.9309920926996073,0.14551653662651848,0.26664456010333626,0.3524390243902439
pretrain,CERNET.gml,500,1,0,26,0.9345471028989573,0.14514658299605035,0.2668067164696321,0.37999999999999995
pretrain,CERNET.gml,500,1,0,27,0.9321880682558806,0.15800828723619806,0.26686704157759217,0.3973170731707318
pretrain,CERNET.gml,500,1,0,28,0.9363431379257189,0.20313981936706302,0.2669799881823332,0.4592682926829268
pretrain,CERNET.gml,500,1,0,29,0.9351508285548682,0.16967113424858551,0.2671588864471894,0.3736585365853659
pretrain,CERNET.gml,500,1,0,30,0.9339717422846795,0.17022638052924333,0.26720828653768314,0.3960975609756097
pretrain,CERNET.gml,500,1,0,31,0.9375320860646826,0.18741751020865954,0.2673233369264216,0.4268292682926829
pretrain,CERNET.gml,500,1,0,32,0.9333373375595411,0.18287551997307683,0.26735404208994945,0.4075609756097561
pretrain,CERNET.gml,500,1,0,33,0.9363394386556464,0.19220600030454218,0.26760195568307693,0.4217073170731708
pretrain,CERNET.gml,500,1,0,34,0.9345475098344773,0.19016696363032826,0.26775880692573556,0.4139024390243903
pretrain,CERNET.gml,500,1,0,35,0.9375343262424837,0.19859044543046092,0.267936425186832,0.42951219512195127
pretrain,CERNET.gml,500,1,0,36,0.9321791568673595,0.16346251763466382,0.26818301831462094,0.3648780487804878
pretrain,CERNET.gml,500,1,0,37,0.9357468298291373,0.18930486769715452,0.2683923088707715,0.43268292682926834
pretrain,CERNET.gml,500,1,0,38,0.9321658000260329,0.1898533661201536,0.2685216010504713,0.40975609756097564
pretrain,CERNET.gml,500,1,0,39,0.9363454902630471,0.21715444061393402,0.26868006157281,0.45317073170731703
pretrain,CERNET.gml,500,1,0,40,0.9369666784485721,0.1868848284602673,0.2687960073785596,0.39634146341463417
pretrain,CERNET.gml,500,1,0,41,0.9369324705572813,0.18157636798664767,0.26905391121068967,0.40195121951219515
pretrain,CERNET.gml,500,1,0,42,0.9363245872998716,0.17665938004831716,0.2692075251848297,0.4031707317073171
pretrain,CERNET.gml,500,1,0,43,0.9345522012947594,0.20375890775842959,0.26950003490934776,0.44219512195121946
pretrain,CERNET.gml,500,1,0,44,0.9349600022037783,0.20058194271763163,0.2696356556436955,0.41975609756097565
pretrain,CERNET.gml,500,1,0,45,0.9327705147635665,0.1794654630777067,0.26988188148446834,0.3897560975609756
pretrain,CERNET.gml,500,1,0,46,0.932184445183198,0.15799858211829443,0.2700911219719453,0.3802439024390244
pretrain,CERNET.gml,500,1,0,47,0.929833264449724,0.17515182099551443,0.27048444004225725,0.4117073170731708
pretrain,CERNET.gml,500,1,0,48,0.9345552882974645,0.20855108877282383,0.2707497361755448,0.4539024390243902
pretrain,CERNET.gml,500,1,0,49,0.9346647706991775,0.18605324565325887,0.27095931037637544,0.3968292682926829
pretrain,CERNET.gml,500,1,1,0,0.9292070598518374,0.2100402793747639,0.2666290384877036,0.844878048780488
pretrain,CERNET.gml,500,1,1,1,0.9339779780604345,0.1985341734387237,0.2665212103325037,0.40560975609756095
pretrain,CERNET.gml,500,1,1,2,0.93455234485985,0.19477922860184158,0.26641341313448735,0.40926829268292675
pretrain,CERNET.gml,500,1,1,3,0.9345306905172452,0.20518168531648084,0.26628276954902663,0.42341463414634145
pretrain,CERNET.gml,500,1,1,4,0.9363473116833682,0.18138274497291174,0.26613974454566985,0.38878048780487806
pretrain,CERNET.gml,500,1,1,5,0.9333941300884037,0.20581839894202497,0.2660205290967344,0.4365853658536586
pretrain,CERNET.gml,500,1,1,6,0.9357595939513755,0.2012919265033111,0.2659640840496039,0.4151219512195122
pretrain,CERNET.gml,500,1,1,7,0.9310002767202566,0.18436150879062865,0.2659311044380065,0.3880487804878049
pretrain,CERNET.gml,500,1,1,8,0.9339668525966273,0.2069561933087331,0.26577193827468965,0.4395121951219513
pretrain,CERNET.gml,500,1,1,9,0.934568290189648,0.18341795049536194,0.265754933893093,0.3909756097560976
pretrain,CERNET.gml,500,1,1,10,0.9351589121052617,0.1812453999496252,0.2657583284572076,0.40170731707317087
pretrain,CERNET.gml,500,1,1,11,0.935754329587961,0.18946048279487654,0.26572241760686066,0.416829268292683
pretrain,CERNET.gml,500,1,1,12,0.9357496521179157,0.1958894007698856,0.26577046404566707,0.41829268292682925
pretrain,CERNET.gml,500,1,1,13,0.9345571204386832,0.1788095876199909,0.2657167283577351,0.3931707317073171
pretrain,CERNET.gml,500,1,1,14,0.9351821251307705,0.21403917581323664,0.2657860611890909,0.4507317073170732
pretrain,CERNET.gml,500,1,1,15,0.9345685370459573,0.20203512917804042,0.2657706323830666,0.4109756097560976
pretrain,CERNET.gml,500,1,1,16,0.933360795591086,0.1915962110381377,0.2658238109968415,0.4009756097560977
pretrain,CERNET.gml,500,1,1,17,0.9333726455137263,0.1695566646649075,0.26581960239799013,0.3831707317073171
pretrain,CERNET.gml,500,1,1,18,0.9345346439022987,0.18771633949657954,0.26589096933453754,0.4224390243902439
pretrain,CERNET.gml,500,1,1,19,0.933283105141539,0.18069977185530545,0.26592591724940917,0.3980487804878049
pretrain,CERNET.gml,500,1,1,20,0.9356747380847942,0.19442375086821254,0.26595535810854903,0.42902439024390243
pretrain,CERNET.gml,500,1,1,21,0.933382464664112,0.19948332507774674,0.26603996799555857,0.4202439024390244
pretrain,CERNET.gml,500,1,1,22,0.930976645677824,0.19298414071592362,0.2661200303631266,0.4036585365853659
pretrain,CERNET.gml,500,1,1,23,0.9333668720960495,0.16535310309993473,0.26606024707749054,0.3785365853658537
pretrain,CERNET.gml,500,1,1,24,0.9363682437286233,0.19473990449254525,0.2661884215283323,0.43414634146341463
pretrain,CERNET.gml,500,1,1,25,0.9363309691654378,0.18083051641159878,0.26620341615907933,0.39878048780487807
pretrain,CERNET.gml,500,1,1,26,0.929214170357433,0.1369871183816909,0.2663196152699968,0.3397560975609756
pretrain,CERNET.gml,500,1,1,27,0.9381284818375291,0.17138083535822365,0.2664555044134138,0.4258536585365853
pretrain,CERNET.gml,500,1,1,28,0.9358452310447023,0.16604813009534505,0.26643186873411934,0.3917073170731707
pretrain,CERNET.gml,500,1,1,29,0.9345663272425538,0.16992454291067804,0.2666098300994017,0.4024390243902438
pretrain,CERNET.gml,500,1,1,30,0.9328033736966753,0.18384998977760028,0.2667677605161073,0.4160975609756098
pretrain,CERNET.gml,500,1,1,31,0.9345556857070438,0.19578702018772454,0.26694762835065516,0.4304878048780487
pretrain,CERNET.gml,500,1,1,32,0.9351499826144563,0.1904651569015546,0.2671441008498943,0.40853658536585363
pretrain,CERNET.gml,500,1,1,33,0.9339674246322907,0.15980722402944605,0.26730521202070595,0.3702439024390244
pretrain,CERNET.gml,500,1,1,34,0.9363591392078978,0.1744788192926178,0.2674118721851422,0.41219512195121955
pretrain,CERNET.gml,500,1,1,35,0.9369328235549568,0.1970781166192929,0.26750993051488997,0.4365853658536586
pretrain,CERNET.gml,500,1,1,36,0.9339733312692706,0.18087233563182137,0.26771757771882937,0.3975609756097561
pretrain,CERNET.gml,500,1,1,37,0.9339701486000745,0.18307112970930406,0.2680179419694972,0.41292682926829266
pretrain,CERNET.gml,500,1,1,38,0.9315922487896968,0.1551062174722524,0.268289206993941,0.36780487804878054
pretrain,CERNET.gml,500,1,1,39,0.9357367145063209,0.1627032320012468,0.2685101299678488,0.4024390243902438
pretrain,CERNET.gml,500,1,1,40,0.9333668321598351,0.19008823170808326,0.2688778508598799,0.4346341463414634
pretrain,CERNET.gml,500,1,1,41,0.9357377906098873,0.17053401121294598,0.26911590500336957,0.3907317073170732
pretrain,CERNET.gml,500,1,1,42,0.9286486127659033,0.18932161635245395,0.2693891231586379,0.41560975609756096
pretrain,CERNET.gml,500,1,1,43,0.9345611214258835,0.16293617169146732,0.26932440790643336,0.3846341463414635
pretrain,CERNET.gml,500,1,1,44,0.9328075603133156,0.1682384734324334,0.2695523992686264,0.4026829268292683
pretrain,CERNET.gml,500,1,1,45,0.932800239305413,0.17748165797238402,0.26985567260714177,0.4090243902439024
pretrain,CERNET.gml,500,1,1,46,0.9309791078253968,0.15756122535194125,0.2700612887163833,0.3726829268292683
pretrain,CERNET.gml,500,1,1,47,0.9345527088044902,0.17459034438366688,0.2703127595817122,0.42536585365853663
pretrain,CERNET.gml,500,1,1,48,0.933961027193374,0.18849665742483074,0.27074006130856715,0.42121951219512194
pretrain,CERNET.gml,500,1,1,49,0.9286105536181566,0.17226820630918013,0.271093572975451,0.38902439024390245
pretrain,CERNET.gml,500,1,2,0,0.9321812625381839,0.18837156196229216,0.2666836274155887,0.8160975609756098
pretrain,CERNET.gml,500,1,2,1,0.9327962283753227,0.15532506690300918,0.26650168352752146,0.36268292682926834
pretrain,CERNET.gml,500,1,2,2,0.9333705992787267,0.1767262580334456,0.26641277468200164,0.4124390243902439
pretrain,CERNET.gml,500,1,2,3,0.9322470361849692,0.1729938490390004,0.26632481842079736,0.3912195121951219
pretrain,CERNET.gml,500,1,2,4,0.9336881897427213,0.18595510474320587,0.26616443020125274,0.4158536585365854
pretrain,CERNET.gml,500,1,2,5,0.9369433675040633,0.1922986252709786,0.2661376381050512,0.41707317073170735
pretrain,CERNET.gml,500,1,2,6,0.9392986194251425,0.1947274378363408,0.2660955892680144,0.41609756097560974
pretrain,CERNET.gml,500,1,2,7,0.9374719943740144,0.21104524530110044,0.26604016480649073,0.4346341463414635
pretrain,CERNET.gml,500,1,2,8,0.9379273383257075,0.19240693935049255,0.2659728843219012,0.3995121951219512
pretrain,CERNET.gml,500,1,2,9,0.9351631646119095,0.19023631773865787,0.2659074319773514,0.40780487804878046
pretrain,CERNET.gml,500,1,2,10,0.9351564956647775,0.15492546425380455,0.2658597313229926,0.3595121951219512
pretrain,CERNET.gml,500,1,2,11,0.9339840684674608,0.20078689782525933,0.2658097837474944,0.4478048780487805
pretrain,CERNET.gml,500,1,2,12,0.9357427874220384,0.1782683888988491,0.2657713928136429,0.3878048780487805
pretrain,CERNET.gml,500,1,2,13,0.932780277030985,0.16900430394065302,0.26580820693786644,0.38707317073170733
pretrain,CERNET.gml,500,1,2,14,0.9327719389666573,0.17739340131823536,0.2658377064549977,0.40560975609756106
pretrain,CERNET.gml,500,1,2,15,0.9363480852375666,0.2064744081603012,0.26585512419817126,0.44682926829268294
pretrain,CERNET.gml,500,1,2,16,0.9363179696105575,0.16883965418800412,0.2658883232538103,0.37
pretrain,CERNET.gml,500,1,2,17,0.9304143672377011,0.18596998830431605,0.26591444882550297,0.41414634146341467
pretrain,CERNET.gml,500,1,2,18,0.9286264128040512,0.16894381279921744,0.26590841024257617,0.38390243902439014
pretrain,CERNET.gml,500,1,2,19,0.9321718594204118,0.17276980091241614,0.26588749908231213,0.39926829268292674
pretrain,CERNET.gml,500,1,2,20,0.9381269071961214,0.19530852904989993,0.265883801725352,0.43414634146341463
pretrain,CERNET.gml,500,1,2,21,0.9345545689308152,0.19337669176986466,0.26591014898699594,0.4114634146341464
pretrain,CERNET.gml,500,1,2,22,0.9327669726070884,0.1886703666890059,0.26600566699289524,0.4058536585365854
pretrain,CERNET.gml,500,1,2,23,0.9339664761795693,0.18411507842637634,0.26608327664711034,0.4046341463414634
pretrain,CERNET.gml,500,1,2,24,0.9339631954373351,0.17230968890758336,0.2662115425274828,0.3917073170731707
pretrain,CERNET.gml,500,1,2,25,0.9370652154678888,0.18688103789965324,0.26629141226691083,0.4217073170731707
pretrain,CERNET.gml,500,1,2,26,0.9339659893246328,0.19809255746128338,0.2664658498219505,0.42195121951219516
pretrain,CERNET.gml,500,1,2,27,0.9357468243543725,0.17439148546858219,0.26656758175851425,0.38780487804878055
pretrain,CERNET.gml,500,1,2,28,0.9399021736280189,0.203401032042933,0.2666410155798155,0.44536585365853654
pretrain,CERNET.gml,500,1,2,29,0.9345578628392059,0.18200186585870146,0.26684730584347055,0.3917073170731708
pretrain,CERNET.gml,500,1,2,30,0.9327452383240755,0.1989483077169122,0.26704944139396497,0.4314634146341464
pretrain,CERNET.gml,500,1,2,31,0.935754405464994,0.19594433954365642,0.26720091424007986,0.4158536585365853
pretrain,CERNET.gml,500,1,2,32,0.9363453422847916,0.1862095910764433,0.2673148775023551,0.40560975609756095
pretrain,CERNET.gml,500,1,2,33,0.9369324163752344,0.17134357112726634,0.2675355672322143,0.3902439024390244
pretrain,CERNET.gml,500,1,2,34,0.93158743471915,0.1511604925857933,0.2677713059346471,0.36829268292682926
pretrain,CERNET.gml,500,1,2,35,0.9333358422886389,0.1715889852869797,0.2679392395112062,0.41487804878048773
pretrain,CERNET.gml,500,1,2,36,0.9351577364386233,0.18038146296571292,0.2681846474666956,0.4139024390243902
pretrain,CERNET.gml,500,1,2,37,0.9321876024948741,0.18673959356641998,0.2684487097051399,0.4121951219512195
pretrain,CERNET.gml,500,1,2,38,0.9327733291239704,0.17381270458051493,0.2686406874371513,0.3917073170731708
pretrain,CERNET.gml,500,1,2,39,0.9381095532542927,0.18441998979693972,0.2687810969377638,0.42121951219512194
pretrain,CERNET.gml,500,1,2,40,0.9333693410878409,0.17005206797571687,0.26900219734629055,0.39146341463414636
pretrain,CERNET.gml,500,1,2,41,0.9327724534464724,0.16349870778373676,0.2691408840695506,0.3924390243902439
pretrain,CERNET.gml,500,1,2,42,0.9363405786632443,0.18567348526934901,0.26940258436819864,0.42975609756097555
pretrain,CERNET.gml,500,1,2,43,0.9327749307556216,0.1624891913733804,0.26972387190059904,0.37536585365853653
pretrain,CERNET.gml,500,1,2,44,0.9375177146252716,0.1908710436815278,0.2699534380836289,0.43536585365853664
pretrain,CERNET.gml,500,1,2,45,0.9333710115918064,0.1806430944330066,0.27015120776858,0.39951219512195113
pretrain,CERNET.gml,500,1,2,46,0.9351314252961102,0.18676675557006794,0.2702831766044128,0.41926829268292676
pretrain,CERNET.gml,500,1,2,47,0.9321480285968151,0.19208196983125628,0.27061351517248855,0.4153658536585365
pretrain,CERNET.gml,500,1,2,48,0.9304137554266614,0.15984622145230754,0.27085294437978935,0.37097560975609756
pretrain,CERNET.gml,500,1,2,49,0.9351490467134678,0.17509944710867814,0.27110711207705196,0.4168292682926829
pretrain,CERNET.gml,500,1,3,0,0.9369005030144867,0.2036637417906319,0.26618215823324015,0.8404878048780487
pretrain,CERNET.gml,500,1,3,1,0.9375464572292029,0.1991887194942097,0.2660709757479748,0.4104878048780488
pretrain,CERNET.gml,500,1,3,2,0.9393123934884321,0.17497789972728475,0.2659421434060429,0.38341463414634147
pretrain,CERNET.gml,500,1,3,3,0.9387082816361437,0.18388517200336615,0.26587577805342866,0.41121951219512193
pretrain,CERNET.gml,500,1,3,4,0.9381243934286724,0.17284757242825124,0.265741838247738,0.39268292682926825
pretrain,CERNET.gml,500,1,3,5,0.9375490167050295,0.1955543453727273,0.2656799195366593,0.4314634146341464
pretrain,CERNET.gml,500,1,3,6,0.9321864982602615,0.15376381788089197,0.2656890906737529,0.351219512195122
pretrain,CERNET.gml,500,1,3,7,0.9345600508491585,0.15729251390846483,0.26557609188563125,0.38951219512195123
pretrain,CERNET.gml,500,1,3,8,0.9333703849456748,0.19262149397643683,0.26545668564948804,0.4368292682926829
pretrain,CERNET.gml,500,1,3,9,0.9327708058877534,0.14599681280883764,0.2654279418647314,0.34585365853658534
pretrain,CERNET.gml,500,1,3,10,0.9356551695304335,0.18054373949837546,0.265431734840635,0.4260975609756098
pretrain,CERNET.gml,500,1,3,11,0.9292678005743981,0.17060768392108164,0.26542215891581183,0.38853658536585367
pretrain,CERNET.gml,500,1,3,12,0.9357276747459483,0.19581444916250165,0.26546848218396246,0.4319512195121951
pretrain,CERNET.gml,500,1,3,13,0.9321733999339533,0.17704749403656397,0.26539812616329633,0.38658536585365855
pretrain,CERNET.gml,500,1,3,14,0.9375301752045369,0.1851913121481634,0.26546867010749015,0.4178048780487805
pretrain,CERNET.gml,500,1,3,15,0.9369307053701359,0.20220980366399913,0.26555862557024107,0.4287804878048781
pretrain,CERNET.gml,500,1,3,16,0.9363093171799922,0.20459302830556558,0.26553220124521293,0.4241463414634146
pretrain,CERNET.gml,500,1,3,17,0.9380146677188809,0.20145378128307495,0.2655469148208344,0.4195121951219512
pretrain,CERNET.gml,500,1,3,18,0.9369502506169197,0.21072092641515963,0.2655542624138529,0.43268292682926834
pretrain,CERNET.gml,500,1,3,19,0.9363349224400123,0.19862264593077875,0.265634453055886,0.4102439024390244
pretrain,CERNET.gml,500,1,3,20,0.9327818003607128,0.17560356100438845,0.2657237466034977,0.3839024390243903
pretrain,CERNET.gml,500,1,3,21,0.9387233515231592,0.1849718397353672,0.2658544042882516,0.4190243902439024
pretrain,CERNET.gml,500,1,3,22,0.9327904432862888,0.1725588491235607,0.2660035468860049,0.3904878048780488
pretrain,CERNET.gml,500,1,3,23,0.933971613075963,0.19063500448037096,0.26614682242092447,0.4221951219512195
pretrain,CERNET.gml,500,1,3,24,0.9351555580522991,0.17314276735008516,0.26618381018266785,0.3853658536585366
pretrain,CERNET.gml,500,1,3,25,0.9410952355906612,0.19458291180166065,0.2661336505666667,0.4380487804878049
pretrain,CERNET.gml,500,1,3,26,0.9399077844268514,0.19236559973871067,0.2662495790526208,0.4139024390243902
pretrain,CERNET.gml,500,1,3,27,0.9292256052061458,0.19311152310153717,0.26637080986008893,0.41000000000000003
pretrain,CERNET.gml,500,1,3,28,0.9327727653839396,0.17613697432976175,0.2664642636830484,0.3953658536585366
pretrain,CERNET.gml,500,1,3,29,0.9363403597484294,0.14770300661052832,0.26669240025090324,0.36195121951219517
pretrain,CERNET.gml,500,1,3,30,0.9363582681750668,0.18651582022728544,0.26678406906424307,0.44414634146341464
pretrain,CERNET.gml,500,1,3,31,0.9399197420254795,0.19629683638152723,0.26700631229568317,0.4273170731707318
pretrain,CERNET.gml,500,1,3,32,0.9363258646430274,0.17916508287368696,0.2671072998516789,0.39292682926829264
pretrain,CERNET.gml,500,1,3,33,0.9371512483551029,0.1870699992677678,0.2671707811350662,0.4207317073170731
pretrain,CERNET.gml,500,1,3,34,0.9333703451294979,0.18907006230127518,0.2673246067314266,0.4114634146341464
pretrain,CERNET.gml,500,1,3,35,0.9369180657215161,0.2041715639548414,0.267523503998934,0.4365853658536585
pretrain,CERNET.gml,500,1,3,36,0.9333691660263507,0.19515084194439536,0.26768105240116796,0.41195121951219515
pretrain,CERNET.gml,500,1,3,37,0.932796316609415,0.1750691805376248,0.267912902747433,0.3892682926829268
pretrain,CERNET.gml,500,1,3,38,0.9369302268223229,0.19865627284239426,0.2681058230542728,0.44
pretrain,CERNET.gml,500,1,3,39,0.9369417491248682,0.1808717954459749,0.2683175948933958,0.39463414634146343
pretrain,CERNET.gml,500,1,3,40,0.935154647879202,0.19754716530948543,0.2684880468334599,0.4329268292682927
pretrain,CERNET.gml,500,1,3,41,0.9303853055460586,0.16657619660891088,0.2686822448205112,0.3704878048780488
pretrain,CERNET.gml,500,1,3,42,0.9363523414900363,0.1820481767339783,0.26884389508890305,0.4260975609756098
pretrain,CERNET.gml,500,1,3,43,0.9321674316493131,0.15840761980571003,0.2691688188278521,0.3734146341463414
pretrain,CERNET.gml,500,1,3,44,0.9339613950956972,0.18676747457770884,0.2694218739248007,0.4278048780487805
pretrain,CERNET.gml,500,1,3,45,0.9369410280957517,0.17800013974747445,0.26956669200758515,0.40414634146341466
pretrain,CERNET.gml,500,1,3,46,0.9321789665360616,0.16785504899402906,0.2696949254017409,0.3931707317073171
pretrain,CERNET.gml,500,1,3,47,0.9357421287000072,0.19561436048878017,0.27004291336511277,0.43707317073170726
pretrain,CERNET.gml,500,1,3,48,0.9369291888816106,0.17784579887117408,0.27025408822908215,0.3926829268292683
pretrain,CERNET.gml,500,1,3,49,0.9339678426665096,0.1729727244640894,0.270559607203235,0.40341463414634143
pretrain,CERNET.gml,500,1,4,0,0.9321763871910422,0.18542368271308504,0.2674555065134492,0.8134146341463415
pretrain,CERNET.gml,500,1,4,1,0.9387522006296656,0.206335045150601,0.26732159929453864,0.43585365853658536
pretrain,CERNET.gml,500,1,4,2,0.9328925549149567,0.19151530661577898,0.267165724773059,0.3975609756097561
pretrain,CERNET.gml,500,1,4,3,0.9357484324089108,0.2055343356844642,0.2670823252348021,0.4280487804878048
pretrain,CERNET.gml,500,1,4,4,0.931587600055063,0.1841827575577093,0.2668976292706873,0.3904878048780488
pretrain,CERNET.gml,500,1,4,5,0.9328151307666701,0.17114702850263563,0.2668328396744594,0.38682926829268294
pretrain,CERNET.gml,500,1,4,6,0.9351439301821989,0.2107725880565485,0.26677704679402525,0.4509756097560975
pretrain,CERNET.gml,500,1,4,7,0.9374914804195291,0.20389774733047114,0.2666611818830932,0.4173170731707317
pretrain,CERNET.gml,500,1,4,8,0.932778730414786,0.191154502015914,0.26664675974364616,0.40073170731707314
pretrain,CERNET.gml,500,1,4,9,0.935756343891843,0.180973511345621,0.2666553179941055,0.3975609756097561
pretrain,CERNET.gml,500,1,4,10,0.9363477800223424,0.19169416162681846,0.266633886793163,0.4202439024390243
pretrain,CERNET.gml,500,1,4,11,0.9333499056052429,0.1838753527323808,0.2666471328133124,0.3980487804878049
pretrain,CERNET.gml,500,1,4,12,0.933977659467879,0.18448438169571724,0.26664930360932115,0.4095121951219513
pretrain,CERNET.gml,500,1,4,13,0.9369514465273416,0.20496210578979995,0.2666569205910298,0.43634146341463415
pretrain,CERNET.gml,500,1,4,14,0.937494061944011,0.17461969057107574,0.26667126450713075,0.37902439024390244
pretrain,CERNET.gml,500,1,4,15,0.9357637354480055,0.17577905402575128,0.26661796462561216,0.40341463414634143
pretrain,CERNET.gml,500,1,4,16,0.9315874560120927,0.19273058776145977,0.2666990500557899,0.42000000000000004
pretrain,CERNET.gml,500,1,4,17,0.9375381276395471,0.17864274301976305,0.26665695978752163,0.39658536585365856
pretrain,CERNET.gml,500,1,4,18,0.9345905701098363,0.182955775291293,0.2666275742350248,0.4097560975609757
pretrain,CERNET.gml,500,1,4,19,0.9314257903598865,0.15903602157943514,0.266669813705534,0.3697560975609756
pretrain,CERNET.gml,500,1,4,20,0.9304004607437326,0.19040571186310862,0.2666418122759064,0.43268292682926834
pretrain,CERNET.gml,500,1,4,21,0.9327739084411472,0.1728891892732037,0.26677085691941976,0.38853658536585367
pretrain,CERNET.gml,500,1,4,22,0.9375381620400316,0.17347964996527995,0.26685680197281536,0.4031707317073171
pretrain,CERNET.gml,500,1,4,23,0.9321809541850421,0.16069302292900892,0.26688704389625245,0.37951219512195117
pretrain,CERNET.gml,500,1,4,24,0.9351495701146073,0.18707214998728827,0.2668937523180028,0.4307317073170733
pretrain,CERNET.gml,500,1,4,25,0.9357554257466104,0.20326743427997856,0.2669893430192985,0.43390243902439013
pretrain,CERNET.gml,500,1,4,26,0.9327725970636943,0.18219109272083908,0.26713868103861754,0.3926829268292683
pretrain,CERNET.gml,500,1,4,27,0.9315863952094976,0.16156494837746638,0.26726643982001513,0.3775609756097561
pretrain,CERNET.gml,500,1,4,28,0.9339669250407308,0.1738454287933031,0.2673774074525623,0.41073170731707315
pretrain,CERNET.gml,500,1,4,29,0.9375021670432229,0.19370603835952693,0.2674920062979969,0.4321951219512195
pretrain,CERNET.gml,500,1,4,30,0.931588170849762,0.1646315473046539,0.2676656999481485,0.37390243902439024
pretrain,CERNET.gml,500,1,4,31,0.9322020183543661,0.162465223084717,0.2677771165402157,0.3924390243902439
pretrain,CERNET.gml,500,1,4,32,0.9333685280737495,0.166864831129976,0.26786559492237416,0.3958536585365854
pretrain,CERNET.gml,500,1,4,33,0.9357440167324563,0.16916729683614756,0.26802607039201465,0.4021951219512195
pretrain,CERNET.gml,500,1,4,34,0.9393183659724799,0.1812425555346926,0.2681538806508505,0.41975609756097565
pretrain,CERNET.gml,500,1,4,35,0.936931374557427,0.18669280409691524,0.26829885706015394,0.41634146341463424
pretrain,CERNET.gml,500,1,4,36,0.9369352642582967,0.1944166360355378,0.2684905267328219,0.4180487804878048
pretrain,CERNET.gml,500,1,4,37,0.9345590951590906,0.15101732186071673,0.26858009127539184,0.35585365853658535
pretrain,CERNET.gml,500,1,4,38,0.931589026980135,0.18123476663398133,0.26869352797867374,0.42853658536585365
pretrain,CERNET.gml,500,1,4,39,0.9398988933521524,0.2097985844290981,0.26882522579683027,0.4539024390243902
pretrain,CERNET.gml,500,1,4,40,0.9357506978340077,0.18518613198755657,0.2691220486148719,0.38926829268292684
pretrain,CERNET.gml,500,1,4,41,0.9327728381450588,0.16890578676649864,0.2693213236470428,0.39146341463414625
pretrain,CERNET.gml,500,1,4,42,0.9327334917032035,0.18018950161957956,0.26958967940683787,0.4163414634146341
pretrain,CERNET.gml,500,1,4,43,0.9375126559823478,0.1746321923290009,0.2698268329432975,0.4026829268292683
pretrain,CERNET.gml,500,1,4,44,0.9309901253520696,0.16983161707790947,0.27005848382108966,0.39512195121951216
pretrain,CERNET.gml,500,1,4,45,0.9333734448914747,0.182034006686027,0.2703808040235565,0.4158536585365854
pretrain,CERNET.gml,500,1,4,46,0.9333577117711878,0.13329290334194532,0.2706876530288016,0.33804878048780496
pretrain,CERNET.gml,500,1,4,47,0.9326300334958584,0.17096755279454326,0.2706676900345881,0.4336585365853659
pretrain,CERNET.gml,500,1,4,48,0.9321818716859693,0.19264401943849002,0.2710691304747827,0.42902439024390243
pretrain,CERNET.gml,500,1,4,49,0.9333191776819473,0.17989968832444223,0.27123740965737225,0.39658536585365856
pretrain,CERNET.gml,500,1,5,0,0.93158788144628,0.17982261156608545,0.2656839939881379,0.8053658536585365
pretrain,CERNET.gml,500,1,5,1,0.9410795219318092,0.19094938057408925,0.26554303896151554,0.4221951219512195
pretrain,CERNET.gml,500,1,5,2,0.9363533452090859,0.19329597025209816,0.2654388046040744,0.4124390243902439
pretrain,CERNET.gml,500,1,5,3,0.9345547677244814,0.2085765447462213,0.26537330868919423,0.4273170731707316
pretrain,CERNET.gml,500,1,5,4,0.9292215699060242,0.17499216058398234,0.26519809760405655,0.3736585365853659
pretrain,CERNET.gml,500,1,5,5,0.9381318382098713,0.20722910449560764,0.26515932554578625,0.44853658536585367
pretrain,CERNET.gml,500,1,5,6,0.9345623539922242,0.19736200135635226,0.26510434429145024,0.40682926829268284
pretrain,CERNET.gml,500,1,5,7,0.9345630496729245,0.16410503485668523,0.2651104933672967,0.3651219512195122
pretrain,CERNET.gml,500,1,5,8,0.9357507275239525,0.20616462776351804,0.2650264531973388,0.45219512195121947
pretrain,CERNET.gml,500,1,5,9,0.9345025631651442,0.21161754191611723,0.26499878201004545,0.42707317073170725
pretrain,CERNET.gml,500,1,5,10,0.9369361050570398,0.1739082637853585,0.26497869193662693,0.3726829268292683
pretrain,CERNET.gml,500,1,5,11,0.9363544803231963,0.2041669328618337,0.2649464341444739,0.4424390243902439
pretrain,CERNET.gml,500,1,5,12,0.9345536692556845,0.15873436466371735,0.26499832966574793,0.35536585365853657
pretrain,CERNET.gml,500,1,5,13,0.9339275355581703,0.18630337054671342,0.26491577257228205,0.42902439024390243
pretrain,CERNET.gml,500,1,5,14,0.9316358426597591,0.17527900951176925,0.26498449651243755,0.3921951219512196
pretrain,CERNET.gml,500,1,5,15,0.9357395151137123,0.188901343382165,0.26507491300114444,0.417560975609756
pretrain,CERNET.gml,500,1,5,16,0.9357445867783011,0.19707763704956008,0.2650206086487922,0.42292682926829267
pretrain,CERNET.gml,500,1,5,17,0.9339584403005463,0.1766308089774,0.26506511041302555,0.38634146341463416
pretrain,CERNET.gml,500,1,5,18,0.9316050277731878,0.16809658675905537,0.26509721362835553,0.39146341463414636
pretrain,CERNET.gml,500,1,5,19,0.929202577965444,0.1451869933637321,0.26521885977070603,0.3568292682926829
pretrain,CERNET.gml,500,1,5,20,0.932768736086295,0.20502467202121058,0.2651244950075846,0.46707317073170734
pretrain,CERNET.gml,500,1,5,21,0.9363327888696782,0.22325227172862855,0.26519983314239715,0.45121951219512196
pretrain,CERNET.gml,500,1,5,22,0.9351471555417006,0.1708358192879488,0.2652703240316569,0.36048780487804877
pretrain,CERNET.gml,500,1,5,23,0.9351551005552673,0.17753005133962832,0.2652813368962489,0.40975609756097553
pretrain,CERNET.gml,500,1,5,24,0.9333120012285588,0.20106412063237578,0.26538426093307754,0.4343902439024389
pretrain,CERNET.gml,500,1,5,25,0.9351351838514995,0.19389535152698292,0.2654879277693508,0.40853658536585363
pretrain,CERNET.gml,500,1,5,26,0.9363409141937296,0.1881649865391016,0.2655924093335973,0.40853658536585363
pretrain,CERNET.gml,500,1,5,27,0.9351668183616535,0.19859949779834257,0.26561571596609085,0.4263414634146341
pretrain,CERNET.gml,500,1,5,28,0.9327851352109173,0.1500478668257612,0.26575397340883067,0.3502439024390244
pretrain,CERNET.gml,500,1,5,29,0.9333758105043283,0.1894159330202339,0.2658365871097915,0.44219512195121946
pretrain,CERNET.gml,500,1,5,30,0.9345431522984166,0.1845519495107019,0.26605838032415124,0.4068292682926829
pretrain,CERNET.gml,500,1,5,31,0.9351536018763641,0.18643754800237747,0.2661629408848584,0.4129268292682926
pretrain,CERNET.gml,500,1,5,32,0.933959282910079,0.20724047957433164,0.26639616766771357,0.43902439024390233
pretrain,CERNET.gml,500,1,5,33,0.9374543428733789,0.16540550625947303,0.26655650726378755,0.3670731707317073
pretrain,CERNET.gml,500,1,5,34,0.9309973271704136,0.16647289741727672,0.26672571195073647,0.39707317073170734
pretrain,CERNET.gml,500,1,5,35,0.9363385503570595,0.20563795540287505,0.26682929589104376,0.45317073170731714
pretrain,CERNET.gml,500,1,5,36,0.9345641537041102,0.16993761119800346,0.26696854313666063,0.3770731707317073
pretrain,CERNET.gml,500,1,5,37,0.9321827112190397,0.18548234423461615,0.2672543234924472,0.4165853658536586
pretrain,CERNET.gml,500,1,5,38,0.9345639250039708,0.1423016236184967,0.26745802654283146,0.34951219512195125
pretrain,CERNET.gml,500,1,5,39,0.9363316374188686,0.1908230943899719,0.26760385897086214,0.44682926829268294
pretrain,CERNET.gml,500,1,5,40,0.9327677096141771,0.16762286775871624,0.26781949982699155,0.38439024390243903
pretrain,CERNET.gml,500,1,5,41,0.9339649112110274,0.1699277008417543,0.26812124636648826,0.4024390243902439
pretrain,CERNET.gml,500,1,5,42,0.9333647562224233,0.15798256369147312,0.26819569210563887,0.3780487804878049
pretrain,CERNET.gml,500,1,5,43,0.9351180069916725,0.18101429101116104,0.2683679171428297,0.4258536585365853
pretrain,CERNET.gml,500,1,5,44,0.9339604499078173,0.18498341063360169,0.26863496801126335,0.4124390243902439
pretrain,CERNET.gml,500,1,5,45,0.9345636095937911,0.18456358200868084,0.2689718539917538,0.413170731707317
pretrain,CERNET.gml,500,1,5,46,0.9375187151024368,0.20647687385619037,0.26930444365878575,0.4436585365853658
pretrain,CERNET.gml,500,1,5,47,0.9309885586464471,0.17679496845142595,0.2695204299639221,0.3780487804878049
pretrain,CERNET.gml,500,1,5,48,0.9334108867385542,0.18669604834225778,0.2697282436630036,0.423170731707317
pretrain,CERNET.gml,500,1,5,49,0.931587735139527,0.16145188050663967,0.27002814021601945,0.3736585365853659
pretrain,CERNET.gml,500,1,6,0,0.9351521824473644,0.19663790927842661,0.2660572046921011,0.8292682926829267
pretrain,CERNET.gml,500,1,6,1,0.9369463767440461,0.20325559269326698,0.2658932000845203,0.42439024390243907
pretrain,CERNET.gml,500,1,6,2,0.9351655587030847,0.20815176795701332,0.2657880167086647,0.42073170731707316
pretrain,CERNET.gml,500,1,6,3,0.9375356618659911,0.18153403177062805,0.26565850363776583,0.38829268292682934
pretrain,CERNET.gml,500,1,6,4,0.9368981698943323,0.2009046819612798,0.2655608462709376,0.4295121951219512
pretrain,CERNET.gml,500,1,6,5,0.9363488788213806,0.20485096914468182,0.2654960710753429,0.4224390243902439
pretrain,CERNET.gml,500,1,6,6,0.9315867386671844,0.14847343495671012,0.26543095757447394,0.33999999999999997
pretrain,CERNET.gml,500,1,6,7,0.9357407202431074,0.20159993601123546,0.26534936229506034,0.45756097560975606
pretrain,CERNET.gml,500,1,6,8,0.9298139885081821,0.18870418758826146,0.2653440560982681,0.3924390243902439
pretrain,CERNET.gml,500,1,6,9,0.9369308178038712,0.19493604152977936,0.26522337867108003,0.4190243902439024
pretrain,CERNET.gml,500,1,6,10,0.9357369701307154,0.20178078144122802,0.2651245867623516,0.42487804878048785
pretrain,CERNET.gml,500,1,6,11,0.9357664252834736,0.19728708137741538,0.26510770076681167,0.4114634146341464
pretrain,CERNET.gml,500,1,6,12,0.9351733697157494,0.1986915229293879,0.2650692967671179,0.41707317073170724
pretrain,CERNET.gml,500,1,6,13,0.9339311647644993,0.17688466622755028,0.26504181357967754,0.385609756097561
pretrain,CERNET.gml,500,1,6,14,0.9315534393393244,0.18355245352767266,0.2650782151071059,0.40707317073170735
pretrain,CERNET.gml,500,1,6,15,0.9351673974823962,0.1924511541402171,0.265123446717428,0.4204878048780488
pretrain,CERNET.gml,500,1,6,16,0.9339582674654638,0.20150135002544275,0.26511061755782017,0.42195121951219516
pretrain,CERNET.gml,500,1,6,17,0.9339639489714325,0.19361779019985456,0.2650338916076812,0.4090243902439024
pretrain,CERNET.gml,500,1,6,18,0.93455347621516,0.19188413743105034,0.26512248910830283,0.41219512195121955
pretrain,CERNET.gml,500,1,6,19,0.9363244772645648,0.1898840701369865,0.2651966849834158,0.41292682926829266
pretrain,CERNET.gml,500,1,6,20,0.9345562379855629,0.1736826010232395,0.2653185360882256,0.3878048780487805
pretrain,CERNET.gml,500,1,6,21,0.9358142969040555,0.17718359648585644,0.26534948356551713,0.40609756097560973
pretrain,CERNET.gml,500,1,6,22,0.9339640823944897,0.18665336759755524,0.26547675568643014,0.41634146341463407
pretrain,CERNET.gml,500,1,6,23,0.9351576955792016,0.2000953525123316,0.2655235257870433,0.43048780487804883
pretrain,CERNET.gml,500,1,6,24,0.934566569703986,0.19892019027091454,0.26561965143018623,0.417560975609756
pretrain,CERNET.gml,500,1,6,25,0.9387191034854471,0.1981963735147207,0.2657766743024286,0.42195121951219516
pretrain,CERNET.gml,500,1,6,26,0.9327759154264436,0.19775576968088068,0.2659543998068148,0.41073170731707315
pretrain,CERNET.gml,500,1,6,27,0.9333748502967503,0.1837371031009629,0.2660153088827374,0.39999999999999997
pretrain,CERNET.gml,500,1,6,28,0.9345394636081301,0.20611342591328072,0.2659924795390398,0.43902439024390244
pretrain,CERNET.gml,500,1,6,29,0.9375319424925853,0.20814809749722815,0.26613972861611307,0.42975609756097555
pretrain,CERNET.gml,500,1,6,30,0.9369438969677054,0.16701169634216734,0.26629959667135933,0.3670731707317073
pretrain,CERNET.gml,500,1,6,31,0.9357641378699354,0.17937796000698558,0.266421727809514,0.4141463414634147
pretrain,CERNET.gml,500,1,6,32,0.9321704390125168,0.1768332869044228,0.2665100789998033,0.40292682926829265
pretrain,CERNET.gml,500,1,6,33,0.9327723954840286,0.16940343155648588,0.26670824942730814,0.3934146341463414
pretrain,CERNET.gml,500,1,6,34,0.9363379876215716,0.2030143832450007,0.2668797590033557,0.45048780487804874
pretrain,CERNET.gml,500,1,6,35,0.9351605859355382,0.1947014999731581,0.26709972970964885,0.4121951219512195
pretrain,CERNET.gml,500,1,6,36,0.9315511382259558,0.16238086046862435,0.2673070944813334,0.3651219512195122
pretrain,CERNET.gml,500,1,6,37,0.937536574723801,0.19782208359693026,0.2673710795470938,0.4473170731707317
pretrain,CERNET.gml,500,1,6,38,0.9333677889067192,0.18890911768937077,0.2675522005505397,0.4085365853658536
pretrain,CERNET.gml,500,1,6,39,0.9381218315007498,0.19337494766382182,0.2678395282510931,0.42414634146341457
pretrain,CERNET.gml,500,1,6,40,0.9381214963172655,0.18041829651727323,0.26808738004564164,0.3985365853658537
pretrain,CERNET.gml,500,1,6,41,0.9351527103057707,0.15954822332293492,0.2683090051065927,0.37634146341463415
pretrain,CERNET.gml,500,1,6,42,0.9327737177514837,0.18691624070049498,0.26854223121622905,0.4314634146341464
pretrain,CERNET.gml,500,1,6,43,0.9352751345621029,0.18036354558706078,0.2688120590859,0.4046341463414634
pretrain,CERNET.gml,500,1,6,44,0.9321758876706974,0.197742013478738,0.2689417716407685,0.43
pretrain,CERNET.gml,500,1,6,45,0.9303923033799781,0.1814531999991676,0.26928998848371993,0.39292682926829264
pretrain,CERNET.gml,500,1,6,46,0.9333456533254815,0.16555273689149164,0.2695039138692968,0.39000000000000007
pretrain,CERNET.gml,500,1,6,47,0.9351531341505557,0.18735293396102304,0.26985770786556995,0.42951219512195127
pretrain,CERNET.gml,500,1,6,48,0.9339844818658254,0.1684660496999563,0.2701964475063555,0.38536585365853654
pretrain,CERNET.gml,500,1,6,49,0.9345398328220725,0.18148884835798515,0.2704192177147846,0.4214634146341464
pretrain,CERNET.gml,500,1,7,0,0.9399082119424955,0.19529334650497726,0.26637291994958495,0.8304878048780487
pretrain,CERNET.gml,500,1,7,1,0.9345672805637415,0.19985651777482594,0.2661822931581097,0.4151219512195122
pretrain,CERNET.gml,500,1,7,2,0.9345578573046702,0.18145080292378551,0.2660576797846107,0.3904878048780488
pretrain,CERNET.gml,500,1,7,3,0.9363447368947567,0.19508153502377037,0.26596644792942276,0.4224390243902439
pretrain,CERNET.gml,500,1,7,4,0.9327858995937255,0.1890953865265654,0.26589556616686844,0.4009756097560976
pretrain,CERNET.gml,500,1,7,5,0.9357419256617466,0.1825078547104976,0.2658322271009599,0.39878048780487807
pretrain,CERNET.gml,500,1,7,6,0.9339650844005367,0.19517004054246254,0.2656746288151966,0.4202439024390243
pretrain,CERNET.gml,500,1,7,7,0.9369381872897287,0.20930385080592642,0.265544727581234,0.43609756097560975
pretrain,CERNET.gml,500,1,7,8,0.9369353358636279,0.17514935028630885,0.26552250006499706,0.3746341463414634
pretrain,CERNET.gml,500,1,7,9,0.9363290446148663,0.16988027342484416,0.2654110083187853,0.3902439024390244
pretrain,CERNET.gml,500,1,7,10,0.9296793171025918,0.16724623113506532,0.2653507910698767,0.38731707317073166
pretrain,CERNET.gml,500,1,7,11,0.938118021819855,0.1762637094229981,0.2653011863924592,0.41048780487804876
pretrain,CERNET.gml,500,1,7,12,0.9357465225257048,0.2112664216306877,0.26525383726341767,0.44853658536585367
pretrain,CERNET.gml,500,1,7,13,0.9380983408120284,0.18212453418150715,0.26522252050110867,0.3860975609756097
pretrain,CERNET.gml,500,1,7,14,0.9393017181799315,0.18373090309564988,0.26520119639138795,0.4104878048780488
pretrain,CERNET.gml,500,1,7,15,0.9339786079384106,0.1579061273419674,0.26525903633791786,0.3675609756097561
pretrain,CERNET.gml,500,1,7,16,0.9327975466351464,0.20404394525175654,0.265215185455545,0.44975609756097557
pretrain,CERNET.gml,500,1,7,17,0.9304314141833385,0.18782805222760304,0.26521642842490356,0.3958536585365854
pretrain,CERNET.gml,500,1,7,18,0.9322105892450275,0.21044952195150843,0.2652009537626286,0.4397560975609756
pretrain,CERNET.gml,500,1,7,19,0.9351732269495507,0.19463700351787983,0.2651991800381711,0.4068292682926829
pretrain,CERNET.gml,500,1,7,20,0.9322284102937938,0.15445508451445641,0.26532199700433545,0.35634146341463413
pretrain,CERNET.gml,500,1,7,21,0.9309990541180262,0.19290357911345635,0.2654302165584928,0.43756097560975615
pretrain,CERNET.gml,500,1,7,22,0.9363324938430748,0.2160427516930005,0.2655034052464891,0.45195121951219513
pretrain,CERNET.gml,500,1,7,23,0.9351461532056767,0.19034892667640235,0.2656196871688571,0.3939024390243903
pretrain,CERNET.gml,500,1,7,24,0.9351518830697254,0.18865959651217834,0.2656763750141457,0.4068292682926829
pretrain,CERNET.gml,500,1,7,25,0.9339700746795478,0.19225470019566723,0.26576541693220435,0.4146341463414634
pretrain,CERNET.gml,500,1,7,26,0.932190662319409,0.19066880021087393,0.2658242696433432,0.41292682926829266
pretrain,CERNET.gml,500,1,7,27,0.9327986992709022,0.1905039225426025,0.26593018450996975,0.41292682926829266
pretrain,CERNET.gml,500,1,7,28,0.9393167246551549,0.20875734685926167,0.2659685599323702,0.4395121951219513
pretrain,CERNET.gml,500,1,7,29,0.9304068406771615,0.18977705535045752,0.2660062986842816,0.39560975609756094
pretrain,CERNET.gml,500,1,7,30,0.9339544071984324,0.19582286834209223,0.26613761501646127,0.4209756097560975
pretrain,CERNET.gml,500,1,7,31,0.9351549306516235,0.16280732979430493,0.2661737035272307,0.37170731707317073
pretrain,CERNET.gml,500,1,7,32,0.9327810681891688,0.18976732016904238,0.2662871742110673,0.42756097560975614
pretrain,CERNET.gml,500,1,7,33,0.9303978004031759,0.18958155918827016,0.2664231729893405,0.4141463414634147
pretrain,CERNET.gml,500,1,7,34,0.9375313507628743,0.18204066379148107,0.2666854302084598,0.40658536585365856
pretrain,CERNET.gml,500,1,7,35,0.9375219976403537,0.2012016232416732,0.2668756762621603,0.43341463414634146
pretrain,CERNET.gml,500,1,7,36,0.9327652096445853,0.1529055512306129,0.26697904974581205,0.35341463414634144
pretrain,CERNET.gml,500,1,7,37,0.9357396762528398,0.18218733897427375,0.26724109245528854,0.42756097560975614
pretrain,CERNET.gml,500,1,7,38,0.9351498518266863,0.184004470129893,0.2673097612042974,0.4139024390243902
pretrain,CERNET.gml,500,1,7,39,0.9381234487078844,0.18232017114884386,0.2675086081451249,0.4063414634146342
pretrain,CERNET.gml,500,1,7,40,0.9392949321205446,0.20830083750070763,0.2676829787313838,0.454390243902439
pretrain,CERNET.gml,500,1,7,41,0.9351457610739787,0.17198887891963208,0.26794913656325586,0.37585365853658537
pretrain,CERNET.gml,500,1,7,42,0.935683389123155,0.19877886670249373,0.2681612375434347,0.43902439024390244
pretrain,CERNET.gml,500,1,7,43,0.9315839842876366,0.19561214951742603,0.2683443724489818,0.41292682926829266
pretrain,CERNET.gml,500,1,7,44,0.9369410815425944,0.19237398469726216,0.26853713826245784,0.4202439024390244
pretrain,CERNET.gml,500,1,7,45,0.9363373115501492,0.16307807926611553,0.26880848426911236,0.37121951219512195
pretrain,CERNET.gml,500,1,7,46,0.9339573125488246,0.16674198693832246,0.26895189124743346,0.4017073170731707
pretrain,CERNET.gml,500,1,7,47,0.93392672417915,0.1894481138620317,0.26913551990873824,0.4331707317073171
pretrain,CERNET.gml,500,1,7,48,0.9327744972186374,0.1728491454970387,0.26947676408406995,0.39292682926829264
pretrain,CERNET.gml,500,1,7,49,0.9345566970338095,0.1584922816647264,0.2697361696459521,0.3780487804878049
pretrain,CERNET.gml,500,1,8,0,0.9345737125641801,0.21659090695056935,0.26729286114448103,0.8580487804878051
pretrain,CERNET.gml,500,1,8,1,0.9339634715666032,0.19298750407561396,0.26720897951611955,0.39512195121951216
pretrain,CERNET.gml,500,1,8,2,0.9363338018535031,0.2156249634293013,0.2671096679764536,0.43902439024390244
pretrain,CERNET.gml,500,1,8,3,0.9315837507109161,0.1635552882420421,0.266913287210818,0.3541463414634146
pretrain,CERNET.gml,500,1,8,4,0.9387156088876734,0.19230009176687027,0.26687782599988347,0.4331707317073171
pretrain,CERNET.gml,500,1,8,5,0.9351315737043474,0.180545171031385,0.26681302188728057,0.3917073170731708
pretrain,CERNET.gml,500,1,8,6,0.9357193157269971,0.20773091107217884,0.2667232416261773,0.44268292682926824
pretrain,CERNET.gml,500,1,8,7,0.9321994123153561,0.17869441749612042,0.26677689921572134,0.3775609756097561
pretrain,CERNET.gml,500,1,8,8,0.9357423146018503,0.1814735069034502,0.2666560169200435,0.4080487804878049
pretrain,CERNET.gml,500,1,8,9,0.936353203486655,0.18820710430122228,0.26668266322764594,0.4136585365853659
pretrain,CERNET.gml,500,1,8,10,0.9316345237977308,0.2013245618404616,0.2666151002935728,0.4258536585365854
pretrain,CERNET.gml,500,1,8,11,0.9371120510146916,0.1872572685288756,0.26662486894249,0.40097560975609753
pretrain,CERNET.gml,500,1,8,12,0.9380584762580244,0.18021342625986891,0.26657270400310523,0.39975609756097563
pretrain,CERNET.gml,500,1,8,13,0.9334285110203883,0.18521373536071722,0.26655280834221345,0.40707317073170723
pretrain,CERNET.gml,500,1,8,14,0.9345576118020532,0.18841190851742043,0.2664926080390823,0.40780487804878046
pretrain,CERNET.gml,500,1,8,15,0.9375281134411902,0.2184517607761326,0.2663740263907369,0.4573170731707318
pretrain,CERNET.gml,500,1,8,16,0.9303375376700875,0.16303088509453045,0.2664159862292423,0.3507317073170732
pretrain,CERNET.gml,500,1,8,17,0.9333301271411021,0.17908120700239982,0.2664121927217421,0.4158536585365854
pretrain,CERNET.gml,500,1,8,18,0.9309954874103497,0.19630630857474168,0.26648031964268004,0.4217073170731707
pretrain,CERNET.gml,500,1,8,19,0.9327795520683397,0.18361879134111642,0.2664971895988219,0.40097560975609753
pretrain,CERNET.gml,500,1,8,20,0.9333565583432386,0.19880620264845067,0.2665790654674796,0.4231707317073171
pretrain,CERNET.gml,500,1,8,21,0.935150309356667,0.19027825801200254,0.26653134419484,0.4102439024390244
pretrain,CERNET.gml,500,1,8,22,0.9345492950691583,0.20398475523546514,0.2667122584348657,0.4282926829268293
pretrain,CERNET.gml,500,1,8,23,0.9315983552363098,0.16932916177777227,0.266739872808965,0.37243902439024384
pretrain,CERNET.gml,500,1,8,24,0.9387058554071684,0.19020076617610984,0.26682204940895166,0.4317073170731707
pretrain,CERNET.gml,500,1,8,25,0.9369267777142729,0.19581740333510875,0.2669506099544341,0.4217073170731707
pretrain,CERNET.gml,500,1,8,26,0.9333904989092323,0.19924660072500158,0.2670807039494446,0.4209756097560976
pretrain,CERNET.gml,500,1,8,27,0.932182739644785,0.17608019905668928,0.2672920930961847,0.3851219512195122
pretrain,CERNET.gml,500,1,8,28,0.9321867330807125,0.19701709401781864,0.26746551118341366,0.43268292682926823
pretrain,CERNET.gml,500,1,8,29,0.9345381865375589,0.1942466354828409,0.2676575401577036,0.4151219512195123
pretrain,CERNET.gml,500,1,8,30,0.9345438890219913,0.17735197416142703,0.2678373113472288,0.3921951219512196
pretrain,CERNET.gml,500,1,8,31,0.9357630659869336,0.18292815676485313,0.2679675288021584,0.4151219512195122
pretrain,CERNET.gml,500,1,8,32,0.932779372667659,0.18463758874915456,0.2682310950998605,0.41219512195121955
pretrain,CERNET.gml,500,1,8,33,0.9375085939041115,0.2314172781936899,0.26851207270391625,0.4773170731707317
pretrain,CERNET.gml,500,1,8,34,0.9298051980845072,0.15805485246122872,0.26867954198092714,0.32951219512195123
pretrain,CERNET.gml,500,1,8,35,0.9363434514081042,0.1929907648791196,0.26864702002377633,0.4495121951219513
pretrain,CERNET.gml,500,1,8,36,0.9328421222337365,0.19509125303582767,0.26893045270952254,0.41487804878048784
pretrain,CERNET.gml,500,1,8,37,0.9357572070129827,0.17791344576229037,0.26912986269585104,0.3897560975609756
pretrain,CERNET.gml,500,1,8,38,0.9351725378998537,0.1849694609361135,0.26925152326957225,0.41975609756097554
pretrain,CERNET.gml,500,1,8,39,0.9363355442991385,0.1799256038170622,0.2695012646163437,0.40487804878048783
pretrain,CERNET.gml,500,1,8,40,0.9333750594914362,0.18679813179556432,0.26970763527681496,0.4153658536585366
pretrain,CERNET.gml,500,1,8,41,0.9309898430565714,0.14669846289637853,0.26987133193232854,0.35341463414634144
pretrain,CERNET.gml,500,1,8,42,0.9309837703276652,0.17418940529372348,0.2701765900701992,0.42707317073170736
pretrain,CERNET.gml,500,1,8,43,0.9303845977209906,0.15692642561704775,0.27046897658387115,0.37146341463414634
pretrain,CERNET.gml,500,1,8,44,0.9339622599216949,0.16785637376058385,0.2705879735280265,0.4063414634146342
pretrain,CERNET.gml,500,1,8,45,0.9381061775202564,0.19255368928433253,0.270921918915363,0.43707317073170726
pretrain,CERNET.gml,500,1,8,46,0.9351423874666875,0.17928813256131165,0.2711885626720529,0.39975609756097563
pretrain,CERNET.gml,500,1,8,47,0.9333622848681337,0.1389994793496503,0.2714441829109334,0.34829268292682924
pretrain,CERNET.gml,500,1,8,48,0.9283476244445003,0.15714718491365526,0.2716399666442235,0.40292682926829265
pretrain,CERNET.gml,500,1,8,49,0.9357572436203434,0.16272036962563302,0.2717737995264613,0.40121951219512203
pretrain,CERNET.gml,500,1,9,0,0.9310161485626218,0.1663843154924515,0.2673983751024028,0.7839024390243903
pretrain,CERNET.gml,500,1,9,1,0.9321391389024122,0.19296198014821037,0.26724303486268325,0.42829268292682926
pretrain,CERNET.gml,500,1,9,2,0.9362567341834585,0.169634889553207,0.2671608151980292,0.3797560975609756
pretrain,CERNET.gml,500,1,9,3,0.9375440745398149,0.20491073657487058,0.26706625892032504,0.44268292682926835
pretrain,CERNET.gml,500,1,9,4,0.9381204742270061,0.19020012970289457,0.26698863770250597,0.40341463414634143
pretrain,CERNET.gml,500,1,9,5,0.9369155799034036,0.19058022750492076,0.2669314862084831,0.40975609756097564
pretrain,CERNET.gml,500,1,9,6,0.9357495479095219,0.20010627858468294,0.2668079712087343,0.42390243902439023
pretrain,CERNET.gml,500,1,9,7,0.9346823658991008,0.18562871561461403,0.26677618648101004,0.3958536585365854
pretrain,CERNET.gml,500,1,9,8,0.9363381683033518,0.19356231083703315,0.2667270384808024,0.42
pretrain,CERNET.gml,500,1,9,9,0.9339625198936764,0.20599166141873174,0.26674120959314795,0.4287804878048781
pretrain,CERNET.gml,500,1,9,10,0.9392977731718245,0.18726895258176715,0.26673316321869894,0.3990243902439024
pretrain,CERNET.gml,500,1,9,11,0.9321843915826596,0.17307423999133387,0.2667041992930187,0.38341463414634147
pretrain,CERNET.gml,500,1,9,12,0.9369745320144013,0.21766702665353513,0.26662548632638583,0.45999999999999996
pretrain,CERNET.gml,500,1,9,13,0.9321789134511417,0.1622170342127784,0.26649756692789217,0.3514634146341463
pretrain,CERNET.gml,500,1,9,14,0.9315836961468424,0.15864389310899202,0.2664903517736463,0.385609756097561
pretrain,CERNET.gml,500,1,9,15,0.9387305713691231,0.19587090102036359,0.2664334813564599,0.44317073170731713
pretrain,CERNET.gml,500,1,9,16,0.935724788808907,0.1823044333062294,0.2664507617340143,0.39634146341463417
pretrain,CERNET.gml,500,1,9,17,0.9434624397645701,0.21317331457767716,0.266486353647642,0.45195121951219513
pretrain,CERNET.gml,500,1,9,18,0.9357359457015204,0.2048619635639471,0.2664147656680601,0.4126829268292683
pretrain,CERNET.gml,500,1,9,19,0.9381158559401748,0.17812132740758208,0.26643046317966834,0.3875609756097561
pretrain,CERNET.gml,500,1,9,20,0.9321946661850614,0.19295715211979206,0.26650396239183594,0.423170731707317
pretrain,CERNET.gml,500,1,9,21,0.9316074525425422,0.1683977924896367,0.2665976821121447,0.37756097560975604
pretrain,CERNET.gml,500,1,9,22,0.9339680355921587,0.17695719141478447,0.266617186947405,0.40853658536585363
pretrain,CERNET.gml,500,1,9,23,0.933370167513838,0.19339640503416716,0.2666750014301502,0.4236585365853658
pretrain,CERNET.gml,500,1,9,24,0.9363433941910417,0.19395619884762455,0.2667486436069115,0.41853658536585364
pretrain,CERNET.gml,500,1,9,25,0.9333698566835975,0.197129930518847,0.26683098131263133,0.41707317073170724
pretrain,CERNET.gml,500,1,9,26,0.93333996934473,0.18106376293204607,0.26696142870686684,0.3924390243902439
pretrain,CERNET.gml,500,1,9,27,0.9351490445076728,0.1772640990818207,0.26700274037167915,0.40268292682926826
pretrain,CERNET.gml,500,1,9,28,0.9351519982242207,0.20677553903203316,0.2671068944819867,0.44341463414634147
pretrain,CERNET.gml,500,1,9,29,0.9351530988587611,0.1756548547688293,0.2671485764541988,0.38
pretrain,CERNET.gml,500,1,9,30,0.9333615408339969,0.19621770103986305,0.2672505766693118,0.4309756097560976
pretrain,CERNET.gml,500,1,9,31,0.9327728296663983,0.18082339494608518,0.2673034984177507,0.39853658536585373
pretrain,CERNET.gml,500,1,9,32,0.9357461493747313,0.18681242623655545,0.26757846755698517,0.41634146341463407
pretrain,CERNET.gml,500,1,9,33,0.9393093897787356,0.20234660289503265,0.26773798942077365,0.4343902439024391
pretrain,CERNET.gml,500,1,9,34,0.9333268144753782,0.17566592726347094,0.267938973672014,0.37853658536585366
pretrain,CERNET.gml,500,1,9,35,0.9357524766503591,0.19589330963525337,0.2679208995771763,0.43585365853658536
pretrain,CERNET.gml,500,1,9,36,0.9315633635057733,0.1960086632785139,0.26808849026717846,0.4136585365853659
pretrain,CERNET.gml,500,1,9,37,0.9369589595179596,0.17973697552114787,0.2681718415099062,0.3953658536585366
pretrain,CERNET.gml,500,1,9,38,0.9309733488496109,0.18449177375549447,0.2683052265508501,0.40853658536585363
pretrain,CERNET.gml,500,1,9,39,0.9357431816687257,0.18514929812480252,0.2683539065879355,0.41292682926829266
pretrain,CERNET.gml,500,1,9,40,0.932774998099799,0.1618844236133975,0.2685392860695967,0.37878048780487805
pretrain,CERNET.gml,500,1,9,41,0.9381440939240088,0.17467954992079732,0.26877654273727125,0.41682926829268285
pretrain,CERNET.gml,500,1,9,42,0.93277262815549,0.17835770644521798,0.2690344715243156,0.41
pretrain,CERNET.gml,500,1,9,43,0.9375205754327577,0.198034405828701,0.2693226974544953,0.43707317073170726
pretrain,CERNET.gml,500,1,9,44,0.9357531924461835,0.20274374736770254,0.26964571320454983,0.42707317073170736
pretrain,CERNET.gml,500,1,9,45,0.9357486634264808,0.16905721059071613,0.26995199114589347,0.3748780487804878
pretrain,CERNET.gml,500,1,9,46,0.932678394859958,0.18873779896513357,0.2701986219255157,0.4258536585365853
pretrain,CERNET.gml,500,1,9,47,0.9351311322608233,0.17705447399113128,0.2703455554828479,0.4017073170731707
pretrain,CERNET.gml,500,1,9,48,0.9351502835372738,0.20386341729831886,0.2706672884324619,0.44341463414634147
pretrain,CERNET.gml,500,1,9,49,0.9357437882556712,0.17909073480468202,0.27088556244133766,0.3931707317073171
pretrain,CERNET.gml,500,1,10,0,0.9309876012673959,0.1705220516915545,0.2678045689694466,0.7909756097560976
pretrain,CERNET.gml,500,1,10,1,0.9363528476813068,0.2122884345923227,0.2676716148441518,0.4534146341463415
pretrain,CERNET.gml,500,1,10,2,0.9381190196146871,0.20128271192877817,0.26758584486728015,0.4114634146341464
pretrain,CERNET.gml,500,1,10,3,0.9327758049707556,0.1577104406892416,0.26745085175838046,0.35463414634146345
pretrain,CERNET.gml,500,1,10,4,0.9367338905307803,0.18289519047118766,0.267353222457325,0.42341463414634134
pretrain,CERNET.gml,500,1,10,5,0.9304091869233913,0.19510121493587315,0.2673258539206102,0.41560975609756096
pretrain,CERNET.gml,500,1,10,6,0.9363295488436075,0.19841159034030917,0.2672690774033042,0.4195121951219512
pretrain,CERNET.gml,500,1,10,7,0.9381196428230233,0.21260063613515115,0.2672235208628253,0.4343902439024391
pretrain,CERNET.gml,500,1,10,8,0.9357467030819174,0.2167863559637516,0.2671071707328716,0.43414634146341463
pretrain,CERNET.gml,500,1,10,9,0.9369601340690552,0.20342479735347943,0.26706636327943506,0.4073170731707317
pretrain,CERNET.gml,500,1,10,10,0.9398992583579251,0.1873850598857851,0.26696113832806595,0.3982926829268293
pretrain,CERNET.gml,500,1,10,11,0.9375292474177956,0.19167121594291542,0.2668904317076948,0.41560975609756096
pretrain,CERNET.gml,500,1,10,12,0.9345698623507809,0.18842525887238262,0.26690276913537037,0.4068292682926829
pretrain,CERNET.gml,500,1,10,13,0.9346684312655346,0.14791003041655915,0.2669575238897456,0.35170731707317077
pretrain,CERNET.gml,500,1,10,14,0.9375332273156678,0.23477723572444914,0.2669050345613434,0.5019512195121951
pretrain,CERNET.gml,500,1,10,15,0.9362971497182005,0.18458288278384238,0.2668854511557355,0.3719512195121951
pretrain,CERNET.gml,500,1,10,16,0.93809003968915,0.21010833416912802,0.26685740108932826,0.4414634146341464
pretrain,CERNET.gml,500,1,10,17,0.9333809778535568,0.21661713064620744,0.2668046667388239,0.43
pretrain,CERNET.gml,500,1,10,18,0.9333818641255529,0.1780953987010254,0.2666722247633766,0.3763414634146342
pretrain,CERNET.gml,500,1,10,19,0.9357387577554608,0.20556715875487308,0.2667784888138455,0.44365853658536586
pretrain,CERNET.gml,500,1,10,20,0.9321975437770329,0.18389733834128322,0.2668574910060777,0.38926829268292684
pretrain,CERNET.gml,500,1,10,21,0.9304329979900116,0.18021086415166337,0.26685341032201704,0.3995121951219513
pretrain,CERNET.gml,500,1,10,22,0.9351629258498575,0.19927514390131806,0.26678402953035757,0.435609756097561
pretrain,CERNET.gml,500,1,10,23,0.9363397571177702,0.18590322515500532,0.26693271044135525,0.4002439024390244
pretrain,CERNET.gml,500,1,10,24,0.932846084031441,0.15638246084343813,0.26704173533073217,0.3641463414634146
pretrain,CERNET.gml,500,1,10,25,0.9345583375604808,0.1759971124564243,0.2670420985021089,0.4146341463414634
pretrain,CERNET.gml,500,1,10,26,0.933955482722774,0.14835970810272153,0.26711565737758713,0.3648780487804878
pretrain,CERNET.gml,500,1,10,27,0.9315978589369286,0.190044213274597,0.267246324201287,0.4409756097560975
pretrain,CERNET.gml,500,1,10,28,0.9315908308285241,0.18623791871988263,0.2673542407498322,0.40268292682926826
pretrain,CERNET.gml,500,1,10,29,0.9333701188960942,0.1792971816612234,0.26737708537342225,0.4036585365853659
pretrain,CERNET.gml,500,1,10,30,0.9357498989559314,0.19869372889121087,0.26754685332056916,0.4295121951219512
pretrain,CERNET.gml,500,1,10,31,0.9333679654416813,0.17177985061263318,0.26759926076226087,0.38170731707317074
pretrain,CERNET.gml,500,1,10,32,0.9327829826154712,0.19125616203042112,0.26778322423713286,0.428780487804878
pretrain,CERNET.gml,500,1,10,33,0.932184368243214,0.20760733627453073,0.26795277462115286,0.4346341463414634
pretrain,CERNET.gml,500,1,10,34,0.9375304432128314,0.1871808878534648,0.26809296842230307,0.40073170731707314
pretrain,CERNET.gml,500,1,10,35,0.9339625556766562,0.17582337622462066,0.2682169188413377,0.39609756097560983
pretrain,CERNET.gml,500,1,10,36,0.934556828765504,0.18099855473588108,0.26843939481638013,0.41219512195121955
pretrain,CERNET.gml,500,1,10,37,0.9339663426795978,0.1827718369772144,0.2686467800731143,0.40975609756097564
pretrain,CERNET.gml,500,1,10,38,0.93574575501865,0.15547089876811926,0.2688857659448672,0.3695121951219512
pretrain,CERNET.gml,500,1,10,39,0.9339573213622645,0.17140486574679745,0.26883865278254754,0.4136585365853659
pretrain,CERNET.gml,500,1,10,40,0.9363462683286756,0.18115984840924104,0.2691016745330981,0.4173170731707318
pretrain,CERNET.gml,500,1,10,41,0.9321812926908412,0.17993713905638314,0.2693584875830961,0.4048780487804878
pretrain,CERNET.gml,500,1,10,42,0.9327596601169312,0.18342490136746747,0.26956866059657064,0.4151219512195122
pretrain,CERNET.gml,500,1,10,43,0.93337199666471,0.21354806761899747,0.2697862337445851,0.4470731707317074
pretrain,CERNET.gml,500,1,10,44,0.9381215220935213,0.1892982850341031,0.27002799263697924,0.40073170731707314
pretrain,CERNET.gml,500,1,10,45,0.9315861081246475,0.17368088338119206,0.2702522086459131,0.3924390243902439
pretrain,CERNET.gml,500,1,10,46,0.93395215199841,0.18157488577315417,0.2705355359848491,0.41560975609756107
pretrain,CERNET.gml,500,1,10,47,0.9333745087471514,0.17244626821791553,0.27087328919802595,0.38975609756097557
pretrain,CERNET.gml,500,1,10,48,0.9345643436276342,0.17775415846056405,0.27103643869429145,0.4146341463414634
pretrain,CERNET.gml,500,1,10,49,0.9327600280739845,0.181573736517047,0.27135242812112337,0.41414634146341456
pretrain,CERNET.gml,500,1,11,0,0.9338867464693386,0.2010832932453454,0.26812776562363433,0.8360975609756098
pretrain,CERNET.gml,500,1,11,1,0.9327694184245465,0.16514669520125544,0.26801894122476455,0.36390243902439023
pretrain,CERNET.gml,500,1,11,2,0.9351545025256068,0.1923464933063673,0.26787299328240827,0.4299999999999999
pretrain,CERNET.gml,500,1,11,3,0.9327887293084645,0.17147796540641058,0.2678306239465625,0.3807317073170731
pretrain,CERNET.gml,500,1,11,4,0.9369314041910323,0.1816508208381219,0.26773521634377356,0.41146341463414626
pretrain,CERNET.gml,500,1,11,5,0.9357351466600838,0.22549497329501572,0.2676347317253284,0.4617073170731707
pretrain,CERNET.gml,500,1,11,6,0.9333663460511948,0.199524194545419,0.26749512612152715,0.3985365853658537
pretrain,CERNET.gml,500,1,11,7,0.9375257651883389,0.19545399548594147,0.26748255772209845,0.41
pretrain,CERNET.gml,500,1,11,8,0.9351592064598386,0.18750093662514664,0.26739330958098234,0.40341463414634143
pretrain,CERNET.gml,500,1,11,9,0.9369318069453579,0.1815181497245605,0.2673786378425082,0.4017073170731707
pretrain,CERNET.gml,500,1,11,10,0.9392727277647546,0.1863115347789052,0.26736256621531684,0.4151219512195122
pretrain,CERNET.gml,500,1,11,11,0.9345480344589907,0.18574262207065628,0.2673983293149684,0.4048780487804878
pretrain,CERNET.gml,500,1,11,12,0.9351505969767461,0.18675724783408099,0.267356061214078,0.40926829268292686
pretrain,CERNET.gml,500,1,11,13,0.933372509199795,0.18341557641229136,0.2673623699403865,0.4019512195121952
pretrain,CERNET.gml,500,1,11,14,0.9345661482310104,0.18169480871329377,0.2673296337069676,0.4058536585365854
pretrain,CERNET.gml,500,1,11,15,0.934550834506748,0.19438235108033103,0.2673870281310227,0.4207317073170731
pretrain,CERNET.gml,500,1,11,16,0.933371106897864,0.15760952027548905,0.2673596529447296,0.36097560975609755
pretrain,CERNET.gml,500,1,11,17,0.9339468219394236,0.1889703831223958,0.2673823615615062,0.4321951219512195
pretrain,CERNET.gml,500,1,11,18,0.9363277698115009,0.17479231601785283,0.26749204353464034,0.39414634146341465
pretrain,CERNET.gml,500,1,11,19,0.9386978312730188,0.22277551640005927,0.2675221258894094,0.4695121951219512
pretrain,CERNET.gml,500,1,11,20,0.9357541581180929,0.17627281127094147,0.2675845701802516,0.3707317073170732
pretrain,CERNET.gml,500,1,11,21,0.941099811605124,0.2371950688268604,0.2677056183539725,0.49121951219512205
pretrain,CERNET.gml,500,1,11,22,0.9333527635242581,0.16721540400254833,0.26776209084160946,0.3434146341463415
pretrain,CERNET.gml,500,1,11,23,0.9344973865631578,0.20062649782836656,0.2677797323450598,0.4465853658536585
pretrain,CERNET.gml,500,1,11,24,0.9375381029514107,0.18551882255661822,0.2679743936921666,0.39999999999999997
pretrain,CERNET.gml,500,1,11,25,0.9333752581741511,0.1938188156744659,0.26810396728770947,0.4209756097560976
pretrain,CERNET.gml,500,1,11,26,0.9363186493699972,0.19200470304084008,0.2682498395370762,0.41365853658536594
pretrain,CERNET.gml,500,1,11,27,0.9387160124846928,0.20404545450420394,0.26838276200296346,0.43585365853658536
pretrain,CERNET.gml,500,1,11,28,0.935567194049998,0.19680728897528835,0.26854979250969363,0.41195121951219515
pretrain,CERNET.gml,500,1,11,29,0.9357595071571188,0.18443913271305498,0.2686464008924172,0.40146341463414636
pretrain,CERNET.gml,500,1,11,30,0.9339673406846675,0.1676851240016171,0.26884669977746567,0.386829268292683
pretrain,CERNET.gml,500,1,11,31,0.9339697893184036,0.18618640881592735,0.2690204483310457,0.4165853658536585
pretrain,CERNET.gml,500,1,11,32,0.9345578862513597,0.1910828704598033,0.26889767584257296,0.42268292682926834
pretrain,CERNET.gml,500,1,11,33,0.9357481443166571,0.18296755035224171,0.26921441279963404,0.4046341463414634
pretrain,CERNET.gml,500,1,11,34,0.9351581460710366,0.1592613854961293,0.2694693936524127,0.3758536585365854
pretrain,CERNET.gml,500,1,11,35,0.9345537274435463,0.16099534421064082,0.26972056940081907,0.3948780487804878
pretrain,CERNET.gml,500,1,11,36,0.9351351575707236,0.21493215756230244,0.26987834368809305,0.46682926829268295
pretrain,CERNET.gml,500,1,11,37,0.9333626215918676,0.14811414607508294,0.2699321998685713,0.3360975609756097
pretrain,CERNET.gml,500,1,11,38,0.933954698054628,0.1499994650360426,0.2701543327146115,0.3897560975609757
pretrain,CERNET.gml,500,1,11,39,0.936934403986263,0.1886767428132424,0.27026498702745516,0.443170731707317
pretrain,CERNET.gml,500,1,11,40,0.9327749197072617,0.17139917998302312,0.27051238115668325,0.3917073170731707
pretrain,CERNET.gml,500,1,11,41,0.9321784479552208,0.17458662201642697,0.2708376270661225,0.40292682926829276
pretrain,CERNET.gml,500,1,11,42,0.9369268027919715,0.19602502757240328,0.2709554027388953,0.44268292682926824
pretrain,CERNET.gml,500,1,11,43,0.9333700693845468,0.20273602844243077,0.2713670499188605,0.42634146341463414
pretrain,CERNET.gml,500,1,11,44,0.9369260122126951,0.2073172144758253,0.2716311490738099,0.4295121951219512
pretrain,CERNET.gml,500,1,11,45,0.9315903967481415,0.16763756963003992,0.2717927622311358,0.3641463414634147
pretrain,CERNET.gml,500,1,11,46,0.9357494332583371,0.17658540166186382,0.2718886869600998,0.41780487804878047
pretrain,CERNET.gml,500,1,11,47,0.9309925504038945,0.1574134839108819,0.27228444662667173,0.3729268292682927
pretrain,CERNET.gml,500,1,11,48,0.9334334099829891,0.17888789333395508,0.27260610126728924,0.42926829268292677
pretrain,CERNET.gml,500,1,11,49,0.9339689536213347,0.18784885575127058,0.2730734059111358,0.4146341463414634
pretrain,CERNET.gml,500,1,12,0,0.9315912544980403,0.2014626017821227,0.2664796791588696,0.8356097560975609
pretrain,CERNET.gml,500,1,12,1,0.9380350813197013,0.219626488097965,0.2663485212328015,0.4414634146341463
pretrain,CERNET.gml,500,1,12,2,0.9369496541808675,0.20816461731085845,0.2662409730376747,0.4124390243902438
pretrain,CERNET.gml,500,1,12,3,0.9387175633954093,0.17013019635385926,0.2661329640307696,0.3702439024390244
pretrain,CERNET.gml,500,1,12,4,0.9351627432533934,0.19540008641436743,0.2660030220924314,0.43
pretrain,CERNET.gml,500,1,12,5,0.9375759548831201,0.1951794934347745,0.26592665143998817,0.4136585365853659
pretrain,CERNET.gml,500,1,12,6,0.935150924154734,0.16844633738994452,0.2658731314505886,0.37585365853658537
pretrain,CERNET.gml,500,1,12,7,0.9351977478359415,0.17658308609935744,0.26579652854282726,0.40609756097560973
pretrain,CERNET.gml,500,1,12,8,0.9333625371631368,0.2026817551185704,0.26576176467894097,0.4341463414634146
pretrain,CERNET.gml,500,1,12,9,0.9337267563873989,0.18366752631789296,0.26570193085928706,0.3939024390243903
pretrain,CERNET.gml,500,1,12,10,0.9333114615426846,0.1744630729344774,0.2656757398695121,0.3907317073170732
pretrain,CERNET.gml,500,1,12,11,0.935162175779412,0.16547650741839592,0.2656433005292445,0.38804878048780483
pretrain,CERNET.gml,500,1,12,12,0.9369428794756949,0.21186518690862777,0.26566122852781393,0.45682926829268294
pretrain,CERNET.gml,500,1,12,13,0.9380922836120007,0.20263690490852596,0.26566141315784353,0.41487804878048784
pretrain,CERNET.gml,500,1,12,14,0.9327727071949845,0.17091575226821745,0.26565361553417166,0.3729268292682927
pretrain,CERNET.gml,500,1,12,15,0.9357022690898679,0.18372155065161563,0.265647874303791,0.41609756097560974
pretrain,CERNET.gml,500,1,12,16,0.9327611828176958,0.17702520463730842,0.26568335746131183,0.39634146341463417
pretrain,CERNET.gml,500,1,12,17,0.9387070024094426,0.20545788500696738,0.26579116685530146,0.44390243902439025
pretrain,CERNET.gml,500,1,12,18,0.9363435098650958,0.22480301488111218,0.26577388583647266,0.4475609756097561
pretrain,CERNET.gml,500,1,12,19,0.9339908846882506,0.17891863437017724,0.2658627443777883,0.37170731707317073
pretrain,CERNET.gml,500,1,12,20,0.932179954908341,0.19551122626115666,0.26593805613138294,0.42268292682926834
pretrain,CERNET.gml,500,1,12,21,0.9381182467240327,0.18766079910920044,0.2660204203720006,0.4065853658536585
pretrain,CERNET.gml,500,1,12,22,0.9351425729828503,0.17718320519409572,0.2660134820057204,0.3963414634146342
pretrain,CERNET.gml,500,1,12,23,0.9369228190992145,0.1857913942047053,0.2661788308165089,0.4139024390243902
pretrain,CERNET.gml,500,1,12,24,0.9381395720185186,0.2300757160517858,0.2663325174583901,0.4736585365853659
pretrain,CERNET.gml,500,1,12,25,0.9375423432544778,0.21209293760564485,0.26641188312088426,0.41292682926829266
pretrain,CERNET.gml,500,1,12,26,0.9339729393603541,0.20138764971866785,0.2664382645256829,0.4151219512195123
pretrain,CERNET.gml,500,1,12,27,0.9380798617363191,0.2282740101298369,0.26661880571916935,0.45682926829268294
pretrain,CERNET.gml,500,1,12,28,0.9351568760029532,0.19836062541310023,0.2666341441456812,0.398780487804878
pretrain,CERNET.gml,500,1,12,29,0.9369362913629621,0.1713893290976108,0.2667966354413231,0.38243902439024385
pretrain,CERNET.gml,500,1,12,30,0.9298066982365114,0.1441365375564807,0.26688649536769393,0.35634146341463413
pretrain,CERNET.gml,500,1,12,31,0.9399089042024761,0.23393214591207134,0.26696778232246143,0.5124390243902438
pretrain,CERNET.gml,500,1,12,32,0.9351470249855868,0.17099822967980877,0.2670986583647199,0.3546341463414634
pretrain,CERNET.gml,500,1,12,33,0.9345574629316152,0.19417197225724445,0.26724244761785315,0.4314634146341464
pretrain,CERNET.gml,500,1,12,34,0.9327860800681685,0.18367245321955755,0.2674286983141551,0.39975609756097563
pretrain,CERNET.gml,500,1,12,35,0.9357402983784677,0.2012043996077847,0.2675564122216904,0.4363414634146341
pretrain,CERNET.gml,500,1,12,36,0.9363430984166764,0.20293493556876996,0.26782934466850455,0.4268292682926829
pretrain,CERNET.gml,500,1,12,37,0.9327771119076196,0.1640149023219126,0.26805250260027524,0.3651219512195122
pretrain,CERNET.gml,500,1,12,38,0.9333855548795789,0.1494473921006722,0.26807727118178576,0.3729268292682927
pretrain,CERNET.gml,500,1,12,39,0.9380890107420825,0.2000190700966187,0.26837452627592073,0.4614634146341463
pretrain,CERNET.gml,500,1,12,40,0.9315808038758104,0.19140800876891978,0.2685762634125965,0.4004878048780488
pretrain,CERNET.gml,500,1,12,41,0.9339598925769802,0.17317818454025571,0.268610138398106,0.39463414634146343
pretrain,CERNET.gml,500,1,12,42,0.9387081067523998,0.2148998751005841,0.2688489124909187,0.4600000000000001
pretrain,CERNET.gml,500,1,12,43,0.9333659331497332,0.15659759336436196,0.2689981125099405,0.3487804878048781
pretrain,CERNET.gml,500,1,12,44,0.9364604001349172,0.19857809656131695,0.26922855007006125,0.45195121951219513
pretrain,CERNET.gml,500,1,12,45,0.9303921859621803,0.18062711173042972,0.26951523377775444,0.38878048780487806
pretrain,CERNET.gml,500,1,12,46,0.938124642633471,0.1849245295512642,0.2695430837925233,0.42048780487804877
pretrain,CERNET.gml,500,1,12,47,0.9369380135710033,0.19633462637666252,0.26988612012487817,0.42756097560975603
pretrain,CERNET.gml,500,1,12,48,0.9315333793877476,0.15403232078491805,0.2701926616955661,0.35975609756097565
pretrain,CERNET.gml,500,1,12,49,0.9303966482370638,0.1680188912054852,0.2704686024587821,0.4048780487804878
pretrain,CERNET.gml,500,1,13,0,0.932185623636524,0.18370484902785306,0.2685143032317983,0.8107317073170732
pretrain,CERNET.gml,500,1,13,1,0.9363396536231486,0.17324681279103935,0.268384320859725,0.3875609756097561
pretrain,CERNET.gml,500,1,13,2,0.936326654660491,0.17570829747078565,0.26817502393373915,0.40195121951219515
pretrain,CERNET.gml,500,1,13,3,0.9351512092569239,0.1654851751141396,0.26803168655672677,0.3848780487804878
pretrain,CERNET.gml,500,1,13,4,0.9339775607637891,0.20209747845111567,0.2679473324248065,0.4407317073170732
pretrain,CERNET.gml,500,1,13,5,0.9381223949239312,0.1810103392782714,0.26780274480325916,0.3904878048780488
pretrain,CERNET.gml,500,1,13,6,0.9381305814854651,0.22014304171583965,0.26773684615295334,0.45780487804878045
pretrain,CERNET.gml,500,1,13,7,0.9369351534973298,0.19940709417118718,0.26764719147807736,0.4026829268292683
pretrain,CERNET.gml,500,1,13,8,0.9375307570716599,0.18001060775627642,0.26757425762015596,0.3902439024390244
pretrain,CERNET.gml,500,1,13,9,0.9357502070000235,0.21926511339879332,0.2674882861911319,0.45926829268292685
pretrain,CERNET.gml,500,1,13,10,0.9357626760547405,0.19580194156804046,0.26752766384388094,0.39634146341463417
pretrain,CERNET.gml,500,1,13,11,0.9357485589252372,0.16059664108343125,0.2674655260704362,0.366829268292683
pretrain,CERNET.gml,500,1,13,12,0.9387374570621735,0.18931747327446377,0.2675032667763497,0.4309756097560975
pretrain,CERNET.gml,500,1,13,13,0.9350938787579166,0.1507673834660913,0.26747527455390335,0.35439024390243906
pretrain,CERNET.gml,500,1,13,14,0.9315804797764083,0.16568639810902294,0.26746034639064725,0.4026829268292683
pretrain,CERNET.gml,500,1,13,15,0.9363317740222847,0.17273630568387074,0.26747080660185524,0.40146341463414625
pretrain,CERNET.gml,500,1,13,16,0.9375607309506738,0.2109216323293516,0.26747486343369037,0.45170731707317074
pretrain,CERNET.gml,500,1,13,17,0.9357455114112601,0.20857647493793816,0.2674358435400037,0.4224390243902439
pretrain,CERNET.gml,500,1,13,18,0.9345963108447438,0.16950607019158145,0.2674298469466737,0.3702439024390244
pretrain,CERNET.gml,500,1,13,19,0.9358186670071973,0.1843959688870088,0.2674616777696859,0.42121951219512205
pretrain,CERNET.gml,500,1,13,20,0.9333811390716272,0.18892401261028058,0.26757208088670376,0.4114634146341464
pretrain,CERNET.gml,500,1,13,21,0.9333907292803508,0.17782810882097289,0.26766357655385054,0.39439024390243904
pretrain,CERNET.gml,500,1,13,22,0.9345676081220357,0.18958609975704566,0.2676838073465764,0.42195121951219516
pretrain,CERNET.gml,500,1,13,23,0.9381263607606188,0.17340110170743253,0.26782435524049675,0.3912195121951219
pretrain,CERNET.gml,500,1,13,24,0.9369317430918166,0.18457203458857618,0.267905461490414,0.416829268292683
pretrain,CERNET.gml,500,1,13,25,0.9375269594675909,0.1743677393617738,0.26800442666056956,0.394390243902439
pretrain,CERNET.gml,500,1,13,26,0.9387239435282567,0.21901331182689013,0.26807394969652976,0.46756097560975607
pretrain,CERNET.gml,500,1,13,27,0.9339679998167641,0.19794656514462586,0.26818273680128474,0.4036585365853659
pretrain,CERNET.gml,500,1,13,28,0.935153531724655,0.1708881158414547,0.2683504692225556,0.3775609756097561
pretrain,CERNET.gml,500,1,13,29,0.9327774168859935,0.18361131700085553,0.2683416618172746,0.4180487804878049
pretrain,CERNET.gml,500,1,13,30,0.9363250494635768,0.20770944200462654,0.2685704756226523,0.44463414634146337
pretrain,CERNET.gml,500,1,13,31,0.9339657932666025,0.1545147596652577,0.26869758175249925,0.3480487804878049
pretrain,CERNET.gml,500,1,13,32,0.9363371919356411,0.17170548247212025,0.26881591183092796,0.4153658536585366
pretrain,CERNET.gml,500,1,13,33,0.9339685802447356,0.18465500329781773,0.2690280901182292,0.41829268292682925
pretrain,CERNET.gml,500,1,13,34,0.9375285948812474,0.21432449124818678,0.26926745151454523,0.4534146341463415
pretrain,CERNET.gml,500,1,13,35,0.936937388138473,0.1985721500032509,0.26939583561092295,0.41195121951219515
pretrain,CERNET.gml,500,1,13,36,0.934550490098368,0.18937673635404573,0.2695799163771701,0.39829268292682923
pretrain,CERNET.gml,500,1,13,37,0.9327826930897863,0.18904912155548245,0.26961255503424386,0.4153658536585366
pretrain,CERNET.gml,500,1,13,38,0.9321778928383135,0.17701568713127966,0.26980336153197754,0.397560975609756
pretrain,CERNET.gml,500,1,13,39,0.933962917790213,0.17725471117987668,0.2699760124836426,0.4039024390243903
pretrain,CERNET.gml,500,1,13,40,0.9363452735774463,0.18762407522329047,0.2700845951412747,0.4236585365853659
pretrain,CERNET.gml,500,1,13,41,0.9345469507307345,0.1685357756974221,0.2703677988566924,0.3873170731707317
pretrain,CERNET.gml,500,1,13,42,0.9339662971635876,0.16002119466262682,0.27061044913289506,0.3836585365853659
pretrain,CERNET.gml,500,1,13,43,0.9328587609312167,0.17153084140525973,0.27079959816754773,0.4053658536585365
pretrain,CERNET.gml,500,1,13,44,0.9345607898343088,0.1835254466323926,0.2709894910027005,0.42487804878048774
pretrain,CERNET.gml,500,1,13,45,0.9351634911686306,0.20073524154001696,0.27140139058304175,0.43756097560975604
pretrain,CERNET.gml,500,1,13,46,0.9351483165941229,0.15930242058308128,0.27180387475654916,0.3587804878048781
pretrain,CERNET.gml,500,1,13,47,0.9351384678259917,0.1804662772079226,0.27192977674530944,0.4258536585365854
pretrain,CERNET.gml,500,1,13,48,0.9339659282337703,0.15742831463073612,0.27227967482786863,0.37853658536585366
pretrain,CERNET.gml,500,1,13,49,0.9314117315116952,0.1642484940953135,0.27263889150990195,0.39414634146341465
pretrain,CERNET.gml,500,1,14,0,0.931021255573707,0.18758395849590567,0.26552278636261306,0.8148780487804878
pretrain,CERNET.gml,500,1,14,1,0.9369439641419136,0.16596668328365713,0.26540500785669235,0.37878048780487805
pretrain,CERNET.gml,500,1,14,2,0.9393240008136209,0.23124822561717118,0.26529745633165436,0.4853658536585366
pretrain,CERNET.gml,500,1,14,3,0.935753793369854,0.19985617463460204,0.26525801529796417,0.39219512195121947
pretrain,CERNET.gml,500,1,14,4,0.9363494268326997,0.20067935016599192,0.26509547466044664,0.4190243902439024
pretrain,CERNET.gml,500,1,14,5,0.9399073135147665,0.19115617646022143,0.2651131619410587,0.4060975609756098
pretrain,CERNET.gml,500,1,14,6,0.93931027374077,0.20421195034029607,0.2649884506088134,0.4273170731707317
pretrain,CERNET.gml,500,1,14,7,0.9369437760283185,0.20012495469887362,0.2649201422747411,0.4158536585365854
pretrain,CERNET.gml,500,1,14,8,0.9351613321777542,0.1889398628585418,0.26496128134006447,0.4012195121951219
pretrain,CERNET.gml,500,1,14,9,0.9363015513887315,0.19159079838603055,0.264978674763602,0.4131707317073171
pretrain,CERNET.gml,500,1,14,10,0.9339573252268686,0.19645449618164876,0.2648867678374184,0.41829268292682925
pretrain,CERNET.gml,500,1,14,11,0.9351449493395725,0.19157170413148342,0.26493373717079166,0.40560975609756095
pretrain,CERNET.gml,500,1,14,12,0.9345682837110305,0.208037559559309,0.26484001309083927,0.43073170731707316
pretrain,CERNET.gml,500,1,14,13,0.9369303611869003,0.2080276495402781,0.2646824087757012,0.42609756097560975
pretrain,CERNET.gml,500,1,14,14,0.9393142676672956,0.18833518133542335,0.26474812613242465,0.39780487804878045
pretrain,CERNET.gml,500,1,14,15,0.9333656401225324,0.16900462566400157,0.2647290543925392,0.38
pretrain,CERNET.gml,500,1,14,16,0.9338866227789351,0.1975208936587801,0.2647015675546988,0.4351219512195122
pretrain,CERNET.gml,500,1,14,17,0.9363349882564523,0.21608191124850462,0.2647779663397476,0.44463414634146337
pretrain,CERNET.gml,500,1,14,18,0.9339632195407852,0.20167768759076504,0.2648334596331465,0.40439024390243905
pretrain,CERNET.gml,500,1,14,19,0.9363350234251937,0.19702537585426402,0.2648019989476522,0.4117073170731707
pretrain,CERNET.gml,500,1,14,20,0.9357452469132839,0.20799930726541135,0.2647832448088275,0.4343902439024391
pretrain,CERNET.gml,500,1,14,21,0.9369353122480784,0.17823685064793368,0.2647919190705355,0.3839024390243903
pretrain,CERNET.gml,500,1,14,22,0.9381209822743245,0.21034065053562456,0.264853178036676,0.4507317073170733
pretrain,CERNET.gml,500,1,14,23,0.9393158766942525,0.19271115281961995,0.2649722461100947,0.4026829268292683
pretrain,CERNET.gml,500,1,14,24,0.938124351186583,0.1922931481599784,0.2650324997741802,0.4139024390243902
pretrain,CERNET.gml,500,1,14,25,0.9363427005494557,0.20193102639362429,0.26514625613971937,0.42902439024390243
pretrain,CERNET.gml,500,1,14,26,0.933355541000305,0.16853189505771754,0.26528713480662824,0.37
pretrain,CERNET.gml,500,1,14,27,0.935165666514919,0.1929403250283356,0.2653310231297992,0.43536585365853653
pretrain,CERNET.gml,500,1,14,28,0.9357406132518971,0.19139168255965686,0.26548302498681436,0.412439024390244
pretrain,CERNET.gml,500,1,14,29,0.9363628859378218,0.17655331919636982,0.26552388568471375,0.39512195121951216
pretrain,CERNET.gml,500,1,14,30,0.9381246754179187,0.18977490129895447,0.2656511172171971,0.4226829268292682
pretrain,CERNET.gml,500,1,14,31,0.9339744982106768,0.16504290595204874,0.265685263558302,0.37756097560975604
pretrain,CERNET.gml,500,1,14,32,0.9339550128515177,0.201650831185322,0.26583805347088035,0.4439024390243903
pretrain,CERNET.gml,500,1,14,33,0.9381164611079035,0.17652618855214616,0.26581848167152616,0.38634146341463416
pretrain,CERNET.gml,500,1,14,34,0.9351525766248298,0.18072889401376457,0.265907084464648,0.414390243902439
pretrain,CERNET.gml,500,1,14,35,0.9342715079350185,0.18545034770771196,0.26614181505566886,0.4139024390243903
pretrain,CERNET.gml,500,1,14,36,0.9369394125254906,0.20355714438508382,0.2663717655614538,0.435609756097561
pretrain,CERNET.gml,500,1,14,37,0.9339913434266544,0.17386894320631605,0.2666033031205782,0.3821951219512196
pretrain,CERNET.gml,500,1,14,38,0.935754847875812,0.18695379573109136,0.26672691798950576,0.42195121951219505
pretrain,CERNET.gml,500,1,14,39,0.9345581170708734,0.19421013319972913,0.26699140757178297,0.42609756097560975
pretrain,CERNET.gml,500,1,14,40,0.937532273147349,0.17742086490154607,0.26722039115902946,0.3953658536585366
pretrain,CERNET.gml,500,1,14,41,0.9333658144710616,0.19901010633252886,0.2674573815703528,0.435609756097561
pretrain,CERNET.gml,500,1,14,42,0.9363243324557328,0.1814356467736339,0.26771087292997403,0.39780487804878045
pretrain,CERNET.gml,500,1,14,43,0.9315795599013661,0.16262947002197026,0.2679669941170679,0.3795121951219512
pretrain,CERNET.gml,500,1,14,44,0.9304111965192363,0.17438835420407614,0.26820254927307363,0.41121951219512204
pretrain,CERNET.gml,500,1,14,45,0.9294772496287048,0.15755460614598077,0.2685566376122902,0.37243902439024396
pretrain,CERNET.gml,500,1,14,46,0.9339582442713897,0.1776179526927501,0.26863301251345534,0.4265853658536586
pretrain,CERNET.gml,500,1,14,47,0.9387126882386528,0.19816831288104925,0.2689037162647501,0.438780487804878
pretrain,CERNET.gml,500,1,14,48,0.9327369436036251,0.17210121470565928,0.2691511041610379,0.38414634146341464
pretrain,CERNET.gml,500,1,14,49,0.9337943598892109,0.19459697639426846,0.26945005558347623,0.4309756097560976
pretrain,CERNET.gml,500,1,15,0,0.9349208071650844,0.20220467837071793,0.26708341403651087,0.836829268292683
pretrain,CERNET.gml,500,1,15,1,0.9375271091920819,0.18597891998272065,0.26692781669559906,0.3968292682926829
pretrain,CERNET.gml,500,1,15,2,0.9345184735626725,0.2117960479577139,0.2667801863179488,0.4424390243902439
pretrain,CERNET.gml,500,1,15,3,0.9321815350009983,0.1795767194380352,0.2667352528675528,0.376829268292683
pretrain,CERNET.gml,500,1,15,4,0.9363352280737596,0.20682528946484913,0.2666263330034857,0.4409756097560976
pretrain,CERNET.gml,500,1,15,5,0.9357584302832687,0.1958618602136739,0.2665176139579231,0.4060975609756098
pretrain,CERNET.gml,500,1,15,6,0.936755172468163,0.19233449139036127,0.26645669138449923,0.41
pretrain,CERNET.gml,500,1,15,7,0.9333663627583513,0.14720613335821997,0.2664679567534374,0.34463414634146344
pretrain,CERNET.gml,500,1,15,8,0.9381195763501035,0.18659109540861998,0.2663523944546998,0.43780487804878054
pretrain,CERNET.gml,500,1,15,9,0.9345623888297258,0.19338226829344482,0.2663211754013686,0.4168292682926829
pretrain,CERNET.gml,500,1,15,10,0.9357397824521316,0.21483086257794165,0.2663689497629727,0.4414634146341463
pretrain,CERNET.gml,500,1,15,11,0.9345346744328753,0.19035856551139715,0.2662710995632076,0.3934146341463414
pretrain,CERNET.gml,500,1,15,12,0.9369430727817772,0.2003074776574672,0.2662425948021945,0.4273170731707317
pretrain,CERNET.gml,500,1,15,13,0.9363375777733858,0.20771813302189618,0.26624703179031267,0.428780487804878
pretrain,CERNET.gml,500,1,15,14,0.9345879915219998,0.19671908676666894,0.26625478277352804,0.4065853658536585
pretrain,CERNET.gml,500,1,15,15,0.9357287108996095,0.16886899285266307,0.2663090741532625,0.3770731707317073
pretrain,CERNET.gml,500,1,15,16,0.9327849878593596,0.1803405725922527,0.26635039311842834,0.40926829268292675
pretrain,CERNET.gml,500,1,15,17,0.9369381743493972,0.2126328170944486,0.26629217784414716,0.45073170731707307
pretrain,CERNET.gml,500,1,15,18,0.9336951192362978,0.16731967431460548,0.2662572270773248,0.36268292682926834
pretrain,CERNET.gml,500,1,15,19,0.9339191253151872,0.1983590017800775,0.26631493383299865,0.44
pretrain,CERNET.gml,500,1,15,20,0.936356644708433,0.19278846022257576,0.2664475063018604,0.41195121951219504
pretrain,CERNET.gml,500,1,15,21,0.9345632235630863,0.1963987088577444,0.2665163483096389,0.414390243902439
pretrain,CERNET.gml,500,1,15,22,0.9345325233229969,0.2057246052488876,0.26655562446405956,0.4304878048780487
pretrain,CERNET.gml,500,1,15,23,0.9381061295459335,0.17567186730859108,0.2666856817716899,0.38170731707317074
pretrain,CERNET.gml,500,1,15,24,0.9339637481543063,0.1818975418858952,0.26680301574733256,0.4129268292682926
pretrain,CERNET.gml,500,1,15,25,0.9369617095855223,0.20081616973704866,0.2669568907135866,0.4368292682926829
pretrain,CERNET.gml,500,1,15,26,0.9357612966013682,0.1971780595781227,0.2670831359989178,0.4153658536585365
pretrain,CERNET.gml,500,1,15,27,0.9357667230201372,0.19862696364630958,0.267269476853105,0.42146341463414627
pretrain,CERNET.gml,500,1,15,28,0.9369472954163459,0.2048570398930032,0.267406827740018,0.4282926829268293
pretrain,CERNET.gml,500,1,15,29,0.9375322216790686,0.1806189756710659,0.26754971075778217,0.3902439024390244
pretrain,CERNET.gml,500,1,15,30,0.9351368547113768,0.1404076189467157,0.26769102384026294,0.34780487804878046
pretrain,CERNET.gml,500,1,15,31,0.937037634575883,0.18489615708339965,0.2676740584382984,0.4441463414634146
pretrain,CERNET.gml,500,1,15,32,0.9339486630427616,0.18300130360833552,0.26783575699902185,0.4039024390243901
pretrain,CERNET.gml,500,1,15,33,0.9369176676685464,0.1815762321179118,0.2679386659640671,0.4053658536585366
pretrain,CERNET.gml,500,1,15,34,0.9339951059814477,0.1762745244678714,0.2681277890338365,0.40000000000000013
pretrain,CERNET.gml,500,1,15,35,0.9357422906804963,0.2086380187320203,0.2681968783284328,0.45414634146341465
pretrain,CERNET.gml,500,1,15,36,0.9345691178777796,0.1575922499718177,0.2685200839427585,0.3502439024390244
pretrain,CERNET.gml,500,1,15,37,0.9363446670190579,0.1757837232567394,0.26865380098811226,0.42341463414634145
pretrain,CERNET.gml,500,1,15,38,0.9387164672282124,0.20152110229347364,0.2690211679390721,0.4429268292682927
pretrain,CERNET.gml,500,1,15,39,0.9316041175377147,0.1622975106962182,0.26932084218041064,0.36048780487804877
pretrain,CERNET.gml,500,1,15,40,0.938691876291537,0.18626427951751764,0.2694580574299373,0.43219512195121956
pretrain,CERNET.gml,500,1,15,41,0.9357611113912238,0.18735526410095077,0.2695909860350422,0.4175609756097562
pretrain,CERNET.gml,500,1,15,42,0.935173592265334,0.18209396910051007,0.26984491640099517,0.40414634146341466
pretrain,CERNET.gml,500,1,15,43,0.9375344655977096,0.20059055698717898,0.2700386573142892,0.43707317073170726
pretrain,CERNET.gml,500,1,15,44,0.9328156622725334,0.1826975758581697,0.2703673536178429,0.39414634146341465
pretrain,CERNET.gml,500,1,15,45,0.9299737503486131,0.17826322333717795,0.27063940443731666,0.40097560975609753
pretrain,CERNET.gml,500,1,15,46,0.9363341201019584,0.17280846442543715,0.2709226334993037,0.40341463414634143
pretrain,CERNET.gml,500,1,15,47,0.9356950195651831,0.16449873069675994,0.27109067648114,0.39146341463414636
pretrain,CERNET.gml,500,1,15,48,0.936900779810217,0.1845541771783266,0.27146348807944737,0.42243902439024383
pretrain,CERNET.gml,500,1,15,49,0.9363403845413699,0.17849275037361043,0.2716122868054247,0.40853658536585363
pretrain,CERNET.gml,500,1,16,0,0.9321862265268074,0.16519961451170137,0.2662635056038484,0.7839024390243903
pretrain,CERNET.gml,500,1,16,1,0.9375314330320782,0.17544551408283537,0.26615039350670444,0.40658536585365856
pretrain,CERNET.gml,500,1,16,2,0.9394805868975469,0.2011207419373682,0.26602573997056994,0.43634146341463415
pretrain,CERNET.gml,500,1,16,3,0.9357618185248514,0.17953146952935628,0.26591985168821786,0.38536585365853654
pretrain,CERNET.gml,500,1,16,4,0.9381253485411674,0.20427113402158,0.26580041984470515,0.43414634146341463
pretrain,CERNET.gml,500,1,16,5,0.9351532015710154,0.17649978879008846,0.2656622101160099,0.3804878048780488
pretrain,CERNET.gml,500,1,16,6,0.9345648337295576,0.20189246609192485,0.26561381972445514,0.43341463414634146
pretrain,CERNET.gml,500,1,16,7,0.9351597995166135,0.2125267686646836,0.2655601049841439,0.43487804878048775
pretrain,CERNET.gml,500,1,16,8,0.935722537347841,0.2054452017450011,0.26554747108290233,0.4139024390243902
pretrain,CERNET.gml,500,1,16,9,0.9363506822372039,0.20125539428367914,0.26541364076742874,0.4168292682926829
pretrain,CERNET.gml,500,1,16,10,0.9345574247531838,0.1793856784186807,0.26539620683963594,0.38512195121951215
pretrain,CERNET.gml,500,1,16,11,0.9351493545398389,0.19162945774529105,0.2653928854651128,0.4214634146341464
pretrain,CERNET.gml,500,1,16,12,0.9381321293390857,0.17489958881190737,0.26544889699734514,0.38902439024390245
pretrain,CERNET.gml,500,1,16,13,0.9345536368640421,0.20234060085110325,0.2654575039933301,0.43756097560975604
pretrain,CERNET.gml,500,1,16,14,0.9387155288415809,0.22933243953168714,0.26548156000789536,0.45634146341463416
pretrain,CERNET.gml,500,1,16,15,0.9379869272919774,0.1837015531750146,0.2655068101555075,0.37609756097560976
pretrain,CERNET.gml,500,1,16,16,0.9387266730165525,0.20414210505393998,0.26552478540458707,0.438780487804878
pretrain,CERNET.gml,500,1,16,17,0.9345641197223111,0.20204362218051758,0.26562957334240794,0.4178048780487805
pretrain,CERNET.gml,500,1,16,18,0.9373038275921896,0.2027411564388947,0.26568338148691245,0.4158536585365854
pretrain,CERNET.gml,500,1,16,19,0.934555877444053,0.21564541310553828,0.26568398186448794,0.4395121951219512
pretrain,CERNET.gml,500,1,16,20,0.9356553916900848,0.18287420878065333,0.2657901194001655,0.38512195121951215
pretrain,CERNET.gml,500,1,16,21,0.938714684540176,0.1981589148570467,0.265747132948113,0.4304878048780487
pretrain,CERNET.gml,500,1,16,22,0.9369440314355256,0.21731461362215443,0.2658516389887764,0.44512195121951226
pretrain,CERNET.gml,500,1,16,23,0.933386204017743,0.1772495864897516,0.26596969617442034,0.37365853658536585
pretrain,CERNET.gml,500,1,16,24,0.9381208928003509,0.21335291979173793,0.26606544218494915,0.4570731707317074
pretrain,CERNET.gml,500,1,16,25,0.9357754351230663,0.19346450431002374,0.2662543992500334,0.4019512195121952
pretrain,CERNET.gml,500,1,16,26,0.9345636968581571,0.17893599126936816,0.2664170924196002,0.39292682926829264
pretrain,CERNET.gml,500,1,16,27,0.9332633986185607,0.19144345792949918,0.2664814199702177,0.4224390243902439
pretrain,CERNET.gml,500,1,16,28,0.9369471025513146,0.19909267126309946,0.2666146545229337,0.4251219512195122
pretrain,CERNET.gml,500,1,16,29,0.9327796370556458,0.20496915778729377,0.2666726214004265,0.4246341463414634
pretrain,CERNET.gml,500,1,16,30,0.9351542408788397,0.18264435684355507,0.26679339123261797,0.39731707317073167
pretrain,CERNET.gml,500,1,16,31,0.9363508783821415,0.20179059421472134,0.26702144439864145,0.4329268292682927
pretrain,CERNET.gml,500,1,16,32,0.9333702961706715,0.1840976193657164,0.267168343582325,0.39658536585365856
pretrain,CERNET.gml,500,1,16,33,0.9351575909883496,0.16723607844338118,0.2674009812164204,0.3880487804878049
pretrain,CERNET.gml,500,1,16,34,0.9357533341415336,0.1859459318497714,0.2675782922702333,0.4260975609756098
pretrain,CERNET.gml,500,1,16,35,0.932771268310819,0.18629360493358835,0.2677620773402923,0.4053658536585365
pretrain,CERNET.gml,500,1,16,36,0.933374527431342,0.17636766636241688,0.2677950812837257,0.39780487804878056
pretrain,CERNET.gml,500,1,16,37,0.9351528343958924,0.21063984710595862,0.26808290005733004,0.4524390243902439
pretrain,CERNET.gml,500,1,16,38,0.9375337069163129,0.18485993747994992,0.2683125218808667,0.3953658536585366
pretrain,CERNET.gml,500,1,16,39,0.9381182402786528,0.22740113925093358,0.268537306791231,0.4707317073170731
pretrain,CERNET.gml,500,1,16,40,0.9357515356770973,0.17898704704044663,0.2686746184617119,0.37268292682926835
pretrain,CERNET.gml,500,1,16,41,0.9392710522296961,0.2141882203530104,0.2688204647035366,0.4604878048780487
pretrain,CERNET.gml,500,1,16,42,0.932181104675101,0.1185796265681186,0.2690704931048876,0.29048780487804876
pretrain,CERNET.gml,500,1,16,43,0.9351571990032228,0.20797204902660052,0.26905538100576926,0.49609756097560986
pretrain,CERNET.gml,500,1,16,44,0.9309868606618715,0.1703716270368831,0.2693378099367439,0.3692682926829268
pretrain,CERNET.gml,500,1,16,45,0.9298118248940155,0.18486106340813363,0.2694456364949969,0.42195121951219516
pretrain,CERNET.gml,500,1,16,46,0.9333249942255012,0.17846637740784782,0.26983172288323853,0.40073170731707314
pretrain,CERNET.gml,500,1,16,47,0.936339354832658,0.15722498537985444,0.27007237240946774,0.3780487804878049
pretrain,CERNET.gml,500,1,16,48,0.9363408907001202,0.1730697714782065,0.2703221996943694,0.41829268292682925
pretrain,CERNET.gml,500,1,16,49,0.9345546097002974,0.1854447976231642,0.2705442259180612,0.42073170731707316
pretrain,CERNET.gml,500,1,17,0,0.9333827696020212,0.19390701024249135,0.26615590262650257,0.8226829268292684
pretrain,CERNET.gml,500,1,17,1,0.9357547148763665,0.19961931788085252,0.26598564850309614,0.4239024390243903
pretrain,CERNET.gml,500,1,17,2,0.9375114582610956,0.1901522308860304,0.2659260253958057,0.4009756097560976
pretrain,CERNET.gml,500,1,17,3,0.9380862937634358,0.1747057317969854,0.26575443855840286,0.3873170731707317
pretrain,CERNET.gml,500,1,17,4,0.9339720638136245,0.22027618943675992,0.265640832779795,0.45853658536585357
pretrain,CERNET.gml,500,1,17,5,0.9357634859862798,0.19086914959678897,0.26555796516129454,0.3917073170731707
pretrain,CERNET.gml,500,1,17,6,0.9363576192673873,0.2040263949717213,0.26555460107928736,0.4273170731707318
pretrain,CERNET.gml,500,1,17,7,0.9375330036878796,0.2015995483063485,0.26550860047034724,0.4146341463414634
pretrain,CERNET.gml,500,1,17,8,0.9345637922931325,0.1850721212816495,0.26532670811541115,0.39634146341463417
pretrain,CERNET.gml,500,1,17,9,0.9357600906637854,0.196985083400726,0.2653109985179551,0.4195121951219511
pretrain,CERNET.gml,500,1,17,10,0.9381205259509809,0.20443269914574588,0.26515143217991316,0.42829268292682926
pretrain,CERNET.gml,500,1,17,11,0.9398878943789085,0.20566554116643046,0.26514004190867874,0.4221951219512195
pretrain,CERNET.gml,500,1,17,12,0.9380986104190078,0.19990536795039004,0.26507179620991395,0.41707317073170735
pretrain,CERNET.gml,500,1,17,13,0.936310274585211,0.17490976463339458,0.26517784188889676,0.38
pretrain,CERNET.gml,500,1,17,14,0.9357286556577613,0.19660394731194794,0.26503512356653525,0.4317073170731706
pretrain,CERNET.gml,500,1,17,15,0.9357624623319318,0.16535537622042745,0.2650652051207858,0.37146341463414634
pretrain,CERNET.gml,500,1,17,16,0.9358631545434424,0.2135538096111506,0.26504121814302484,0.4631707317073171
pretrain,CERNET.gml,500,1,17,17,0.9363382880038049,0.20631979701301967,0.2651065660401459,0.41926829268292676
pretrain,CERNET.gml,500,1,17,18,0.9351489766613236,0.2024296779536404,0.26509783139182097,0.4173170731707317
pretrain,CERNET.gml,500,1,17,19,0.9369443437781302,0.22160607126205062,0.26511614383736304,0.44560975609756087
pretrain,CERNET.gml,500,1,17,20,0.9375275479809553,0.18395911796961115,0.2651186270695622,0.3839024390243902
pretrain,CERNET.gml,500,1,17,21,0.9327767989468144,0.20312588239710133,0.2651351777826185,0.4329268292682927
pretrain,CERNET.gml,500,1,17,22,0.93222342939347,0.19148679785608128,0.2651914501778807,0.4046341463414635
pretrain,CERNET.gml,500,1,17,23,0.935747219805861,0.19904900138770296,0.26516747460044787,0.42707317073170736
pretrain,CERNET.gml,500,1,17,24,0.9387373332613272,0.1952422185979842,0.2653261166587836,0.41195121951219515
pretrain,CERNET.gml,500,1,17,25,0.9339817826350277,0.20588927856384265,0.2653810281219782,0.42804878048780487
pretrain,CERNET.gml,500,1,17,26,0.9345950636651356,0.18728115247544982,0.2655298428787445,0.40073170731707314
pretrain,CERNET.gml,500,1,17,27,0.9327849435738703,0.18928884812069924,0.2656300139535333,0.4109756097560975
pretrain,CERNET.gml,500,1,17,28,0.9375064841792552,0.20721435405810698,0.26567882478658067,0.438780487804878
pretrain,CERNET.gml,500,1,17,29,0.9351519729043355,0.17846789810881572,0.26587951758587003,0.383170731707317
pretrain,CERNET.gml,500,1,17,30,0.9357428295881546,0.19156744145210447,0.26601849036233804,0.42707317073170736
pretrain,CERNET.gml,500,1,17,31,0.9321946884280538,0.21355288247102971,0.26625208919995064,0.4392682926829268
pretrain,CERNET.gml,500,1,17,32,0.9327860886159892,0.1987609365065976,0.266331045886112,0.4117073170731707
pretrain,CERNET.gml,500,1,17,33,0.9333690548213368,0.19528693679353654,0.266556277976654,0.41609756097560974
pretrain,CERNET.gml,500,1,17,34,0.9363444799851787,0.19523322761120487,0.26669185159672754,0.4182926829268293
pretrain,CERNET.gml,500,1,17,35,0.9345587050812115,0.19719586120533938,0.26687538434872443,0.4221951219512195
pretrain,CERNET.gml,500,1,17,36,0.9351630297163079,0.1873726196417587,0.26714622377857444,0.4053658536585365
pretrain,CERNET.gml,500,1,17,37,0.9333746560907584,0.1491712312212078,0.26730918334402975,0.3565853658536585
pretrain,CERNET.gml,500,1,17,38,0.93691400917693,0.167734260974584,0.267383375344836,0.4151219512195123
pretrain,CERNET.gml,500,1,17,39,0.9339599044434685,0.17354962161863516,0.2675531393490102,0.4068292682926829
pretrain,CERNET.gml,500,1,17,40,0.9345782789734818,0.17860395170842336,0.26777774447254005,0.413170731707317
pretrain,CERNET.gml,500,1,17,41,0.9357355268775757,0.16716443510294404,0.2679678669151459,0.3924390243902439
pretrain,CERNET.gml,500,1,17,42,0.9357466192149224,0.18830710088079408,0.2682801169096978,0.42536585365853663
pretrain,CERNET.gml,500,1,17,43,0.9315787002504108,0.17706759526473634,0.26846046461494144,0.39512195121951216
pretrain,CERNET.gml,500,1,17,44,0.938121400652581,0.18944211900054875,0.2686917509996474,0.4258536585365854
pretrain,CERNET.gml,500,1,17,45,0.9334014221386842,0.18300282816589017,0.2689472167573892,0.4068292682926829
pretrain,CERNET.gml,500,1,17,46,0.9363426199634873,0.16639764408687965,0.2691803005046974,0.38634146341463416
pretrain,CERNET.gml,500,1,17,47,0.9333227189973607,0.14248720614833407,0.2693702733641079,0.36146341463414633
pretrain,CERNET.gml,500,1,17,48,0.9322250683471043,0.15825735009917016,0.26966218754449955,0.4060975609756098
pretrain,CERNET.gml,500,1,17,49,0.9327166308136471,0.20350361188786753,0.2700232717565905,0.45317073170731714
pretrain,CERNET.gml,500,1,18,0,0.9334019479669625,0.1999898248049622,0.26570780910020103,0.830731707317073
pretrain,CERNET.gml,500,1,18,1,0.9363089818304341,0.19282724871645215,0.26554947225787945,0.40560975609756095
pretrain,CERNET.gml,500,1,18,2,0.935747332423888,0.1847092329938724,0.26539246770812835,0.4004878048780488
pretrain,CERNET.gml,500,1,18,3,0.9369520751460308,0.2224261185920159,0.26523540795663986,0.45756097560975606
pretrain,CERNET.gml,500,1,18,4,0.9374746668576303,0.19817476424906857,0.2651618981568823,0.3965853658536585
pretrain,CERNET.gml,500,1,18,5,0.9315914873402108,0.17386650232215983,0.2650099661145036,0.38146341463414635
pretrain,CERNET.gml,500,1,18,6,0.9339054118038045,0.15102463341818576,0.2649335490222926,0.3651219512195122
pretrain,CERNET.gml,500,1,18,7,0.934677059410894,0.19086582183900885,0.2648711535931029,0.43634146341463415
pretrain,CERNET.gml,500,1,18,8,0.9334026139487419,0.1919268053581037,0.26477864162057535,0.41073170731707315
pretrain,CERNET.gml,500,1,18,9,0.9363460058337818,0.20605660053257094,0.26470223820555594,0.4319512195121951
pretrain,CERNET.gml,500,1,18,10,0.9369502552954946,0.21847742985616617,0.2646346191394781,0.44170731707317074
pretrain,CERNET.gml,500,1,18,11,0.9345819879723652,0.18239596149654003,0.26464540926701685,0.3797560975609756
pretrain,CERNET.gml,500,1,18,12,0.9350751723455781,0.19470595992515682,0.26462926243397694,0.4239024390243903
pretrain,CERNET.gml,500,1,18,13,0.9339993473850785,0.20428903475925414,0.2646942108139615,0.42536585365853663
pretrain,CERNET.gml,500,1,18,14,0.9339736941975981,0.1706501480721442,0.26474168418737076,0.3758536585365853
pretrain,CERNET.gml,500,1,18,15,0.9328068594473575,0.18977011851237677,0.26485202083243026,0.42268292682926834
pretrain,CERNET.gml,500,1,18,16,0.9321783157479365,0.17962302715359266,0.2649185775716712,0.39926829268292685
pretrain,CERNET.gml,500,1,18,17,0.933381958246062,0.19172473632948303,0.2649694441082414,0.417560975609756
pretrain,CERNET.gml,500,1,18,18,0.9339712872296742,0.19474951491052686,0.2649802282894826,0.41926829268292687
pretrain,CERNET.gml,500,1,18,19,0.9369570858616774,0.21732017842683962,0.2650547673930322,0.44902439024390245
pretrain,CERNET.gml,500,1,18,20,0.9351550047173472,0.1841720046461992,0.26510893774290906,0.3817073170731707
pretrain,CERNET.gml,500,1,18,21,0.9351603234892846,0.2066038377813777,0.2651376101214336,0.4424390243902439
pretrain,CERNET.gml,500,1,18,22,0.9333732357054573,0.19391286600511493,0.2652211279254406,0.40439024390243905
pretrain,CERNET.gml,500,1,18,23,0.9363433582739907,0.1766298729196385,0.2653073227328418,0.3939024390243902
pretrain,CERNET.gml,500,1,18,24,0.9345604046359238,0.18318891079524913,0.26533318468653816,0.41268292682926827
pretrain,CERNET.gml,500,1,18,25,0.9351543233382191,0.19213278016275395,0.265525854041329,0.4224390243902439
pretrain,CERNET.gml,500,1,18,26,0.935742303086726,0.19418557472966233,0.26572784307430797,0.418780487804878
pretrain,CERNET.gml,500,1,18,27,0.9380653739137194,0.2189408202067865,0.2658945218089679,0.45268292682926836
pretrain,CERNET.gml,500,1,18,28,0.936963630147517,0.19304676488991782,0.2660827257224438,0.39975609756097563
pretrain,CERNET.gml,500,1,18,29,0.9339663414661715,0.1726152290483783,0.26622676074399204,0.3797560975609756
pretrain,CERNET.gml,500,1,18,30,0.9375278163137587,0.19970641051795623,0.26627750659546595,0.4458536585365854
pretrain,CERNET.gml,500,1,18,31,0.9351583376288242,0.18828093864545511,0.26647827576105665,0.4053658536585365
pretrain,CERNET.gml,500,1,18,32,0.9321953991009438,0.17258980869281523,0.2666016550903644,0.39048780487804874
pretrain,CERNET.gml,500,1,18,33,0.9387207370690107,0.19325601471238443,0.2668740287342009,0.4329268292682927
pretrain,CERNET.gml,500,1,18,34,0.9381198977546092,0.19126577880352436,0.2670862733021379,0.4124390243902439
pretrain,CERNET.gml,500,1,18,35,0.9339631588605525,0.2067079115880033,0.2672185139243199,0.4346341463414634
pretrain,CERNET.gml,500,1,18,36,0.9322020425000161,0.17406281183975902,0.2674357316997128,0.3795121951219512
pretrain,CERNET.gml,500,1,18,37,0.9351519265554691,0.19432162492159297,0.267649710146811,0.4339024390243903
pretrain,CERNET.gml,500,1,18,38,0.932299239875666,0.17987793218527134,0.26788416610834803,0.39560975609756094
pretrain,CERNET.gml,500,1,18,39,0.9387208891098802,0.1877762138050107,0.2680716090342368,0.42414634146341457
pretrain,CERNET.gml,500,1,18,40,0.941039727262519,0.22156935699863797,0.2684711999601076,0.4651219512195121
pretrain,CERNET.gml,500,1,18,41,0.9363365786400745,0.1758064924269445,0.2686352888797198,0.37243902439024396
pretrain,CERNET.gml,500,1,18,42,0.9309866978240627,0.19659674587658524,0.2687904221003654,0.4273170731707317
pretrain,CERNET.gml,500,1,18,43,0.9357512965723145,0.1784519608242928,0.2688398703397447,0.39999999999999997
pretrain,CERNET.gml,500,1,18,44,0.9369363449975276,0.19369302984598388,0.269139477393605,0.42853658536585365
pretrain,CERNET.gml,500,1,18,45,0.9327663563110173,0.1662954180029234,0.2694424051557751,0.3785365853658537
pretrain,CERNET.gml,500,1,18,46,0.9370386199872531,0.17617503401229173,0.2697161417339277,0.4124390243902438
pretrain,CERNET.gml,500,1,18,47,0.9322086500569163,0.1862698400810063,0.2699386439414901,0.41609756097560974
pretrain,CERNET.gml,500,1,18,48,0.9351373966375023,0.18184162216068478,0.27022818806789206,0.41219512195121955
pretrain,CERNET.gml,500,1,18,49,0.9315902672645998,0.17373229709011148,0.2705976408422799,0.39219512195121947
pretrain,CERNET.gml,500,1,19,0,0.9351472983278246,0.20745355126313986,0.2661628540682378,0.8414634146341463
pretrain,CERNET.gml,500,1,19,1,0.9375927064138402,0.1973699497787666,0.26595211997827256,0.40975609756097553
pretrain,CERNET.gml,500,1,19,2,0.9399091845404094,0.20314544739365828,0.26592097675681675,0.42341463414634145
pretrain,CERNET.gml,500,1,19,3,0.9375396177587194,0.20117635167407075,0.2657793281333184,0.41414634146341456
pretrain,CERNET.gml,500,1,19,4,0.9333765672398918,0.17484466431639056,0.2656637279717091,0.3795121951219512
pretrain,CERNET.gml,500,1,19,5,0.9333876287161909,0.17641679961148482,0.26553883708260656,0.4009756097560976
pretrain,CERNET.gml,500,1,19,6,0.9357472768016774,0.21922914378748243,0.26545813601417784,0.45536585365853655
pretrain,CERNET.gml,500,1,19,7,0.9399076053115557,0.1950821763687474,0.2652853176505448,0.4009756097560976
pretrain,CERNET.gml,500,1,19,8,0.9381254615290485,0.18953348692209596,0.26526880700207467,0.40439024390243905
pretrain,CERNET.gml,500,1,19,9,0.9364027976402226,0.17944872904519626,0.26519111998101497,0.3965853658536585
pretrain,CERNET.gml,500,1,19,10,0.9369895776798511,0.20955296070376017,0.26518658935061595,0.4468292682926828
pretrain,CERNET.gml,500,1,19,11,0.9363465013150086,0.22068537098966587,0.265194896194572,0.4385365853658536
pretrain,CERNET.gml,500,1,19,12,0.9339776158667435,0.1843371862875843,0.265142946902687,0.3804878048780488
pretrain,CERNET.gml,500,1,19,13,0.9399167704055615,0.21744666409610225,0.265120160101005,0.4563414634146341
pretrain,CERNET.gml,500,1,19,14,0.9357732920128881,0.18575519066891363,0.26511183282362094,0.3846341463414634
pretrain,CERNET.gml,500,1,19,15,0.9351533976343357,0.1871793219943136,0.26512133276472793,0.41000000000000003
pretrain,CERNET.gml,500,1,19,16,0.9387437621715796,0.20339421820709533,0.2651503580717449,0.435609756097561
pretrain,CERNET.gml,500,1,19,17,0.9333663717642793,0.17255921832638627,0.26520655258586423,0.37414634146341463
pretrain,CERNET.gml,500,1,19,18,0.938713842989691,0.18892396804789716,0.2652232308514175,0.4241463414634146
pretrain,CERNET.gml,500,1,19,19,0.9345596543874526,0.21578842090440192,0.26528318307816184,0.4480487804878049
pretrain,CERNET.gml,500,1,19,20,0.9327743033715132,0.17386925791726607,0.26531990983598197,0.3702439024390244
pretrain,CERNET.gml,500,1,19,21,0.9339562856710574,0.19837920750813878,0.26529453652578283,0.43268292682926823
pretrain,CERNET.gml,500,1,19,22,0.9315817166588777,0.17233990911773706,0.2653982653514896,0.37926829268292683
pretrain,CERNET.gml,500,1,19,23,0.9375418442219562,0.20016267388231443,0.26543800313664817,0.4429268292682927
pretrain,CERNET.gml,500,1,19,24,0.9327869544366599,0.18787362451407214,0.26553285748193123,0.4002439024390244
pretrain,CERNET.gml,500,1,19,25,0.9337298909012666,0.1900284763379242,0.2655888270255813,0.41341463414634144
pretrain,CERNET.gml,500,1,19,26,0.9345633396612317,0.20876657479744076,0.2656829786587046,0.43707317073170737
pretrain,CERNET.gml,500,1,19,27,0.9363314772983263,0.17293814679179978,0.26570336825331803,0.37682926829268293
pretrain,CERNET.gml,500,1,19,28,0.9363285193960296,0.2093732778162337,0.265775039364734,0.45170731707317074
pretrain,CERNET.gml,500,1,19,29,0.9363084138815181,0.18341836757877536,0.2658967566902559,0.3902439024390244
pretrain,CERNET.gml,500,1,19,30,0.9339768236251788,0.18181716505592518,0.2660227971559204,0.40560975609756095
pretrain,CERNET.gml,500,1,19,31,0.9356904132260085,0.18702398596642494,0.2660047441133281,0.41414634146341467
pretrain,CERNET.gml,500,1,19,32,0.9339709489687894,0.18241774957799728,0.2660797934386402,0.40585365853658545
pretrain,CERNET.gml,500,1,19,33,0.9339851838912561,0.18000279875752914,0.2663152649352815,0.40707317073170735
pretrain,CERNET.gml,500,1,19,34,0.9357370417729477,0.17968889356809184,0.2665304708987953,0.4024390243902439
pretrain,CERNET.gml,500,1,19,35,0.9375277206816818,0.1808666356483172,0.26661307373357723,0.4124390243902439
pretrain,CERNET.gml,500,1,19,36,0.933965578797067,0.18719466595585182,0.26685487279681364,0.4163414634146341
pretrain,CERNET.gml,500,1,19,37,0.9327712824497666,0.17514484000069358,0.2670190299211174,0.38975609756097557
pretrain,CERNET.gml,500,1,19,38,0.9323758883344244,0.17620732054007873,0.2671508669376022,0.4031707317073171
pretrain,CERNET.gml,500,1,19,39,0.9357368954399458,0.16080035313213556,0.2672838268775133,0.3853658536585366
pretrain,CERNET.gml,500,1,19,40,0.9345593867924297,0.1831241620651835,0.2674619057692667,0.42390243902439023
pretrain,CERNET.gml,500,1,19,41,0.934589208518229,0.19172132328607308,0.26768344811063977,0.4236585365853658
pretrain,CERNET.gml,500,1,19,42,0.9315990397151526,0.17114015832390966,0.26799606345021615,0.385609756097561
pretrain,CERNET.gml,500,1,19,43,0.9351513791790843,0.21140744902859332,0.26828245753245544,0.4602439024390244
pretrain,CERNET.gml,500,1,19,44,0.9375293016221824,0.20034428537213508,0.2686108934210819,0.4153658536585365
pretrain,CERNET.gml,500,1,19,45,0.9363365928542707,0.17768394084616976,0.268788457006744,0.3890243902439024
pretrain,CERNET.gml,500,1,19,46,0.93455434445147,0.14238217677511167,0.2690499888438976,0.35536585365853657
pretrain,CERNET.gml,500,1,19,47,0.9357588079382035,0.18296496900919942,0.2691892325808813,0.4404878048780487
pretrain,CERNET.gml,500,1,19,48,0.9363325743098375,0.18951173483526923,0.2695083626154231,0.4204878048780488
pretrain,CERNET.gml,500,1,19,49,0.9321775929179699,0.16967315848174752,0.26986395270078894,0.38658536585365855
