arm,topo,rate,seed,episode,step,rd,rp,th,r_mean
pretrain,CERNET.gml,500,0,0,0,0.9376302362789952,0.2627894476513051,0.2556888040572992,0.9263414634146341
pretrain,CERNET.gml,500,0,0,1,0.9381268102566785,0.26817367623017313,0.2556446223909877,0.46829268292682924
pretrain,CERNET.gml,500,0,0,2,0.9363362888767961,0.27951000442369467,0.2555763001153936,0.4802439024390243
pretrain,CERNET.gml,500,0,0,3,0.942880810221561,0.29581693328871744,0.2555816395890168,0.49926829268292683
pretrain,CERNET.gml,500,0,0,4,0.9363480638380929,0.26169448340896817,0.2555425975172928,0.43634146341463426
pretrain,CERNET.gml,500,0,0,5,0.9381263406429216,0.28392633770245684,0.2555237450270441,0.4931707317073171
pretrain,CERNET.gml,500,0,0,6,0.9375259446397471,0.2391670565861562,0.2555109473562063,0.41609756097560974
pretrain,CERNET.gml,500,0,0,7,0.9393184269032732,0.265025126481689,0.2555040472271773,0.4831707317073171
pretrain,CERNET.gml,500,0,0,8,0.9357472396707238,0.2719770213022625,0.2555524420229109,0.4707317073170732
pretrain,CERNET.gml,500,0,0,9,0.9369407772095891,0.2362548694014381,0.25554169457113585,0.4195121951219512
pretrain,CERNET.gml,500,0,0,10,0.9411088427451764,0.2702120141119969,0.25556303504789357,0.4980487804878048
pretrain,CERNET.gml,500,0,0,11,0.9393198386547229,0.2677502216529126,0.25567656795366517,0.46585365853658534
pretrain,CERNET.gml,500,0,0,12,0.9428806848521356,0.26670006308366656,0.255748147526181,0.47
pretrain,CERNET.gml,500,0,0,13,0.9393297368533369,0.2638820903958955,0.25583964494975114,0.46195121951219514
pretrain,CERNET.gml,500,0,0,14,0.935754001388282,0.24750702492356108,0.25589053713317866,0.4380487804878049
pretrain,CERNET.gml,500,0,0,15,0.9411025247321759,0.2633395937400539,0.2559033708498861,0.47975609756097565
pretrain,CERNET.gml,500,0,0,16,0.9363460713031816,0.22975661686273557,0.25604283745772466,0.4151219512195122
pretrain,CERNET.gml,500,0,0,17,0.9393229815868737,0.24815877440070327,0.2560544048236537,0.4702439024390244
pretrain,CERNET.gml,500,0,0,18,0.9345627540943736,0.2660154133540269,0.2562432268392783,0.4785365853658537
pretrain,CERNET.gml,500,0,0,19,0.939910843763448,0.23441785730336037,0.256372212742438,0.42439024390243907
pretrain,CERNET.gml,500,0,0,20,0.9387295666715425,0.25064250847122405,0.25647525977188484,0.4707317073170732
pretrain,CERNET.gml,500,0,0,21,0.9393265239713428,0.25526870335806023,0.25665483162307673,0.46463414634146344
pretrain,CERNET.gml,500,0,0,22,0.9440760125200068,0.2787940036800839,0.25673318524551675,0.5002439024390244
pretrain,CERNET.gml,500,0,0,23,0.9405094043260331,0.2474082225219113,0.25696560855858736,0.43268292682926823
pretrain,CERNET.gml,500,0,0,24,0.9381416721200843,0.22647694817626832,0.25717456236762815,0.42560975609756097
pretrain,CERNET.gml,500,0,0,25,0.9417023522185568,0.2714262862428367,0.25742253707039736,0.5080487804878049
pretrain,CERNET.gml,500,0,0,26,0.9405080896058647,0.24159224616159938,0.25764679974887583,0.43097560975609744
pretrain,CERNET.gml,500,0,0,27,0.941693968949854,0.27196217874497763,0.2579265223503567,0.49707317073170737
pretrain,CERNET.gml,500,0,0,28,0.9387290300331682,0.2566721829291857,0.25828014005063565,0.44999999999999996
pretrain,CERNET.gml,500,0,0,29,0.9440825856172171,0.27901807458564,0.25847747734248566,0.5021951219512194
pretrain,CERNET.gml,500,0,0,30,0.9369440978534865,0.25967631165182614,0.2587342023384397,0.4536585365853658
pretrain,CERNET.gml,500,0,0,31,0.9416937279849511,0.22789485586807887,0.25897212754238663,0.42073170731707316
pretrain,CERNET.gml,500,0,0,32,0.9399160724079484,0.2401204086473871,0.25903821192559434,0.4631707317073171
pretrain,CERNET.gml,500,0,0,33,0.9405067674140781,0.2506938113498502,0.2593653072623501,0.46658536585365845
pretrain,CERNET.gml,500,0,0,34,0.9405093403196536,0.2321714492499127,0.2596494762249118,0.43756097560975615
pretrain,CERNET.gml,500,0,0,35,0.9411048009232328,0.2654433666267732,0.26008442786353225,0.49390243902439024
pretrain,CERNET.gml,500,0,0,36,0.939318198957743,0.22452268931708388,0.26034876428730697,0.4131707317073171
pretrain,CERNET.gml,500,0,0,37,0.9375383995223854,0.23055110437503826,0.2605811121190199,0.45292682926829275
pretrain,CERNET.gml,500,0,0,38,0.9399205812389875,0.2289022901627241,0.2609949326075073,0.44682926829268294
pretrain,CERNET.gml,500,0,0,39,0.9414917787973488,0.2348518673855911,0.2613977078658472,0.45268292682926825
pretrain,CERNET.gml,500,0,0,40,0.9428858146465368,0.2426475945150265,0.2616376100603669,0.4634146341463415
pretrain,CERNET.gml,500,0,0,41,0.9411041370613669,0.2604918935526047,0.2619001907998638,0.4802439024390245
pretrain,CERNET.gml,500,0,0,42,0.9393474679480237,0.25551481458001857,0.2621940949230565,0.4648780487804878
pretrain,CERNET.gml,500,0,0,43,0.9428867501002459,0.24717552025673706,0.26264496424858086,0.4585365853658538
pretrain,CERNET.gml,500,0,0,44,0.9422959481803748,0.2489643934822836,0.26312419092172823,0.46268292682926837
pretrain,CERNET.gml,500,0,0,45,0.9399173904507805,0.23167120643985006,0.2636094608465769,0.4380487804878049
pretrain,CERNET.gml,500,0,0,46,0.9399202578212199,0.2416181259788792,0.2641625724533043,0.4629268292682927
pretrain,CERNET.gml,500,0,0,47,0.938131586525802,0.22974628693319354,0.2646397796307579,0.4358536585365853
pretrain,CERNET.gml,500,0,0,48,0.9393331749493488,0.21851967373996606,0.26503744786236144,0.43707317073170737
pretrain,CERNET.gml,500,0,0,49,0.9381338538961044,0.2180161520132474,0.2654842810838851,0.43707317073170726
pretrain,CERNET.gml,500,0,1,0,0.9434890710327412,0.3009306403156736,0.25769032261521385,0.9851219512195122
pretrain,CERNET.gml,500,0,1,1,0.9369275533194483,0.28044389146167903,0.25761804539832844,0.45560975609756105
pretrain,CERNET.gml,500,0,1,2,0.9351722887395378,0.25267334679977127,0.25752365883759293,0.4331707317073171
pretrain,CERNET.gml,500,0,1,3,0.9351587272641746,0.2398489130171444,0.25743872168051846,0.435609756097561
pretrain,CERNET.gml,500,0,1,4,0.9381812759942982,0.27033505739578373,0.25743591929599785,0.48975609756097555
pretrain,CERNET.gml,500,0,1,5,0.9375066915169346,0.24965640475232623,0.2575063847936121,0.4397560975609756
pretrain,CERNET.gml,500,0,1,6,0.9339640939104312,0.20337463904944464,0.25756074091962516,0.3843902439024391
pretrain,CERNET.gml,500,0,1,7,0.9410376746318484,0.27428589569463213,0.2574530065250926,0.5253658536585365
pretrain,CERNET.gml,500,0,1,8,0.9367675911988643,0.2721341009632008,0.25750625420670603,0.4660975609756097
pretrain,CERNET.gml,500,0,1,9,0.9393167762603408,0.26703736106081627,0.25744110312018836,0.4651219512195122
pretrain,CERNET.gml,500,0,1,10,0.9393197410815821,0.27472413046962874,0.25753276148665183,0.4775609756097561
pretrain,CERNET.gml,500,0,1,11,0.9381318708876447,0.2687118665623121,0.25759206518645184,0.4624390243902438
pretrain,CERNET.gml,500,0,1,12,0.9416950541584073,0.2776646166962732,0.2576942941193865,0.48414634146341456
pretrain,CERNET.gml,500,0,1,13,0.9381317920913216,0.24676930169645758,0.25775014061403956,0.43
pretrain,CERNET.gml,500,0,1,14,0.9381270162529146,0.24030595607433936,0.25785134957690736,0.44414634146341464
pretrain,CERNET.gml,500,0,1,15,0.9369440205106968,0.25802077475864976,0.25786770927357117,0.47463414634146345
pretrain,CERNET.gml,500,0,1,16,0.9339701380768838,0.24351723291210994,0.25797508094045,0.4385365853658536
pretrain,CERNET.gml,500,0,1,17,0.9357453818375153,0.25032286281006916,0.25804508488193173,0.4617073170731707
pretrain,CERNET.gml,500,0,1,18,0.9399134094368065,0.2580982726994823,0.2581956271527727,0.46902439024390247
pretrain,CERNET.gml,500,0,1,19,0.9357530133930059,0.24375127192749996,0.2582768713572722,0.44000000000000006
pretrain,CERNET.gml,500,0,1,20,0.9392706950046813,0.23650670218288555,0.2583927113972219,0.4460975609756097
pretrain,CERNET.gml,500,0,1,21,0.9369415875894308,0.24510869741352043,0.2585942105641009,0.46121951219512186
pretrain,CERNET.gml,500,0,1,22,0.9410929591326087,0.2574196941940261,0.25882684537254835,0.47341463414634144
pretrain,CERNET.gml,500,0,1,23,0.9399150819062978,0.24332644736161235,0.25903999573951864,0.4446341463414634
pretrain,CERNET.gml,500,0,1,24,0.9339866534269196,0.23270712159054,0.25924079635587316,0.43634146341463426
pretrain,CERNET.gml,500,0,1,25,0.9381330836230806,0.26206025335455346,0.25941103472427596,0.4895121951219512
pretrain,CERNET.gml,500,0,1,26,0.9387225486883275,0.2520436453089235,0.25960278190932645,0.4529268292682927
pretrain,CERNET.gml,500,0,1,27,0.9399095395247199,0.23174974400294854,0.2598529725320735,0.4346341463414634
pretrain,CERNET.gml,500,0,1,28,0.9381325525267274,0.2662557280220895,0.2602085504884039,0.49243902439024384
pretrain,CERNET.gml,500,0,1,29,0.9416970318029024,0.2521466280612858,0.26043636863255437,0.454390243902439
pretrain,CERNET.gml,500,0,1,30,0.9405092740130009,0.2623988648114242,0.2606784133586569,0.47707317073170735
pretrain,CERNET.gml,500,0,1,31,0.942885738284081,0.2555028899697198,0.26101359667196583,0.4617073170731707
pretrain,CERNET.gml,500,0,1,32,0.9387348678854842,0.22467584227259027,0.26140085816106395,0.4158536585365854
pretrain,CERNET.gml,500,0,1,33,0.9399126132342158,0.21999348250981296,0.26161663570827515,0.4346341463414634
pretrain,CERNET.gml,500,0,1,34,0.9411032658667147,0.24810700004215444,0.26188253736927963,0.4829268292682926
pretrain,CERNET.gml,500,0,1,35,0.9399150785665201,0.2481482033147108,0.26219900727927786,0.4592682926829268
pretrain,CERNET.gml,500,0,1,36,0.9446562845565256,0.24431789841545604,0.2625381027785461,0.458780487804878
pretrain,CERNET.gml,500,0,1,37,0.9411059873926276,0.25432355164344245,0.26282427731639907,0.471219512195122
pretrain,CERNET.gml,500,0,1,38,0.9345675755119331,0.23623989773751228,0.26318803468344765,0.4346341463414634
pretrain,CERNET.gml,500,0,1,39,0.940469274244828,0.24312605070145255,0.2634469636740628,0.4602439024390244
pretrain,CERNET.gml,500,0,1,40,0.9357587790145472,0.22345998406020987,0.26366627393031544,0.42975609756097566
pretrain,CERNET.gml,500,0,1,41,0.9428905605438278,0.2569389567220568,0.2640853564711514,0.4951219512195122
pretrain,CERNET.gml,500,0,1,42,0.9363434331851829,0.20967661023121256,0.26442706983392117,0.39195121951219514
pretrain,CERNET.gml,500,0,1,43,0.9440734666168277,0.2478130410740714,0.2644726089777712,0.4931707317073171
pretrain,CERNET.gml,500,0,1,44,0.9393283962190349,0.23076873608652215,0.2648110805550773,0.43731707317073176
pretrain,CERNET.gml,500,0,1,45,0.9387159041680373,0.22496671745221009,0.26523333027155627,0.44000000000000006
pretrain,CERNET.gml,500,0,1,46,0.939324747339627,0.24789595793874722,0.2655710989125992,0.47560975609756095
pretrain,CERNET.gml,500,0,1,47,0.9375355966454832,0.22872272490086154,0.2659961951269169,0.43560975609756103
pretrain,CERNET.gml,500,0,1,48,0.9357559300963698,0.20418813820098716,0.26656053978575367,0.40292682926829276
pretrain,CERNET.gml,500,0,1,49,0.943480308751693,0.25328971898733427,0.26665009643077675,0.51
pretrain,CERNET.gml,500,0,2,0,0.9393430631017906,0.30573411202710615,0.2564049353153374,0.9882926829268294
pretrain,CERNET.gml,500,0,2,1,0.9369397151026929,0.2548225250553792,0.25635260490189526,0.4190243902439024
pretrain,CERNET.gml,500,0,2,2,0.9363538552835583,0.2886440816464818,0.25633542430479755,0.5034146341463414
pretrain,CERNET.gml,500,0,2,3,0.9381416179749885,0.2849330748724683,0.25630171913453703,0.47609756097560973
pretrain,CERNET.gml,500,0,2,4,0.9393164366081641,0.2871988286554474,0.25631561829677263,0.4804878048780489
pretrain,CERNET.gml,500,0,2,5,0.9399242753324994,0.28372253863574226,0.2563141707142399,0.47512195121951223
pretrain,CERNET.gml,500,0,2,6,0.9383661150047925,0.265749068484923,0.2563166985780258,0.4519512195121951
pretrain,CERNET.gml,500,0,2,7,0.9381585849981201,0.26175280012317814,0.2562900982361591,0.45926829268292685
pretrain,CERNET.gml,500,0,2,8,0.9351430508322438,0.22731930428488467,0.2563263000589459,0.4109756097560976
pretrain,CERNET.gml,500,0,2,9,0.9428923945094094,0.29741667580450276,0.2562307575244571,0.5429268292682927
pretrain,CERNET.gml,500,0,2,10,0.941089104480232,0.2772037638700547,0.25632123937281887,0.461219512195122
pretrain,CERNET.gml,500,0,2,11,0.9393048468154368,0.25308292361374446,0.25643093044611737,0.4382926829268293
pretrain,CERNET.gml,500,0,2,12,0.9405070908606734,0.2936104992036905,0.25644665259477084,0.5175609756097561
pretrain,CERNET.gml,500,0,2,13,0.9363425035854752,0.2569677168192043,0.25656841973545247,0.4319512195121951
pretrain,CERNET.gml,500,0,2,14,0.9399083202609033,0.26012236688332757,0.25660735181904093,0.46707317073170734
pretrain,CERNET.gml,500,0,2,15,0.9369395672415197,0.2743867814296968,0.2566390133900888,0.4853658536585366
pretrain,CERNET.gml,500,0,2,16,0.9363474675393132,0.2522559117931521,0.25672966529128527,0.4387804878048781
pretrain,CERNET.gml,500,0,2,17,0.9374904305505285,0.25493904422027924,0.2567747848673231,0.4639024390243902
pretrain,CERNET.gml,500,0,2,18,0.9387261873050824,0.23457145748407454,0.2569706447179989,0.4307317073170733
pretrain,CERNET.gml,500,0,2,19,0.9393203231054541,0.25621173344773973,0.2570930961066579,0.4782926829268292
pretrain,CERNET.gml,500,0,2,20,0.9428848104936152,0.2719401052945062,0.2572961639342348,0.48682926829268286
pretrain,CERNET.gml,500,0,2,21,0.9399142671294815,0.2665406272796566,0.25749764145872217,0.4660975609756097
pretrain,CERNET.gml,500,0,2,22,0.9417025329494437,0.27744940405674734,0.25769780100139333,0.4865853658536585
pretrain,CERNET.gml,500,0,2,23,0.9369636082623739,0.24567221130056616,0.2578904995790393,0.42756097560975603
pretrain,CERNET.gml,500,0,2,24,0.9399340034843673,0.2373521822466162,0.2580062173131737,0.4458536585365855
pretrain,CERNET.gml,500,0,2,25,0.9375405161213491,0.2342813115445429,0.25823717652923506,0.4439024390243903
pretrain,CERNET.gml,500,0,2,26,0.9381300416678457,0.22840762767346515,0.2584508821338164,0.4351219512195122
pretrain,CERNET.gml,500,0,2,27,0.9405110494948449,0.2695205785385483,0.2585318678670555,0.5078048780487805
pretrain,CERNET.gml,500,0,2,28,0.940509102926169,0.2639835830322704,0.25886365776649695,0.4643902439024391
pretrain,CERNET.gml,500,0,2,29,0.9363445075015063,0.26436729718945773,0.25906670573243307,0.4660975609756097
pretrain,CERNET.gml,500,0,2,30,0.941084745950128,0.2531734491422834,0.25931451591363797,0.45536585365853655
pretrain,CERNET.gml,500,0,2,31,0.9351624300218839,0.21935530959144492,0.2595857015215814,0.41195121951219515
pretrain,CERNET.gml,500,0,2,32,0.9410799254933742,0.2432815761606238,0.2599307978876582,0.4736585365853659
pretrain,CERNET.gml,500,0,2,33,0.9428933821268289,0.25919402347461923,0.260233780731616,0.48341463414634145
pretrain,CERNET.gml,500,0,2,34,0.9375151428870954,0.2182213331110638,0.2605150218143516,0.4019512195121952
pretrain,CERNET.gml,500,0,2,35,0.94169555556638,0.24532942338878938,0.26073580494337817,0.48390243902439034
pretrain,CERNET.gml,500,0,2,36,0.9411279515952048,0.24232080060909164,0.26109090668085255,0.4548780487804879
pretrain,CERNET.gml,500,0,2,37,0.938730092109817,0.279006887957137,0.26149426454349967,0.5058536585365854
pretrain,CERNET.gml,500,0,2,38,0.9375361802432379,0.23423979247175544,0.2618799083946507,0.41853658536585375
pretrain,CERNET.gml,500,0,2,39,0.9422991188794835,0.23956919620328776,0.26214063136024107,0.461219512195122
pretrain,CERNET.gml,500,0,2,40,0.9363498730215924,0.24843828648128477,0.2624086955870736,0.4634146341463415
pretrain,CERNET.gml,500,0,2,41,0.9422961060530665,0.24262658070713644,0.262715748566786,0.45463414634146343
pretrain,CERNET.gml,500,0,2,42,0.93992622494046,0.24228303280791932,0.2630538197159002,0.4585365853658537
pretrain,CERNET.gml,500,0,2,43,0.937536774580649,0.22656542858255166,0.26352044976418304,0.43121951219512195
pretrain,CERNET.gml,500,0,2,44,0.9422950883999991,0.23763098564903218,0.26364074674957344,0.4614634146341463
pretrain,CERNET.gml,500,0,2,45,0.9363789361680003,0.2231631043154021,0.26402488756085035,0.42658536585365847
pretrain,CERNET.gml,500,0,2,46,0.9416949837011273,0.24785134308419426,0.2644024133061624,0.48317073170731706
pretrain,CERNET.gml,500,0,2,47,0.940527350262991,0.24502983138197043,0.26477020707094634,0.45829268292682923
pretrain,CERNET.gml,500,0,2,48,0.9411102570121139,0.24252465155146205,0.26528300695169077,0.45414634146341465
pretrain,CERNET.gml,500,0,2,49,0.9393195535803052,0.21078195622265575,0.26569427675639806,0.4117073170731708
pretrain,CERNET.gml,500,0,3,0,0.9375589028271883,0.2901152488897407,0.255092821574066,0.964390243902439
pretrain,CERNET.gml,500,0,3,1,0.935764368927743,0.28906155323974453,0.25504749730934856,0.4800000000000001
pretrain,CERNET.gml,500,0,3,2,0.9364111358992696,0.26729516518939933,0.2550879327411551,0.4497560975609756
pretrain,CERNET.gml,500,0,3,3,0.9369371107368933,0.27286295731248084,0.25508818315266796,0.4736585365853659
pretrain,CERNET.gml,500,0,3,4,0.9393278517147556,0.27267985413114804,0.2550991299300246,0.47048780487804887
pretrain,CERNET.gml,500,0,3,5,0.9393449750070546,0.2811082810797621,0.25515559325764176,0.4821951219512195
pretrain,CERNET.gml,500,0,3,6,0.9393183719337057,0.259695583668455,0.25522571512811043,0.44682926829268294
pretrain,CERNET.gml,500,0,3,7,0.9416941078694784,0.2508387308713364,0.2552586052026352,0.44999999999999996
pretrain,CERNET.gml,500,0,3,8,0.9375397635716064,0.24613956211715537,0.25526741631316296,0.44731707317073177
pretrain,CERNET.gml,500,0,3,9,0.9393160587775837,0.2701721440390794,0.2553224028662188,0.4878048780487804
pretrain,CERNET.gml,500,0,3,10,0.9393195739133335,0.24589964125009242,0.25548082736501254,0.4341463414634146
pretrain,CERNET.gml,500,0,3,11,0.9369431245956729,0.2531749099896985,0.25545174265401693,0.4621951219512195
pretrain,CERNET.gml,500,0,3,12,0.9393189886556104,0.25017453465871486,0.25555022307208547,0.4551219512195122
pretrain,CERNET.gml,500,0,3,13,0.9380378333557731,0.23745211568758492,0.25571465035383195,0.4382926829268292
pretrain,CERNET.gml,500,0,3,14,0.9370654364777832,0.2706719589919099,0.2558199241206036,0.4953658536585366
pretrain,CERNET.gml,500,0,3,15,0.9316260439736361,0.22378953347528152,0.2558927642851985,0.39926829268292685
pretrain,CERNET.gml,500,0,3,16,0.9405059329471442,0.25087677645292605,0.255859159546938,0.48024390243902443
pretrain,CERNET.gml,500,0,3,17,0.9422928842079809,0.27090073639326934,0.2560272437066866,0.48975609756097566
pretrain,CERNET.gml,500,0,3,18,0.9357517144499222,0.24047110746465383,0.25622883028211885,0.4246341463414634
pretrain,CERNET.gml,500,0,3,19,0.9404357982742119,0.27414032646698616,0.25631543839058946,0.5036585365853659
pretrain,CERNET.gml,500,0,3,20,0.9399087124477652,0.2348030075486853,0.256562863104565,0.41829268292682925
pretrain,CERNET.gml,500,0,3,21,0.9399126215031415,0.2502263408540467,0.25674669249808896,0.4714634146341463
pretrain,CERNET.gml,500,0,3,22,0.9363471479932096,0.24509003054994563,0.25700965715802265,0.44829268292682933
pretrain,CERNET.gml,500,0,3,23,0.9387247640753925,0.2568407759702272,0.25711855622037055,0.4729268292682926
pretrain,CERNET.gml,500,0,3,24,0.9399017342117255,0.2622865852626137,0.2573814046030841,0.4702439024390244
pretrain,CERNET.gml,500,0,3,25,0.9375504945232609,0.24124616256159445,0.2575726264062361,0.4329268292682926
pretrain,CERNET.gml,500,0,3,26,0.9375161501358151,0.23741220814098102,0.2576669539085645,0.4465853658536585
pretrain,CERNET.gml,500,0,3,27,0.9411040272535315,0.25887143707175225,0.2577628327343446,0.48390243902439023
pretrain,CERNET.gml,500,0,3,28,0.9405024002284136,0.24813997884166128,0.2580182327167591,0.45097560975609763
pretrain,CERNET.gml,500,0,3,29,0.9405036208910524,0.27107811323610753,0.25830197948078637,0.4926829268292683
pretrain,CERNET.gml,500,0,3,30,0.9387233460526857,0.2552092515006711,0.25859199514804254,0.4451219512195122
pretrain,CERNET.gml,500,0,3,31,0.9387262557608166,0.22424508813721342,0.25880413342212477,0.42146341463414627
pretrain,CERNET.gml,500,0,3,32,0.9405271578888094,0.23058546776529185,0.2590889849491725,0.44951219512195123
pretrain,CERNET.gml,500,0,3,33,0.9428830955739979,0.280074924217662,0.25929992374596844,0.5236585365853659
pretrain,CERNET.gml,500,0,3,34,0.9387306276089346,0.2632781239060984,0.25966458345527715,0.45780487804878056
pretrain,CERNET.gml,500,0,3,35,0.9369433254166677,0.2450541953037851,0.2600438511276948,0.441219512195122
pretrain,CERNET.gml,500,0,3,36,0.9375366781024178,0.24162314153933404,0.2603454938647395,0.4529268292682927
pretrain,CERNET.gml,500,0,3,37,0.9410994425647758,0.26170679573139854,0.2606000106142639,0.4885365853658536
pretrain,CERNET.gml,500,0,3,38,0.9393200787541132,0.2443306157460765,0.2610057246249681,0.4446341463414634
pretrain,CERNET.gml,500,0,3,39,0.941087948861872,0.24304351049224532,0.26141175553817053,0.45609756097560983
pretrain,CERNET.gml,500,0,3,40,0.9357550636809671,0.20505157768153867,0.26169637682149294,0.3970731707317073
pretrain,CERNET.gml,500,0,3,41,0.9381305353009785,0.2302657708583115,0.2619817852749127,0.4665853658536585
pretrain,CERNET.gml,500,0,3,42,0.9387252932003578,0.24045488360348446,0.262284771950995,0.4641463414634146
pretrain,CERNET.gml,500,0,3,43,0.9387514577541759,0.2622689631150377,0.2627439910878225,0.48707317073170736
pretrain,CERNET.gml,500,0,3,44,0.938131201786202,0.22187758951937975,0.2632283657588271,0.41121951219512193
pretrain,CERNET.gml,500,0,3,45,0.9416259901108303,0.23563024117754178,0.26362301231353863,0.46536585365853655
pretrain,CERNET.gml,500,0,3,46,0.9375392842927182,0.21663201319091008,0.2641116435971219,0.42341463414634156
pretrain,CERNET.gml,500,0,3,47,0.9393261567258656,0.2275651834918688,0.26446243293957206,0.45097560975609763
pretrain,CERNET.gml,500,0,3,48,0.9422958193847885,0.25899327226212604,0.26482993784619396,0.5004878048780487
pretrain,CERNET.gml,500,0,3,49,0.9405116751977689,0.24187624528755683,0.26538871349914267,0.4407317073170731
pretrain,CERNET.gml,500,0,4,0,0.9404772254261263,0.30986657954329905,0.25600675549510876,0.9946341463414634
pretrain,CERNET.gml,500,0,4,1,0.9357544377893381,0.24786510807688716,0.2559362223036912,0.40512195121951217
pretrain,CERNET.gml,500,0,4,2,0.9392991944736523,0.2592203783509252,0.25593377910012477,0.46926829268292686
pretrain,CERNET.gml,500,0,4,3,0.9393126792424495,0.2913430275238195,0.25587436904187655,0.504390243902439
pretrain,CERNET.gml,500,0,4,4,0.9381352357942716,0.2661813610902446,0.2558269457171431,0.4473170731707317
pretrain,CERNET.gml,500,0,4,5,0.9393139809767591,0.2800612947535832,0.25585469848524944,0.48390243902439023
pretrain,CERNET.gml,500,0,4,6,0.9387237469814756,0.2874341765874151,0.2558712631879968,0.4858536585365853
pretrain,CERNET.gml,500,0,4,7,0.9417350557772298,0.2918818802131545,0.25592361146541703,0.4895121951219512
pretrain,CERNET.gml,500,0,4,8,0.9387345399042821,0.25525207748565076,0.2559963548613146,0.43195121951219506
pretrain,CERNET.gml,500,0,4,9,0.942287605044693,0.28805478423763614,0.2560151882803274,0.5080487804878049
pretrain,CERNET.gml,500,0,4,10,0.9369387444375199,0.2590262067820222,0.2561297302709047,0.43634146341463415
pretrain,CERNET.gml,500,0,4,11,0.9387259256284219,0.2775407670231469,0.25606248612871607,0.4892682926829268
pretrain,CERNET.gml,500,0,4,12,0.9351563652530661,0.2476855278187405,0.25615989774542197,0.4317073170731707
pretrain,CERNET.gml,500,0,4,13,0.9405113624024317,0.28515327576262933,0.25628288253436327,0.5082926829268294
pretrain,CERNET.gml,500,0,4,14,0.936939396099163,0.24760731188148516,0.25635033630322324,0.42756097560975614
pretrain,CERNET.gml,500,0,4,15,0.9375413216625486,0.26096152412690876,0.25645900223506224,0.47317073170731705
pretrain,CERNET.gml,500,0,4,16,0.9399111715963842,0.2740914972191852,0.25661139034347713,0.4831707317073171
pretrain,CERNET.gml,500,0,4,17,0.9399088266106818,0.24495100077615375,0.25668758957634874,0.4309756097560975
pretrain,CERNET.gml,500,0,4,18,0.9422618771168505,0.2806941059737776,0.2567764505992008,0.5073170731707318
pretrain,CERNET.gml,500,0,4,19,0.9387146403801432,0.26237953609616577,0.25696117365005017,0.45048780487804874
pretrain,CERNET.gml,500,0,4,20,0.9369396778676449,0.2442762736263913,0.25705440435859506,0.44000000000000006
pretrain,CERNET.gml,500,0,4,21,0.9398620821643533,0.250077972856803,0.2572117974777212,0.46317073170731704
pretrain,CERNET.gml,500,0,4,22,0.9440709426028935,0.2700248508432949,0.25740735409407317,0.48975609756097555
pretrain,CERNET.gml,500,0,4,23,0.9375386839687144,0.24526636327297202,0.25763129763210507,0.4351219512195122
pretrain,CERNET.gml,500,0,4,24,0.9357605256685491,0.23482502026529256,0.25786403145951425,0.4397560975609756
pretrain,CERNET.gml,500,0,4,25,0.9369409111717774,0.22973973019456156,0.2581022411865885,0.4336585365853658
pretrain,CERNET.gml,500,0,4,26,0.9398867234776161,0.21318141193463638,0.2580571782037979,0.42243902439024383
pretrain,CERNET.gml,500,0,4,27,0.9381459808530511,0.2419362432149144,0.2583118391048172,0.47268292682926827
pretrain,CERNET.gml,500,0,4,28,0.9369426392210464,0.24571798436538017,0.2585906427117961,0.4573170731707317
pretrain,CERNET.gml,500,0,4,29,0.9387320616867955,0.2691035322663574,0.258817873651546,0.49390243902439024
pretrain,CERNET.gml,500,0,4,30,0.9399166717176304,0.24448915474383465,0.2591279187599861,0.43853658536585366
pretrain,CERNET.gml,500,0,4,31,0.9428932504078763,0.25531332083157754,0.25936965203647716,0.4714634146341463
pretrain,CERNET.gml,500,0,4,32,0.9422900766212599,0.2523069862504856,0.25961417266337006,0.4614634146341463
pretrain,CERNET.gml,500,0,4,33,0.9434355442155667,0.2776428756546048,0.25991796638368736,0.5004878048780488
pretrain,CERNET.gml,500,0,4,34,0.93634769305915,0.2506435748048255,0.2602072241691332,0.4346341463414634
pretrain,CERNET.gml,500,0,4,35,0.9393218432020911,0.2684445144030789,0.2604700130410955,0.4914634146341464
pretrain,CERNET.gml,500,0,4,36,0.9399154856111701,0.225181466605873,0.26085111458530313,0.40975609756097564
pretrain,CERNET.gml,500,0,4,37,0.9369401029349513,0.20512275850251394,0.2609809992059543,0.413170731707317
pretrain,CERNET.gml,500,0,4,38,0.9387248301858586,0.24147861856010552,0.2613555057039694,0.47926829268292687
pretrain,CERNET.gml,500,0,4,39,0.9375418157928848,0.24725830078218125,0.2616996452564417,0.4680487804878049
pretrain,CERNET.gml,500,0,4,40,0.9387316078936483,0.2429689292196867,0.2621793605520568,0.4553658536585366
pretrain,CERNET.gml,500,0,4,41,0.9381303977258482,0.25954799412571133,0.26266762670931043,0.4817073170731707
pretrain,CERNET.gml,500,0,4,42,0.9381474608638916,0.2303666648993244,0.26312589889118676,0.42853658536585365
pretrain,CERNET.gml,500,0,4,43,0.9399120517149849,0.25158974476613555,0.2636342834007563,0.47682926829268285
pretrain,CERNET.gml,500,0,4,44,0.9416985056034425,0.23710597917134216,0.26397181322060237,0.44487804878048787
pretrain,CERNET.gml,500,0,4,45,0.9393243954876555,0.25517506983916693,0.264390394404533,0.48048780487804876
pretrain,CERNET.gml,500,0,4,46,0.9345718118289299,0.21167203340420873,0.26495043220048864,0.4009756097560976
pretrain,CERNET.gml,500,0,4,47,0.9399098073905183,0.2222391432515519,0.26528149481192553,0.4546341463414633
pretrain,CERNET.gml,500,0,4,48,0.9399156824366307,0.24587902429491437,0.26575793818579296,0.4795121951219512
pretrain,CERNET.gml,500,0,4,49,0.9428976602201755,0.24539390105838568,0.2662999453267115,0.45951219512195124
pretrain,CERNET.gml,500,0,5,0,0.936942555130537,0.26370776082175446,0.2556018783263152,0.9297560975609753
pretrain,CERNET.gml,500,0,5,1,0.9375256947260255,0.26236595814302316,0.25557121062029026,0.46048780487804886
pretrain,CERNET.gml,500,0,5,2,0.9381298625670259,0.2724391944073235,0.25550093948169433,0.474390243902439
pretrain,CERNET.gml,500,0,5,3,0.9375310777214984,0.2780640605932247,0.25549435290899325,0.47707317073170735
pretrain,CERNET.gml,500,0,5,4,0.9351466548410577,0.2594234911414537,0.25547006097815717,0.44536585365853665
pretrain,CERNET.gml,500,0,5,5,0.9370596197349629,0.26144548095908265,0.2554169088116188,0.46414634146341466
pretrain,CERNET.gml,500,0,5,6,0.9387304959520061,0.2693947799127488,0.2554244257007192,0.4753658536585366
pretrain,CERNET.gml,500,0,5,7,0.9398498030422993,0.2935924352104427,0.25549041802602535,0.5036585365853659
pretrain,CERNET.gml,500,0,5,8,0.939326120877947,0.27046892834383435,0.2555766737489736,0.4529268292682927
pretrain,CERNET.gml,500,0,5,9,0.936346586579974,0.24462051744480043,0.2556581264285057,0.4304878048780487
pretrain,CERNET.gml,500,0,5,10,0.9345604147303472,0.2199166175095161,0.2557070616752298,0.41341463414634144
pretrain,CERNET.gml,500,0,5,11,0.9417437426000748,0.2859914280896622,0.25568058373708846,0.531219512195122
pretrain,CERNET.gml,500,0,5,12,0.939316098964465,0.25045300077510435,0.25580315902076844,0.4314634146341463
pretrain,CERNET.gml,500,0,5,13,0.9363456375887917,0.2220236120234342,0.25590637033424607,0.41487804878048773
pretrain,CERNET.gml,500,0,5,14,0.9428866140162084,0.27860620061189495,0.25602129897105025,0.5207317073170732
pretrain,CERNET.gml,500,0,5,15,0.9428909085816586,0.2773571999515033,0.25618667559153774,0.47682926829268285
pretrain,CERNET.gml,500,0,5,16,0.9376089898610224,0.24076369247453447,0.2562533560570308,0.42073170731707316
pretrain,CERNET.gml,500,0,5,17,0.9381323076683141,0.25363991445813633,0.256261993705331,0.46878048780487813
pretrain,CERNET.gml,500,0,5,18,0.9381343760114019,0.2528902531755586,0.2563991234409329,0.45780487804878045
pretrain,CERNET.gml,500,0,5,19,0.9422875595995082,0.261170711928636,0.2565811558246884,0.47317073170731705
pretrain,CERNET.gml,500,0,5,20,0.9381303113786714,0.25291652687613475,0.25670619121397154,0.45268292682926836
pretrain,CERNET.gml,500,0,5,21,0.9369440163365249,0.23600060763559852,0.256905005337344,0.43609756097560975
pretrain,CERNET.gml,500,0,5,22,0.9387265603654038,0.24232928736288906,0.2571129925915191,0.45780487804878045
pretrain,CERNET.gml,500,0,5,23,0.9423195557768891,0.2842645479611774,0.25718923456666404,0.5160975609756098
pretrain,CERNET.gml,500,0,5,24,0.9369398912099459,0.23382635905370913,0.25746026675647005,0.40634146341463423
pretrain,CERNET.gml,500,0,5,25,0.9381288126799588,0.2552838433626904,0.25759599775095854,0.4775609756097561
pretrain,CERNET.gml,500,0,5,26,0.9369156989669656,0.23166230524520887,0.25784171226046154,0.42926829268292677
pretrain,CERNET.gml,500,0,5,27,0.9381284088898223,0.24122880285891404,0.25808768992696823,0.45975609756097563
pretrain,CERNET.gml,500,0,5,28,0.9363461138564051,0.2165285705031067,0.258340505617924,0.41560975609756096
pretrain,CERNET.gml,500,0,5,29,0.9416951926058572,0.23868048631573,0.2585507279701834,0.4709756097560976
pretrain,CERNET.gml,500,0,5,30,0.9411100060910875,0.26735038492416174,0.25885019102023427,0.4958536585365853
pretrain,CERNET.gml,500,0,5,31,0.9440619002505287,0.26684159081925596,0.2592182877923769,0.4714634146341463
pretrain,CERNET.gml,500,0,5,32,0.9421681055065735,0.2745513835258402,0.2595034075420027,0.4851219512195121
pretrain,CERNET.gml,500,0,5,33,0.9416940743796428,0.24173050859653522,0.2598772109824621,0.43243902439024384
pretrain,CERNET.gml,500,0,5,34,0.940526842274318,0.25837678943224623,0.2601101840407529,0.47975609756097565
pretrain,CERNET.gml,500,0,5,35,0.9428930473329321,0.26119448768454473,0.26043871086147585,0.47414634146341456
pretrain,CERNET.gml,500,0,5,36,0.938733000506838,0.2726398483257819,0.2608869893098291,0.4802439024390243
pretrain,CERNET.gml,500,0,5,37,0.9363460166601895,0.23699390186157085,0.26119084196574405,0.4226829268292682
pretrain,CERNET.gml,500,0,5,38,0.9381274381527059,0.2552637476527033,0.2615621861363082,0.48121951219512193
pretrain,CERNET.gml,500,0,5,39,0.9387206240045765,0.22775581340770532,0.26198982008476857,0.4246341463414634
pretrain,CERNET.gml,500,0,5,40,0.9369429446028076,0.24759708508090894,0.26237730577825535,0.4739024390243902
pretrain,CERNET.gml,500,0,5,41,0.9369493520601154,0.2679282446867303,0.2627410417320292,0.48829268292682937
pretrain,CERNET.gml,500,0,5,42,0.9387051398615021,0.2298081288532528,0.26318024584197147,0.41853658536585375
pretrain,CERNET.gml,500,0,5,43,0.9393193253559351,0.2141824417232132,0.2633751189471761,0.424390243902439
pretrain,CERNET.gml,500,0,5,44,0.9399124168304598,0.2155812101740666,0.2636442487105848,0.44000000000000006
pretrain,CERNET.gml,500,0,5,45,0.9363482829574092,0.22831732709371189,0.2640810433169269,0.45682926829268294
pretrain,CERNET.gml,500,0,5,46,0.939301857610161,0.2455578583678972,0.26457741004700225,0.47682926829268296
pretrain,CERNET.gml,500,0,5,47,0.9399186808158522,0.2660069866297508,0.2650100291224499,0.4836585365853659
pretrain,CERNET.gml,500,0,5,48,0.9399108533070116,0.2215889944708714,0.26540368290494015,0.41292682926829266
pretrain,CERNET.gml,500,0,5,49,0.9381468415864812,0.2095148382188356,0.26577349548856627,0.4241463414634146
pretrain,CERNET.gml,500,0,6,0,0.9399345369956742,0.2765189381127722,0.25531442542524935,0.9492682926829269
pretrain,CERNET.gml,500,0,6,1,0.936354356419556,0.27161058162314267,0.2552424977545269,0.46268292682926826
pretrain,CERNET.gml,500,0,6,2,0.9363699227071096,0.2555186782649,0.2552069505248421,0.4458536585365854
pretrain,CERNET.gml,500,0,6,3,0.9394186441460016,0.2770088974913621,0.2551650638743893,0.48951219512195115
pretrain,CERNET.gml,500,0,6,4,0.9375322080398362,0.2731664798338934,0.25518832754176807,0.4660975609756097
pretrain,CERNET.gml,500,0,6,5,0.9357596340488393,0.23474829012435416,0.25521248300702337,0.41609756097560974
pretrain,CERNET.gml,500,0,6,6,0.939878001299382,0.2579419127386819,0.25517776531073383,0.47756097560975613
pretrain,CERNET.gml,500,0,6,7,0.9375348418480157,0.2814360308973321,0.2552023418615216,0.49243902439024395
pretrain,CERNET.gml,500,0,6,8,0.9369447827331533,0.26522338348204627,0.25525661152483936,0.4539024390243903
pretrain,CERNET.gml,500,0,6,9,0.9405057982149875,0.2864416669902202,0.25526761660916597,0.4958536585365853
pretrain,CERNET.gml,500,0,6,10,0.9351506201793751,0.25182579500851354,0.2553018200089433,0.4292682926829269
pretrain,CERNET.gml,500,0,6,11,0.9393370345035599,0.26857275314305645,0.25536815760852044,0.4821951219512195
pretrain,CERNET.gml,500,0,6,12,0.938128336118202,0.2702121738094872,0.2554041259550403,0.47146341463414637
pretrain,CERNET.gml,500,0,6,13,0.9387062102426776,0.2622007338777288,0.2555124088212055,0.4585365853658537
pretrain,CERNET.gml,500,0,6,14,0.9411057994307542,0.2580954320495935,0.2556474950106285,0.46195121951219514
pretrain,CERNET.gml,500,0,6,15,0.9393923048869693,0.2855942470773618,0.25582434067096443,0.4970731707317073
pretrain,CERNET.gml,500,0,6,16,0.9393314116396749,0.2826340291737887,0.25586421650464874,0.4817073170731707
pretrain,CERNET.gml,500,0,6,17,0.9375316493029118,0.23541702578074686,0.25597620882002825,0.412439024390244
pretrain,CERNET.gml,500,0,6,18,0.9327790471195827,0.23261415299998064,0.256127675296186,0.4395121951219512
pretrain,CERNET.gml,500,0,6,19,0.9375383780250619,0.2530323031064503,0.25625079208804213,0.47609756097560985
pretrain,CERNET.gml,500,0,6,20,0.9422920662701987,0.2662332478174617,0.25631296183958485,0.48073170731707326
pretrain,CERNET.gml,500,0,6,21,0.9387364405558087,0.25406386315489526,0.2564725330996456,0.4502439024390244
pretrain,CERNET.gml,500,0,6,22,0.9399174610906882,0.24679744017457095,0.2566002162268086,0.44951219512195123
pretrain,CERNET.gml,500,0,6,23,0.9392772474164927,0.2589664009311611,0.2567370770294615,0.47707317073170735
pretrain,CERNET.gml,500,0,6,24,0.9417073357040705,0.26040900704379993,0.2569554236217871,0.46829268292682924
pretrain,CERNET.gml,500,0,6,25,0.9393179537365908,0.23428778569418465,0.2571450947064933,0.42951219512195127
pretrain,CERNET.gml,500,0,6,26,0.9351569553968977,0.2277054732990093,0.2574298567639025,0.43707317073170726
pretrain,CERNET.gml,500,0,6,27,0.9369401590848501,0.24700389414554788,0.25765188706746583,0.4721951219512196
pretrain,CERNET.gml,500,0,6,28,0.9411010922951206,0.26039652360219745,0.2579131520673495,0.4721951219512195
pretrain,CERNET.gml,500,0,6,29,0.941100852353956,0.25574793253804445,0.2581127613702452,0.46707317073170734
pretrain,CERNET.gml,500,0,6,30,0.9363514117993781,0.21946335505487216,0.2584057327674382,0.40780487804878046
pretrain,CERNET.gml,500,0,6,31,0.9357641559344823,0.2076784627701435,0.25869744698463715,0.42073170731707316
pretrain,CERNET.gml,500,0,6,32,0.9375366671617686,0.21545362487344424,0.2589324789614298,0.43853658536585366
pretrain,CERNET.gml,500,0,6,33,0.9369494122220142,0.23755530439678435,0.2591192605157099,0.46463414634146344
pretrain,CERNET.gml,500,0,6,34,0.93872526241993,0.2385980716869054,0.25933736595442614,0.45780487804878045
pretrain,CERNET.gml,500,0,6,35,0.9381303306774854,0.24106416376603768,0.25970054468313114,0.45268292682926836
pretrain,CERNET.gml,500,0,6,36,0.9393180920609089,0.24694421882421289,0.2600213172967186,0.46585365853658534
pretrain,CERNET.gml,500,0,6,37,0.9381375125185796,0.23918983515594097,0.26029317881248837,0.4497560975609756
pretrain,CERNET.gml,500,0,6,38,0.9405300146054989,0.24290015551594132,0.26078573363000335,0.458780487804878
pretrain,CERNET.gml,500,0,6,39,0.9339707590462825,0.20280905063105567,0.26108618639417414,0.3939024390243903
pretrain,CERNET.gml,500,0,6,40,0.9405103750223452,0.23022249089186902,0.2612564876745755,0.4729268292682927
pretrain,CERNET.gml,500,0,6,41,0.9345642465557982,0.21675020964003375,0.261727385268968,0.4251219512195122
pretrain,CERNET.gml,500,0,6,42,0.9387285889155341,0.23244331161265944,0.26200111734480724,0.4607317073170732
pretrain,CERNET.gml,500,0,6,43,0.93932315302338,0.24328606313226817,0.26212502157836604,0.46024390243902435
pretrain,CERNET.gml,500,0,6,44,0.9416932731632383,0.21774813224276332,0.2624248698809655,0.4258536585365854
pretrain,CERNET.gml,500,0,6,45,0.938725844259225,0.23192346636168848,0.2628512444125976,0.46048780487804886
pretrain,CERNET.gml,500,0,6,46,0.9363528182346033,0.22036731277729768,0.2632541488275082,0.42756097560975614
pretrain,CERNET.gml,500,0,6,47,0.9357490541668521,0.2007331921820536,0.26371417522358825,0.4087804878048781
pretrain,CERNET.gml,500,0,6,48,0.9417177539848034,0.21942705385877406,0.26410192598031473,0.4602439024390244
pretrain,CERNET.gml,500,0,6,49,0.9369454918856,0.20791346030539362,0.2646702568398962,0.4224390243902439
pretrain,CERNET.gml,500,0,7,0,0.9351658880032776,0.2814631556254848,0.2556742732319842,0.9509756097560976
pretrain,CERNET.gml,500,0,7,1,0.9393134621511087,0.23890897555178217,0.2556037012819116,0.41756097560975614
pretrain,CERNET.gml,500,0,7,2,0.9359226914854177,0.26711362281098866,0.25558921880318397,0.48341463414634145
pretrain,CERNET.gml,500,0,7,3,0.937549284213761,0.2817419186678404,0.25558427080299334,0.4851219512195123
pretrain,CERNET.gml,500,0,7,4,0.937380989654087,0.2945801509449838,0.25558937874804644,0.4926829268292683
pretrain,CERNET.gml,500,0,7,5,0.9369568688691994,0.2835723423502893,0.2555640516353194,0.4702439024390244
pretrain,CERNET.gml,500,0,7,6,0.9381272188493539,0.27607098747359116,0.2555817009498303,0.46756097560975607
pretrain,CERNET.gml,500,0,7,7,0.9399095166687719,0.282157067554763,0.25565684523619314,0.4821951219512196
pretrain,CERNET.gml,500,0,7,8,0.9405074122934232,0.269718505419086,0.255702508959144,0.4617073170731707
pretrain,CERNET.gml,500,0,7,9,0.9375248425775484,0.27445231226703093,0.2557331282724537,0.47390243902439033
pretrain,CERNET.gml,500,0,7,10,0.9399105653976126,0.276264689481912,0.2558511571294446,0.47682926829268296
pretrain,CERNET.gml,500,0,7,11,0.9386647560789414,0.2544825417450261,0.2559892935376526,0.4407317073170732
pretrain,CERNET.gml,500,0,7,12,0.9357516055174822,0.25610049907164356,0.25598661356201463,0.46048780487804875
pretrain,CERNET.gml,500,0,7,13,0.9345612128714615,0.2494700065401787,0.2560496822899175,0.45048780487804874
pretrain,CERNET.gml,500,0,7,14,0.9363499263738057,0.22988301237719586,0.25621787177140914,0.42390243902439023
pretrain,CERNET.gml,500,0,7,15,0.9375343817405897,0.2568617448413998,0.25622980149032515,0.48365853658536584
pretrain,CERNET.gml,500,0,7,16,0.9357511207746649,0.2680938847399486,0.25640820237641354,0.4739024390243902
pretrain,CERNET.gml,500,0,7,17,0.9327780229243502,0.1994465879947219,0.25641161780896143,0.36902439024390243
pretrain,CERNET.gml,500,0,7,18,0.9405041673980379,0.23684387828024242,0.2564720529564747,0.4804878048780489
pretrain,CERNET.gml,500,0,7,19,0.9351579380680464,0.2469237779882511,0.25672033060416205,0.45902439024390246
pretrain,CERNET.gml,500,0,7,20,0.9399059003437231,0.26614986206073216,0.2568938547342813,0.48707317073170736
pretrain,CERNET.gml,500,0,7,21,0.9351600630992527,0.20414564623002704,0.2571875604971508,0.3770731707317073
pretrain,CERNET.gml,500,0,7,22,0.9404987006754081,0.254609503188408,0.2572685220163653,0.5
pretrain,CERNET.gml,500,0,7,23,0.9405020446561314,0.24232288039796246,0.25739241928472145,0.4473170731707317
pretrain,CERNET.gml,500,0,7,24,0.937536187209397,0.25553967804663497,0.25759924439066545,0.4695121951219513
pretrain,CERNET.gml,500,0,7,25,0.934561736811701,0.2459410742455986,0.25781919720015495,0.4465853658536586
pretrain,CERNET.gml,500,0,7,26,0.9375321806290953,0.26137846094198763,0.2580149407864612,0.4802439024390243
pretrain,CERNET.gml,500,0,7,27,0.9398941396352143,0.26979907510248957,0.2582525368276365,0.4829268292682926
pretrain,CERNET.gml,500,0,7,28,0.938129364882731,0.22958996698227946,0.2585427025860542,0.41073170731707315
pretrain,CERNET.gml,500,0,7,29,0.9405139519488966,0.2520175264258849,0.2586451912677171,0.48243902439024383
pretrain,CERNET.gml,500,0,7,30,0.9333741048556544,0.21789398367767415,0.2589317428859368,0.40609756097560973
pretrain,CERNET.gml,500,0,7,31,0.9369257958618539,0.23070950601069054,0.25917690053531095,0.4575609756097561
pretrain,CERNET.gml,500,0,7,32,0.9434702409673421,0.2660405554814135,0.259538993576908,0.4953658536585366
pretrain,CERNET.gml,500,0,7,33,0.9369390136893151,0.21084395013304316,0.25964766579239806,0.38926829268292684
pretrain,CERNET.gml,500,0,7,34,0.9387496656734738,0.23015672285729696,0.2598457921306988,0.45999999999999996
pretrain,CERNET.gml,500,0,7,35,0.9387219093872157,0.22533838003903636,0.2601571095911456,0.4395121951219512
pretrain,CERNET.gml,500,0,7,36,0.936937658562945,0.20351663910068626,0.2604829090076046,0.4080487804878049
pretrain,CERNET.gml,500,0,7,37,0.9387292021259582,0.24766039448069593,0.26073071571443424,0.49731707317073165
pretrain,CERNET.gml,500,0,7,38,0.9416960120558089,0.23450948347359898,0.2610368454745881,0.4414634146341464
pretrain,CERNET.gml,500,0,7,39,0.9357628816935627,0.2131313066668336,0.26138019959069664,0.414390243902439
pretrain,CERNET.gml,500,0,7,40,0.9440699810692031,0.25632165507794136,0.2615923399409588,0.5019512195121951
pretrain,CERNET.gml,500,0,7,41,0.9369446408146676,0.21577647012308762,0.2619791692322467,0.40487804878048783
pretrain,CERNET.gml,500,0,7,42,0.933979194380493,0.19585560809893512,0.2623278652133044,0.404390243902439
pretrain,CERNET.gml,500,0,7,43,0.9399204323194026,0.2480564341957651,0.2625922735500056,0.5048780487804879
pretrain,CERNET.gml,500,0,7,44,0.9375255431696985,0.24628907276278614,0.26308793657910745,0.45097560975609763
pretrain,CERNET.gml,500,0,7,45,0.9345684000171952,0.21286456905709564,0.26345778921909163,0.4109756097560976
pretrain,CERNET.gml,500,0,7,46,0.9386768169249946,0.2363682301213736,0.2637750754308711,0.4763414634146342
pretrain,CERNET.gml,500,0,7,47,0.9393206339093618,0.2515691822963783,0.2642323858178714,0.4758536585365854
pretrain,CERNET.gml,500,0,7,48,0.9411030306218167,0.23282927208443868,0.26472833366145376,0.4392682926829268
pretrain,CERNET.gml,500,0,7,49,0.9399203223586791,0.22517246039129762,0.26510466009021544,0.4360975609756098
pretrain,CERNET.gml,500,0,8,0,0.9387234569837313,0.28433258823916563,0.25603869827368136,0.9582926829268291
pretrain,CERNET.gml,500,0,8,1,0.9351984761500677,0.2704052578693617,0.25599740897274803,0.4529268292682927
pretrain,CERNET.gml,500,0,8,2,0.9363608022559148,0.27726335771535193,0.2559827157233943,0.47682926829268296
pretrain,CERNET.gml,500,0,8,3,0.9387442628297497,0.29880697522390465,0.25596097630382747,0.5021951219512195
pretrain,CERNET.gml,500,0,8,4,0.932777977475189,0.2428042126128821,0.2559628303682861,0.40487804878048783
pretrain,CERNET.gml,500,0,8,5,0.9369454035224738,0.2741837399478592,0.25596837262100364,0.4953658536585366
pretrain,CERNET.gml,500,0,8,6,0.935155805453429,0.2646437693422096,0.25602629694040885,0.4573170731707317
pretrain,CERNET.gml,500,0,8,7,0.9363424267992181,0.2341973847485907,0.2561018608006853,0.42121951219512194
pretrain,CERNET.gml,500,0,8,8,0.9393191942114496,0.24706004118266764,0.2560628668441537,0.4624390243902438
pretrain,CERNET.gml,500,0,8,9,0.9357559656487061,0.2566521835592363,0.25605470283489656,0.46634146341463406
pretrain,CERNET.gml,500,0,8,10,0.9405208852813841,0.2898001902376369,0.2561347950728887,0.5085365853658536
pretrain,CERNET.gml,500,0,8,11,0.9357621581457274,0.2534781441400458,0.2562084777796945,0.4292682926829269
pretrain,CERNET.gml,500,0,8,12,0.9381219184995211,0.2327692611500304,0.2562120804755111,0.42926829268292677
pretrain,CERNET.gml,500,0,8,13,0.9387215919071753,0.2674718354832598,0.25631173703945065,0.4926829268292683
pretrain,CERNET.gml,500,0,8,14,0.9399207043994492,0.2586215541286385,0.25635542412603396,0.45829268292682923
pretrain,CERNET.gml,500,0,8,15,0.9393162709356546,0.24109060021920695,0.2565764114799149,0.43536585365853664
pretrain,CERNET.gml,500,0,8,16,0.9398991981482022,0.2602028012647153,0.2567155307659444,0.4809756097560976
pretrain,CERNET.gml,500,0,8,17,0.9422898618586542,0.2858281322913314,0.25692108593986956,0.5024390243902439
pretrain,CERNET.gml,500,0,8,18,0.9357411138016699,0.23112899516164337,0.2570809525330094,0.4017073170731707
pretrain,CERNET.gml,500,0,8,19,0.9357739942239087,0.24668245240891387,0.25717942636921304,0.4631707317073171
pretrain,CERNET.gml,500,0,8,20,0.9386951353704327,0.25984239684281424,0.2572083141729715,0.4763414634146342
pretrain,CERNET.gml,500,0,8,21,0.9405068313297087,0.22341608112684588,0.2574149031598596,0.4131707317073171
pretrain,CERNET.gml,500,0,8,22,0.9418721479027735,0.26423569487330417,0.2575053058615044,0.49975609756097555
pretrain,CERNET.gml,500,0,8,23,0.938124115596849,0.26625235857056456,0.257784477298346,0.4717073170731707
pretrain,CERNET.gml,500,0,8,24,0.9413230271925932,0.2608754352126697,0.2580239564700891,0.4660975609756097
pretrain,CERNET.gml,500,0,8,25,0.9369392221754359,0.2388601101043556,0.25831598030137104,0.43195121951219506
pretrain,CERNET.gml,500,0,8,26,0.9434753544961821,0.25879712160575674,0.2584491364909606,0.48195121951219505
pretrain,CERNET.gml,500,0,8,27,0.9399142993355425,0.22576977310504606,0.2586840671433631,0.4139024390243902
pretrain,CERNET.gml,500,0,8,28,0.9357961575172388,0.21346802125298328,0.2588138727759707,0.4224390243902439
pretrain,CERNET.gml,500,0,8,29,0.9393213811394295,0.25279807294866496,0.2590441831485616,0.4885365853658537
pretrain,CERNET.gml,500,0,8,30,0.9411109695143168,0.28699899830638204,0.25929153656470333,0.5151219512195122
pretrain,CERNET.gml,500,0,8,31,0.9428713746648862,0.25431210042645375,0.25957721021815366,0.4414634146341464
pretrain,CERNET.gml,500,0,8,32,0.9399110198848678,0.23931785472181366,0.2598482124945866,0.44219512195121946
pretrain,CERNET.gml,500,0,8,33,0.9381268658494709,0.2587966087106213,0.26022564062078407,0.4785365853658537
pretrain,CERNET.gml,500,0,8,34,0.9357517317841625,0.2368885619254695,0.26056034614339735,0.4329268292682927
pretrain,CERNET.gml,500,0,8,35,0.9351573650013842,0.19311514031737348,0.26074467986056515,0.3836585365853659
pretrain,CERNET.gml,500,0,8,36,0.9369399551580078,0.24717785534049844,0.2608049027697479,0.4968292682926829
pretrain,CERNET.gml,500,0,8,37,0.9386991810759157,0.24971228205913432,0.2612053513434772,0.46463414634146344
pretrain,CERNET.gml,500,0,8,38,0.9375332227443058,0.23317390379289651,0.26158200237281976,0.4373170731707317
pretrain,CERNET.gml,500,0,8,39,0.9410990011374986,0.21629322652909821,0.2619006146157341,0.4268292682926829
pretrain,CERNET.gml,500,0,8,40,0.9434777082168302,0.2587875821809328,0.2622786150898461,0.5019512195121951
pretrain,CERNET.gml,500,0,8,41,0.9369404016376254,0.2123146751361129,0.2626003798339968,0.39780487804878056
pretrain,CERNET.gml,500,0,8,42,0.9369344945042002,0.2134265836165592,0.2628861409592403,0.43585365853658536
pretrain,CERNET.gml,500,0,8,43,0.9363550114616035,0.21319302327985737,0.26312383411098544,0.4351219512195123
pretrain,CERNET.gml,500,0,8,44,0.9375366527242323,0.22310941668989617,0.26359711059212587,0.45317073170731703
pretrain,CERNET.gml,500,0,8,45,0.9399142132798748,0.24187332448848825,0.26416567273090374,0.47146341463414637
pretrain,CERNET.gml,500,0,8,46,0.9399180380686496,0.23414593523719837,0.26476621579605614,0.4487804878048781
pretrain,CERNET.gml,500,0,8,47,0.9369563216748771,0.22443544792261358,0.26522172274001804,0.4351219512195122
pretrain,CERNET.gml,500,0,8,48,0.9357528368022856,0.22961566635150213,0.265692769539222,0.4441463414634146
pretrain,CERNET.gml,500,0,8,49,0.939911148809981,0.23399229979856573,0.2660774889106743,0.45634146341463416
pretrain,CERNET.gml,500,0,9,0,0.9384273876288886,0.29800381362485057,0.2559787535436492,0.9753658536585368
pretrain,CERNET.gml,500,0,9,1,0.938722424101876,0.2518528743234517,0.2558770816543373,0.42195121951219516
pretrain,CERNET.gml,500,0,9,2,0.9387957197479768,0.2883642411019032,0.2558784800186837,0.5060975609756098
pretrain,CERNET.gml,500,0,9,3,0.9375458822386903,0.2628109736085047,0.25584442549110026,0.44317073170731713
pretrain,CERNET.gml,500,0,9,4,0.9369431522199027,0.2536527953431979,0.25578793614656614,0.44780487804878055
pretrain,CERNET.gml,500,0,9,5,0.9393069415134744,0.26929280250279763,0.25575499622437087,0.48048780487804876
pretrain,CERNET.gml,500,0,9,6,0.9400233748558134,0.26042845769701667,0.2557485288160613,0.4551219512195122
pretrain,CERNET.gml,500,0,9,7,0.9399012238611346,0.25265916132410177,0.2557717223504237,0.4514634146341463
pretrain,CERNET.gml,500,0,9,8,0.937539017211102,0.28657692566478576,0.25585776212435785,0.5041463414634146
pretrain,CERNET.gml,500,0,9,9,0.944068728640004,0.28826105812919195,0.25595003491080076,0.484390243902439
pretrain,CERNET.gml,500,0,9,10,0.9369413098774986,0.24281020869729344,0.2559413708290632,0.4126829268292683
pretrain,CERNET.gml,500,0,9,11,0.9404932908904894,0.27778919081103937,0.2558632929049384,0.5004878048780488
pretrain,CERNET.gml,500,0,9,12,0.9363431280248445,0.2632126230639884,0.25594214112604236,0.45024390243902435
pretrain,CERNET.gml,500,0,9,13,0.9357469897582236,0.2619224819227863,0.2560228581715292,0.4609756097560975
pretrain,CERNET.gml,500,0,9,14,0.9393191025678919,0.2787597145148561,0.2560307395768591,0.4907317073170732
pretrain,CERNET.gml,500,0,9,15,0.93753548836569,0.24051638938660425,0.25614159920525603,0.42073170731707316
pretrain,CERNET.gml,500,0,9,16,0.9345607089439711,0.22659392034167194,0.2562410398044021,0.42707317073170736
pretrain,CERNET.gml,500,0,9,17,0.9381080134689935,0.24842352598219725,0.2563143301786255,0.47195121951219515
pretrain,CERNET.gml,500,0,9,18,0.9399086083392351,0.25295024777474945,0.2564286741451239,0.4641463414634146
pretrain,CERNET.gml,500,0,9,19,0.9369421059745257,0.2568480599473844,0.2566057408350949,0.4660975609756097
pretrain,CERNET.gml,500,0,9,20,0.9369469750031071,0.24644526666675426,0.25673737822060394,0.444390243902439
pretrain,CERNET.gml,500,0,9,21,0.9399135549730125,0.25435686235070215,0.2567525813583166,0.4700000000000001
pretrain,CERNET.gml,500,0,9,22,0.9399162562542025,0.27683123134575044,0.2569419927491865,0.4917073170731707
pretrain,CERNET.gml,500,0,9,23,0.9351538391623582,0.23822852503040792,0.2570175874278968,0.4165853658536586
pretrain,CERNET.gml,500,0,9,24,0.9405089141275955,0.2664648147435135,0.25706955434162276,0.49390243902439024
pretrain,CERNET.gml,500,0,9,25,0.9315869492776595,0.22431695760039663,0.2573214202293641,0.4002439024390244
pretrain,CERNET.gml,500,0,9,26,0.942884601787738,0.27546942821456066,0.257366951527589,0.5192682926829268
pretrain,CERNET.gml,500,0,9,27,0.9381288645235496,0.2624151875159485,0.25758186530404426,0.4573170731707317
pretrain,CERNET.gml,500,0,9,28,0.9357537905962653,0.25405435751211397,0.25778933487898975,0.44829268292682933
pretrain,CERNET.gml,500,0,9,29,0.9381328667451176,0.27961500180245097,0.25791153796040145,0.5029268292682927
pretrain,CERNET.gml,500,0,9,30,0.9405119470261549,0.2692282355426422,0.2582112173566118,0.46707317073170734
pretrain,CERNET.gml,500,0,9,31,0.937535404752446,0.24769626927526245,0.25850254602209266,0.44195121951219507
pretrain,CERNET.gml,500,0,9,32,0.9363623902203102,0.22758134596870774,0.25871597210387776,0.42682926829268303
pretrain,CERNET.gml,500,0,9,33,0.9405034856183357,0.27546730307057754,0.2589785932223097,0.5119512195121951
pretrain,CERNET.gml,500,0,9,34,0.9398980036362207,0.2350499713734399,0.25921291328575496,0.4236585365853659
pretrain,CERNET.gml,500,0,9,35,0.9351542865575243,0.22366405130505823,0.2595518788940198,0.42707317073170736
pretrain,CERNET.gml,500,0,9,36,0.9387242758205873,0.231513149264538,0.25960451740270124,0.45317073170731714
pretrain,CERNET.gml,500,0,9,37,0.9363472359713538,0.2253632258397339,0.2598525213723121,0.43780487804878054
pretrain,CERNET.gml,500,0,9,38,0.9375366475557089,0.23480745812776774,0.2600568475850475,0.4551219512195121
pretrain,CERNET.gml,500,0,9,39,0.9416928817001663,0.24075796543199354,0.2604220601218415,0.4617073170731707
pretrain,CERNET.gml,500,0,9,40,0.9381299353274537,0.23821083396675144,0.2608148892059181,0.44951219512195123
pretrain,CERNET.gml,500,0,9,41,0.9387203863586986,0.22166623279539036,0.26118393135430856,0.43073170731707316
pretrain,CERNET.gml,500,0,9,42,0.9375356036898134,0.22162981434281426,0.26162091034091645,0.4351219512195122
pretrain,CERNET.gml,500,0,9,43,0.9411023228829716,0.23348825580303123,0.2618205663150992,0.4614634146341462
pretrain,CERNET.gml,500,0,9,44,0.9416983275848315,0.25170025343594266,0.2621690965784908,0.4775609756097561
pretrain,CERNET.gml,500,0,9,45,0.9393172544412676,0.22712457581931905,0.26259615164926087,0.4309756097560976
pretrain,CERNET.gml,500,0,9,46,0.9363436773579475,0.24355730395458838,0.2630140217679304,0.46756097560975607
pretrain,CERNET.gml,500,0,9,47,0.9393228886800902,0.23243205805192715,0.2634317496492941,0.44219512195121957
pretrain,CERNET.gml,500,0,9,48,0.9387282486142221,0.2273598528754935,0.2637668335642474,0.43902439024390244
pretrain,CERNET.gml,500,0,9,49,0.9363593739793609,0.19744381055920288,0.2640774147539997,0.4002439024390243
pretrain,CERNET.gml,500,0,10,0,0.9351501225569062,0.2587114557477477,0.25740461452425417,0.9197560975609754
pretrain,CERNET.gml,500,0,10,1,0.9357475159093616,0.24563504208253104,0.2573249611836333,0.44121951219512184
pretrain,CERNET.gml,500,0,10,2,0.9363655809054512,0.27612546805593935,0.25730648203990514,0.4929268292682927
pretrain,CERNET.gml,500,0,10,3,0.9379105438473336,0.2677175413530249,0.2573277520799526,0.45926829268292685
pretrain,CERNET.gml,500,0,10,4,0.9357487883261142,0.24113075079171464,0.2572842770896618,0.42609756097560975
pretrain,CERNET.gml,500,0,10,5,0.9393637945839887,0.2744635178583217,0.25720612717363234,0.4963414634146342
pretrain,CERNET.gml,500,0,10,6,0.9369740598553745,0.24553074743295975,0.25719806203548995,0.4285365853658536
pretrain,CERNET.gml,500,0,10,7,0.9393130547517464,0.2586790046572089,0.25721449547624425,0.4729268292682927
pretrain,CERNET.gml,500,0,10,8,0.9375368506102952,0.27891711611982994,0.25732644865073984,0.4858536585365854
pretrain,CERNET.gml,500,0,10,9,0.935750754552311,0.25875112714752824,0.25732793859752146,0.4424390243902439
pretrain,CERNET.gml,500,0,10,10,0.9387218038387718,0.2599522749882717,0.2573112414486141,0.4629268292682927
pretrain,CERNET.gml,500,0,10,11,0.9398805995677191,0.25960235134371284,0.2573977970489407,0.46268292682926826
pretrain,CERNET.gml,500,0,10,12,0.9393192275069489,0.2482623287353914,0.25748403865579006,0.4480487804878049
pretrain,CERNET.gml,500,0,10,13,0.9422888521804772,0.2782385791108798,0.2575966015856883,0.49926829268292683
pretrain,CERNET.gml,500,0,10,14,0.9422928895572381,0.29255910356007037,0.2577180936884459,0.5
pretrain,CERNET.gml,500,0,10,15,0.9405089042390471,0.24852147126424973,0.25786286435070505,0.42487804878048774
pretrain,CERNET.gml,500,0,10,16,0.936940185043553,0.2573174247638898,0.25804559701332325,0.4634146341463415
pretrain,CERNET.gml,500,0,10,17,0.9369496785419608,0.28732107497185283,0.2581361012942247,0.5048780487804878
pretrain,CERNET.gml,500,0,10,18,0.935156542851222,0.25109702592713773,0.2583325651302034,0.4309756097560975
pretrain,CERNET.gml,500,0,10,19,0.9375390073530669,0.2661365448925356,0.2584786258434145,0.48195121951219516
pretrain,CERNET.gml,500,0,10,20,0.9357499259996512,0.21560749819342093,0.2587416000339108,0.39219512195121947
pretrain,CERNET.gml,500,0,10,21,0.9428902522033626,0.2661698779715256,0.2587448802486688,0.51
pretrain,CERNET.gml,500,0,10,22,0.9369367414070479,0.25600247596934056,0.2588976364359132,0.45317073170731714
pretrain,CERNET.gml,500,0,10,23,0.9393190774595424,0.2630013602755901,0.25895582026603786,0.47463414634146334
pretrain,CERNET.gml,500,0,10,24,0.9387292580230563,0.2624550697736106,0.2591806608609039,0.464390243902439
pretrain,CERNET.gml,500,0,10,25,0.9375371741192308,0.24613031875661628,0.259305208164248,0.44243902439024385
pretrain,CERNET.gml,500,0,10,26,0.9387208001426436,0.23594174017021693,0.2593065620269168,0.4392682926829269
pretrain,CERNET.gml,500,0,10,27,0.9387251501775093,0.23992140735975168,0.2594805635445931,0.45170731707317074
pretrain,CERNET.gml,500,0,10,28,0.9375425742374277,0.2331333280949504,0.2596489740281632,0.443170731707317
pretrain,CERNET.gml,500,0,10,29,0.939320023902471,0.23953843751602857,0.260013740667623,0.4585365853658537
pretrain,CERNET.gml,500,0,10,30,0.9393187366573195,0.25066035953837135,0.2603248715644538,0.4719512195121951
pretrain,CERNET.gml,500,0,10,31,0.9399141282440129,0.22065121437032856,0.26067382736043426,0.4173170731707317
pretrain,CERNET.gml,500,0,10,32,0.9345638692629298,0.24824847494080715,0.2609065104997187,0.4739024390243902
pretrain,CERNET.gml,500,0,10,33,0.9399057524612372,0.24345868730691148,0.26116831857843503,0.45487804878048776
pretrain,CERNET.gml,500,0,10,34,0.9411018837667585,0.22261681321775814,0.2615081823389268,0.4251219512195122
pretrain,CERNET.gml,500,0,10,35,0.938723777002352,0.2405771043366689,0.26185347270691123,0.4629268292682927
pretrain,CERNET.gml,500,0,10,36,0.941691329821597,0.2399175696061401,0.2620728568245225,0.458780487804878
pretrain,CERNET.gml,500,0,10,37,0.9375311425527451,0.22995339836579548,0.26245692358749506,0.43756097560975604
pretrain,CERNET.gml,500,0,10,38,0.9381370935656184,0.2217260765637941,0.26280053676259785,0.4329268292682927
pretrain,CERNET.gml,500,0,10,39,0.9399105614519317,0.2581708360359487,0.2630511749928622,0.49780487804878043
pretrain,CERNET.gml,500,0,10,40,0.9405109379489521,0.2528521989901019,0.26349176865412766,0.4617073170731707
pretrain,CERNET.gml,500,0,10,41,0.9393149685255812,0.23093370989198247,0.2640143517111875,0.43487804878048786
pretrain,CERNET.gml,500,0,10,42,0.9411089641099144,0.2566546053951239,0.26452348279935023,0.4853658536585366
pretrain,CERNET.gml,500,0,10,43,0.9363478708756481,0.19938934649941642,0.2649196104556373,0.3782926829268293
pretrain,CERNET.gml,500,0,10,44,0.9375380899437792,0.21184088144330443,0.2651994561683726,0.44536585365853665
pretrain,CERNET.gml,500,0,10,45,0.9399176602269049,0.26191411448124235,0.26559997409038505,0.5060975609756098
pretrain,CERNET.gml,500,0,10,46,0.936943772965185,0.2164094890365496,0.2660199733966144,0.40780487804878046
pretrain,CERNET.gml,500,0,10,47,0.9369518307795043,0.23132077300386425,0.26649496914445703,0.4607317073170732
pretrain,CERNET.gml,500,0,10,48,0.938229515280988,0.23284961758330858,0.2670590602950801,0.4529268292682927
pretrain,CERNET.gml,500,0,10,49,0.936943388921232,0.2205712470768417,0.26754945188291457,0.4324390243902439
pretrain,CERNET.gml,500,0,11,0,0.935759232364597,0.26315454056357,0.2555115216429926,0.9275609756097561
pretrain,CERNET.gml,500,0,11,1,0.9363662429537012,0.2719724154589861,0.2554564903270594,0.47317073170731705
pretrain,CERNET.gml,500,0,11,2,0.9374314294787798,0.2556946011751575,0.2553940766948135,0.4458536585365854
pretrain,CERNET.gml,500,0,11,3,0.9357765046551876,0.2871087159287834,0.2553835063478682,0.49975609756097567
pretrain,CERNET.gml,500,0,11,4,0.9369191331146539,0.2361294684531745,0.25534508164918823,0.40658536585365856
pretrain,CERNET.gml,500,0,11,5,0.9369378981897452,0.27131844539584193,0.2552981841837465,0.49536585365853675
pretrain,CERNET.gml,500,0,11,6,0.9375330216184745,0.2691209425689487,0.2553027849487766,0.4660975609756097
pretrain,CERNET.gml,500,0,11,7,0.9351756476232114,0.26119088898986154,0.25528206653007884,0.4534146341463415
pretrain,CERNET.gml,500,0,11,8,0.9369387049417496,0.2585388927530473,0.2552828679025149,0.45902439024390246
pretrain,CERNET.gml,500,0,11,9,0.9381269197615719,0.24965112627660732,0.2553649328761651,0.44829268292682933
pretrain,CERNET.gml,500,0,11,10,0.9369377929447205,0.25643220355874374,0.2554277985202035,0.4643902439024391
pretrain,CERNET.gml,500,0,11,11,0.9375299162961781,0.24424100836801094,0.25553500447557365,0.44219512195121957
pretrain,CERNET.gml,500,0,11,12,0.9363854398378496,0.2725928711876605,0.2556294314113592,0.49048780487804877
pretrain,CERNET.gml,500,0,11,13,0.9375355509074156,0.26838301601209047,0.2556423268388202,0.46707317073170734
pretrain,CERNET.gml,500,0,11,14,0.9392919282137924,0.25442390222407407,0.25580727086567295,0.44999999999999996
pretrain,CERNET.gml,500,0,11,15,0.9357745820041081,0.24271221035858342,0.2559006652693872,0.4429268292682928
pretrain,CERNET.gml,500,0,11,16,0.9345642890866527,0.21923465133926587,0.2559884058070137,0.41487804878048784
pretrain,CERNET.gml,500,0,11,17,0.9375670495170296,0.25801225638029657,0.2560436900481066,0.49317073170731707
pretrain,CERNET.gml,500,0,11,18,0.9363488659367061,0.23399010889578062,0.2561669484124962,0.4265853658536586
pretrain,CERNET.gml,500,0,11,19,0.9351558433990648,0.24019105319699588,0.2562847992760898,0.45463414634146343
pretrain,CERNET.gml,500,0,11,20,0.93881339689585,0.26328452233967214,0.2564494996149446,0.4863414634146342
pretrain,CERNET.gml,500,0,11,21,0.9369306299414923,0.24882891211501276,0.25666997868446356,0.444390243902439
pretrain,CERNET.gml,500,0,11,22,0.9393226752409919,0.2440676273855901,0.2567579778474514,0.45292682926829275
pretrain,CERNET.gml,500,0,11,23,0.9387253976756771,0.25427857925478325,0.2569417351547313,0.4707317073170732
pretrain,CERNET.gml,500,0,11,24,0.9399033060646489,0.23871079949729024,0.2571678608970178,0.4409756097560975
pretrain,CERNET.gml,500,0,11,25,0.9368287948008189,0.226211856845725,0.25738962658051806,0.4302439024390244
pretrain,CERNET.gml,500,0,11,26,0.9393208615459777,0.2598955945291545,0.25760147834359975,0.48829268292682926
pretrain,CERNET.gml,500,0,11,27,0.9363468511002531,0.21636800274783163,0.2578634348208736,0.40073170731707314
pretrain,CERNET.gml,500,0,11,28,0.9351667365557526,0.22150378284771793,0.2579752043935039,0.4414634146341464
pretrain,CERNET.gml,500,0,11,29,0.937532838209236,0.22211540039947802,0.2583385850715024,0.4407317073170733
pretrain,CERNET.gml,500,0,11,30,0.9327889684585331,0.23342452582993195,0.25865330634674727,0.44560975609756104
pretrain,CERNET.gml,500,0,11,31,0.9393097449040736,0.23393120758104372,0.25867404241684905,0.45146341463414635
pretrain,CERNET.gml,500,0,11,32,0.9428826662055679,0.2714173293710883,0.25890831339354664,0.5060975609756098
pretrain,CERNET.gml,500,0,11,33,0.935756352963478,0.2167456599192279,0.25927316422552316,0.38853658536585367
pretrain,CERNET.gml,500,0,11,34,0.9369357394089272,0.2559162038045267,0.25935933719742715,0.48975609756097555
pretrain,CERNET.gml,500,0,11,35,0.9399145746341708,0.24334294568880288,0.2596704826086243,0.44634146341463427
pretrain,CERNET.gml,500,0,11,36,0.9369403861023351,0.22411620321467943,0.25984253994244094,0.42853658536585365
pretrain,CERNET.gml,500,0,11,37,0.9381470901486488,0.23948908916762604,0.26023244373031823,0.4651219512195122
pretrain,CERNET.gml,500,0,11,38,0.93753543114961,0.2485670636007854,0.26060622401842404,0.4680487804878049
pretrain,CERNET.gml,500,0,11,39,0.9393235530280473,0.23354568549456844,0.2609981164971533,0.4358536585365853
pretrain,CERNET.gml,500,0,11,40,0.9369474243661841,0.2266465624544335,0.26127269707746864,0.438780487804878
pretrain,CERNET.gml,500,0,11,41,0.9369444085781076,0.25635757619374,0.261641782220186,0.48682926829268286
pretrain,CERNET.gml,500,0,11,42,0.9399054131747793,0.23259539838422535,0.2620233251788122,0.43268292682926834
pretrain,CERNET.gml,500,0,11,43,0.9375326930412952,0.23807663745331176,0.2624115973007496,0.45682926829268294
pretrain,CERNET.gml,500,0,11,44,0.9374385942942521,0.22297407216721873,0.26285834530129043,0.4324390243902439
pretrain,CERNET.gml,500,0,11,45,0.9339700349649983,0.20661513479226648,0.26333399402466334,0.4146341463414635
pretrain,CERNET.gml,500,0,11,46,0.9387244640392278,0.21208193843087114,0.2637026952145261,0.4404878048780487
pretrain,CERNET.gml,500,0,11,47,0.9393032768456855,0.24262832558915118,0.26412870841084773,0.47780487804878047
pretrain,CERNET.gml,500,0,11,48,0.9399246048842742,0.23371746813634753,0.2646084904017661,0.4482926829268292
pretrain,CERNET.gml,500,0,11,49,0.9380798705006379,0.2124145184406348,0.26507382015883507,0.4204878048780488
pretrain,CERNET.gml,500,0,12,0,0.9381498069487244,0.2990763174879086,0.2565840231177148,0.976341463414634
pretrain,CERNET.gml,500,0,12,1,0.9417014909388356,0.28082168282802483,0.2565055662840748,0.4639024390243903
pretrain,CERNET.gml,500,0,12,2,0.9363527568238711,0.2789686289659584,0.2564768137310651,0.4714634146341463
pretrain,CERNET.gml,500,0,12,3,0.9362944080135199,0.24648287684097456,0.2564726864738248,0.42707317073170736
pretrain,CERNET.gml,500,0,12,4,0.939316518497207,0.2593655453975103,0.2564758174921754,0.47243902439024393
pretrain,CERNET.gml,500,0,12,5,0.9398726069835837,0.2624893454860472,0.2565159266894784,0.464390243902439
pretrain,CERNET.gml,500,0,12,6,0.9369287637575131,0.24492459691064872,0.25649694764512027,0.4360975609756098
pretrain,CERNET.gml,500,0,12,7,0.9381207134013186,0.27726798756710314,0.25644166109701505,0.49829268292682927
pretrain,CERNET.gml,500,0,12,8,0.9351727112741867,0.23966876895203157,0.2564881167150965,0.418780487804878
pretrain,CERNET.gml,500,0,12,9,0.9395315974954301,0.28698772085600993,0.2565105581189294,0.5158536585365854
pretrain,CERNET.gml,500,0,12,10,0.9422932386943682,0.27784646115878864,0.25657551897677533,0.4680487804878049
pretrain,CERNET.gml,500,0,12,11,0.9381253638906734,0.2601510123809979,0.25666344483505904,0.4482926829268292
pretrain,CERNET.gml,500,0,12,12,0.9369210209570249,0.23256151313359869,0.25675800169891566,0.42121951219512194
pretrain,CERNET.gml,500,0,12,13,0.9375284694436553,0.22822593347580586,0.2566784324480295,0.43853658536585366
pretrain,CERNET.gml,500,0,12,14,0.9363496055252009,0.251767959661884,0.25676673612039086,0.4729268292682927
pretrain,CERNET.gml,500,0,12,15,0.9339682908919722,0.22579917430821267,0.2569049875318482,0.4185365853658536
pretrain,CERNET.gml,500,0,12,16,0.9369446681547879,0.2443635268407194,0.25700990307688276,0.46634146341463417
pretrain,CERNET.gml,500,0,12,17,0.936347244952462,0.25339041498867587,0.2571840585579655,0.4648780487804878
pretrain,CERNET.gml,500,0,12,18,0.9387756409883227,0.28304527237058197,0.25726987125152095,0.5017073170731707
pretrain,CERNET.gml,500,0,12,19,0.9387242112200337,0.2615729821410835,0.257347728705461,0.4482926829268292
pretrain,CERNET.gml,500,0,12,20,0.9417119619853865,0.28194208695246137,0.25740148336629487,0.49829268292682927
pretrain,CERNET.gml,500,0,12,21,0.9405061596844817,0.2613464230509417,0.2576069663505517,0.45365853658536587
pretrain,CERNET.gml,500,0,12,22,0.9345604482476304,0.20158715914398403,0.2578323370479193,0.3729268292682927
pretrain,CERNET.gml,500,0,12,23,0.9381249557887986,0.23630492868759004,0.2577677482796567,0.4741463414634148
pretrain,CERNET.gml,500,0,12,24,0.9399171544685844,0.2581874800391324,0.2580148933642839,0.4807317073170732
pretrain,CERNET.gml,500,0,12,25,0.941696774984754,0.24556093684385277,0.2582336597329767,0.4482926829268292
pretrain,CERNET.gml,500,0,12,26,0.9375345541716213,0.2466709956458818,0.2583700593259584,0.4558536585365853
pretrain,CERNET.gml,500,0,12,27,0.9381306566646961,0.2432395399922638,0.2586255430710931,0.45268292682926825
pretrain,CERNET.gml,500,0,12,28,0.9392983568027318,0.23655195676711316,0.2588649302525751,0.44560975609756104
pretrain,CERNET.gml,500,0,12,29,0.9397915359852437,0.267227092940453,0.2591254139780744,0.4926829268292683
pretrain,CERNET.gml,500,0,12,30,0.9381315453967766,0.23169385079743637,0.2594119709983988,0.4190243902439024
pretrain,CERNET.gml,500,0,12,31,0.9357533463014601,0.21921622923579584,0.2595854579697019,0.4292682926829269
pretrain,CERNET.gml,500,0,12,32,0.9369420624464568,0.23805737454615444,0.25985668303441706,0.4646341463414633
pretrain,CERNET.gml,500,0,12,33,0.9363521282130756,0.2311994828938408,0.2600680562359268,0.4395121951219512
pretrain,CERNET.gml,500,0,12,34,0.9405098514329292,0.24901110375588167,0.260319026860978,0.4773170731707317
pretrain,CERNET.gml,500,0,12,35,0.9381031499410164,0.2260624637305397,0.2606324496468842,0.424390243902439
pretrain,CERNET.gml,500,0,12,36,0.9375416574704678,0.2559604673013885,0.2608165063512908,0.484390243902439
pretrain,CERNET.gml,500,0,12,37,0.9434829454277512,0.24446393056044635,0.26098982185690806,0.4548780487804879
pretrain,CERNET.gml,500,0,12,38,0.9399170214680876,0.26697689682455317,0.2613534679379474,0.48975609756097555
pretrain,CERNET.gml,500,0,12,39,0.9381325247270348,0.22580416987580157,0.26178232600839957,0.4109756097560976
pretrain,CERNET.gml,500,0,12,40,0.9399108338126925,0.21245088743075607,0.261975410265524,0.4278048780487805
pretrain,CERNET.gml,500,0,12,41,0.93990500629269,0.2316777257282469,0.26232457397625497,0.4624390243902438
pretrain,CERNET.gml,500,0,12,42,0.9357535620125285,0.20483303932654248,0.2626420740735696,0.4058536585365854
pretrain,CERNET.gml,500,0,12,43,0.9375376314423445,0.21987908461490122,0.26291789861704773,0.45073170731707307
pretrain,CERNET.gml,500,0,12,44,0.9411005580212114,0.24276057747920732,0.26336181040538786,0.4780487804878049
pretrain,CERNET.gml,500,0,12,45,0.9411132715782436,0.22972660882362328,0.2638266554951878,0.4392682926829269
pretrain,CERNET.gml,500,0,12,46,0.9369462047636036,0.21898174184820735,0.2642177575378968,0.43268292682926823
pretrain,CERNET.gml,500,0,12,47,0.9387258202990768,0.21755165492349318,0.26463713755532153,0.4382926829268293
pretrain,CERNET.gml,500,0,12,48,0.9405047760627729,0.21876683403356528,0.26500781198400875,0.44170731707317074
pretrain,CERNET.gml,500,0,12,49,0.9381254657835848,0.23198304420532878,0.265401359387086,0.45000000000000007
pretrain,CERNET.gml,500,0,13,0,0.9375369113299731,0.29668473658703204,0.2564588275142761,0.9753658536585367
pretrain,CERNET.gml,500,0,13,1,0.9387154976447708,0.2486348937895793,0.25642385320595856,0.4168292682926829
pretrain,CERNET.gml,500,0,13,2,0.9387245979241107,0.2646673919831013,0.25630111003151484,0.47585365853658534
pretrain,CERNET.gml,500,0,13,3,0.9381330034464896,0.27558971477591276,0.2563174802005484,0.4785365853658537
pretrain,CERNET.gml,500,0,13,4,0.9375317831497451,0.26196853778626805,0.2563024997589642,0.4507317073170732
pretrain,CERNET.gml,500,0,13,5,0.9369430072671503,0.23562888588677264,0.2562605249815534,0.42707317073170736
pretrain,CERNET.gml,500,0,13,6,0.9369454352701303,0.25970248321955736,0.25628389421324127,0.47682926829268296
pretrain,CERNET.gml,500,0,13,7,0.9393138884233487,0.25579959686683096,0.2563096283619397,0.4570731707317073
pretrain,CERNET.gml,500,0,13,8,0.9369333699981497,0.24902813218748027,0.256305622738374,0.4473170731707317
pretrain,CERNET.gml,500,0,13,9,0.9369391378896532,0.26010264869727834,0.256278099238586,0.4702439024390243
pretrain,CERNET.gml,500,0,13,10,0.9363458889740753,0.25653573733468893,0.2563708227014831,0.4565853658536586
pretrain,CERNET.gml,500,0,13,11,0.933371222447159,0.2343237728902152,0.25643119970792333,0.4251219512195122
pretrain,CERNET.gml,500,0,13,12,0.9392873481894709,0.2780232598833589,0.2565052034224581,0.5080487804878049
pretrain,CERNET.gml,500,0,13,13,0.9369264912193687,0.26511444764414804,0.2566370349320974,0.4565853658536586
pretrain,CERNET.gml,500,0,13,14,0.9387243032964021,0.2714191401013465,0.25671851652224936,0.47585365853658534
pretrain,CERNET.gml,500,0,13,15,0.940500823970591,0.24150412799358845,0.25680842022455436,0.42975609756097566
pretrain,CERNET.gml,500,0,13,16,0.9422947424773539,0.2822607812056331,0.2568573013152928,0.5114634146341464
pretrain,CERNET.gml,500,0,13,17,0.9405064720857396,0.26722398593102503,0.2569252169048886,0.4585365853658537
pretrain,CERNET.gml,500,0,13,18,0.9351557106121375,0.26396738915647877,0.25704241591210797,0.45926829268292685
pretrain,CERNET.gml,500,0,13,19,0.93811590332939,0.24243582915438727,0.2571600693746721,0.4378048780487805
pretrain,CERNET.gml,500,0,13,20,0.9428827752646893,0.24184523677688063,0.25732701163255717,0.4521951219512196
pretrain,CERNET.gml,500,0,13,21,0.9363535991275096,0.24657398687410076,0.2574392833256812,0.4565853658536585
pretrain,CERNET.gml,500,0,13,22,0.9354734893532264,0.23439426396879579,0.2576506119877269,0.4331707317073171
pretrain,CERNET.gml,500,0,13,23,0.9369406930566897,0.23197238857557007,0.2576931993450262,0.4465853658536585
pretrain,CERNET.gml,500,0,13,24,0.9405247396882922,0.27134916954438393,0.25797506512028046,0.5051219512195122
pretrain,CERNET.gml,500,0,13,25,0.9339487388341643,0.2088841583528104,0.2581508412692831,0.37878048780487805
pretrain,CERNET.gml,500,0,13,26,0.9411043298376031,0.26258643782032176,0.2582201558322411,0.5097560975609756
pretrain,CERNET.gml,500,0,13,27,0.9375354776457976,0.25054347806226207,0.258480584228184,0.4473170731707317
pretrain,CERNET.gml,500,0,13,28,0.9363471115526623,0.2374381975349281,0.25860411102534964,0.4378048780487804
pretrain,CERNET.gml,500,0,13,29,0.9369398816034087,0.23725101266986787,0.25883065730478255,0.44975609756097557
pretrain,CERNET.gml,500,0,13,30,0.9416932297138012,0.24752761094200867,0.25906131602385996,0.464390243902439
pretrain,CERNET.gml,500,0,13,31,0.9381307569723857,0.2539498870266423,0.25929511745203304,0.47048780487804887
pretrain,CERNET.gml,500,0,13,32,0.9387246236642148,0.23991779294858132,0.2596323281331901,0.44268292682926835
pretrain,CERNET.gml,500,0,13,33,0.9357496739068879,0.23513995901312112,0.26000213844524356,0.4424390243902439
pretrain,CERNET.gml,500,0,13,34,0.9410971041914342,0.2484001956133429,0.2602637850359554,0.47195121951219515
pretrain,CERNET.gml,500,0,13,35,0.9387167203737119,0.22397375487834975,0.26061439676958237,0.424390243902439
pretrain,CERNET.gml,500,0,13,36,0.9387237781039691,0.28105584380493426,0.26100671916959883,0.5202439024390243
pretrain,CERNET.gml,500,0,13,37,0.9410588382125575,0.2116823426481267,0.261391524901365,0.3848780487804878
pretrain,CERNET.gml,500,0,13,38,0.9446779186944445,0.23718965503188258,0.26163465496483895,0.4748780487804878
pretrain,CERNET.gml,500,0,13,39,0.9357511835065969,0.21457432491148934,0.2620606921921593,0.41073170731707315
pretrain,CERNET.gml,500,0,13,40,0.9369464210691997,0.26372040584152034,0.26228872516367413,0.5068292682926829
pretrain,CERNET.gml,500,0,13,41,0.9411060584195682,0.2421616562589028,0.26279555069500704,0.4429268292682927
pretrain,CERNET.gml,500,0,13,42,0.9375401056397806,0.23578244273262142,0.2631543834889763,0.4465853658536585
pretrain,CERNET.gml,500,0,13,43,0.9363480397216849,0.2230312271432565,0.26361005947091215,0.43024390243902433
pretrain,CERNET.gml,500,0,13,44,0.9399158331630534,0.21348402156071955,0.2638532338016389,0.42341463414634156
pretrain,CERNET.gml,500,0,13,45,0.9393177031342488,0.2255147911088137,0.26413663223996847,0.45536585365853655
pretrain,CERNET.gml,500,0,13,46,0.9369429986023537,0.21295147795416533,0.2646546599194645,0.43024390243902433
pretrain,CERNET.gml,500,0,13,47,0.9364321771353167,0.22598284885365233,0.26516729610018125,0.4551219512195122
pretrain,CERNET.gml,500,0,13,48,0.9357586695430695,0.2014870031118605,0.2656736150042321,0.4060975609756098
pretrain,CERNET.gml,500,0,13,49,0.9393274736732723,0.2181598845779251,0.2661193731807705,0.4509756097560975
pretrain,CERNET.gml,500,0,14,0,0.937536982903367,0.2515066711592566,0.25485038450462455,0.9121951219512194
pretrain,CERNET.gml,500,0,14,1,0.936945240995186,0.2550166974906844,0.2548241087977276,0.4573170731707317
pretrain,CERNET.gml,500,0,14,2,0.9381363357434376,0.3087653464221909,0.2547692587944751,0.5317073170731708
pretrain,CERNET.gml,500,0,14,3,0.9381207882328982,0.262856647953656,0.2547693064902447,0.43
pretrain,CERNET.gml,500,0,14,4,0.9404986852489207,0.2789617474003932,0.2547865442780792,0.48829268292682926
pretrain,CERNET.gml,500,0,14,5,0.9369432871805126,0.28311395336443534,0.2547917517819708,0.4785365853658536
pretrain,CERNET.gml,500,0,14,6,0.9351497360954873,0.23850243045396932,0.2547343376818466,0.4117073170731707
pretrain,CERNET.gml,500,0,14,7,0.939311386691485,0.2568093816932036,0.2546949916697567,0.47341463414634144
pretrain,CERNET.gml,500,0,14,8,0.9381343627015323,0.2604083941075752,0.2547181720176767,0.4641463414634146
pretrain,CERNET.gml,500,0,14,9,0.9416942707830582,0.25778316068137985,0.25476477142027154,0.4607317073170732
pretrain,CERNET.gml,500,0,14,10,0.9393281952090324,0.25819401392540064,0.25488143046296197,0.45951219512195113
pretrain,CERNET.gml,500,0,14,11,0.9384730130541725,0.26981808756774533,0.25489730585758663,0.47609756097560973
pretrain,CERNET.gml,500,0,14,12,0.9339716766226109,0.24249049395858766,0.2549011430588571,0.4314634146341463
pretrain,CERNET.gml,500,0,14,13,0.9387213680581694,0.26649861202702485,0.25504779644649506,0.4826829268292683
pretrain,CERNET.gml,500,0,14,14,0.9404969221525733,0.26201112841080304,0.25506004406950716,0.46439024390243894
pretrain,CERNET.gml,500,0,14,15,0.9387184992035527,0.2747881257222565,0.25522255060449217,0.4797560975609756
pretrain,CERNET.gml,500,0,14,16,0.9363450229483692,0.27505712937633564,0.25529079191916887,0.4724390243902438
pretrain,CERNET.gml,500,0,14,17,0.9375389800907978,0.2663578306136956,0.25542612624181205,0.4639024390243902
pretrain,CERNET.gml,500,0,14,18,0.9345765106561239,0.2612669682599324,0.25556590175741684,0.4585365853658537
pretrain,CERNET.gml,500,0,14,19,0.9369395068971228,0.24976553676615149,0.2556674817887735,0.45097560975609763
pretrain,CERNET.gml,500,0,14,20,0.9339671435015534,0.22699315118085225,0.2557843230667445,0.4236585365853659
pretrain,CERNET.gml,500,0,14,21,0.9375375451781714,0.2655916603818586,0.2559574214335754,0.4980487804878048
pretrain,CERNET.gml,500,0,14,22,0.938718989567543,0.2576611396296491,0.2561505479490882,0.4585365853658537
pretrain,CERNET.gml,500,0,14,23,0.9393177095866749,0.2330521633112307,0.25630927552748983,0.42902439024390243
pretrain,CERNET.gml,500,0,14,24,0.9375380537603761,0.23006553763488616,0.25654875718659526,0.4402439024390244
pretrain,CERNET.gml,500,0,14,25,0.9381284338272828,0.2712312730754649,0.2567734894236207,0.5034146341463415
pretrain,CERNET.gml,500,0,14,26,0.9411029146237121,0.2655842364813438,0.25697779045933056,0.46780487804878057
pretrain,CERNET.gml,500,0,14,27,0.9345705749701351,0.23250972919785365,0.257231221841382,0.42000000000000004
pretrain,CERNET.gml,500,0,14,28,0.939319391177054,0.25425116158072,0.2574635430396035,0.4800000000000001
pretrain,CERNET.gml,500,0,14,29,0.9399114105144711,0.24680588942219603,0.25770947776905334,0.45097560975609763
pretrain,CERNET.gml,500,0,14,30,0.9411064629053546,0.25354690269791047,0.25791489594027295,0.468780487804878
pretrain,CERNET.gml,500,0,14,31,0.9357521004012614,0.22242168777923155,0.2582063413390919,0.41414634146341467
pretrain,CERNET.gml,500,0,14,32,0.9345616660960258,0.21934888825854407,0.25843442821260876,0.435609756097561
pretrain,CERNET.gml,500,0,14,33,0.9357578832932744,0.23579830389763246,0.25875131913278865,0.45951219512195124
pretrain,CERNET.gml,500,0,14,34,0.9375358012386048,0.23941465985243823,0.2589426553179595,0.4558536585365854
pretrain,CERNET.gml,500,0,14,35,0.935774546809019,0.24637431798285023,0.25929320826053914,0.4629268292682927
pretrain,CERNET.gml,500,0,14,36,0.935752087394479,0.1962005041929534,0.25969374741232976,0.38195121951219513
pretrain,CERNET.gml,500,0,14,37,0.9369422183703704,0.21833579670488937,0.25977151574833895,0.4580487804878049
pretrain,CERNET.gml,500,0,14,38,0.9363459762819835,0.24171342809976276,0.2602149417667115,0.46268292682926837
pretrain,CERNET.gml,500,0,14,39,0.9345784281619209,0.20858595553381243,0.26037308690873123,0.4080487804878049
pretrain,CERNET.gml,500,0,14,40,0.9399138491118668,0.23156480760156872,0.26061032217613456,0.46902439024390247
pretrain,CERNET.gml,500,0,14,41,0.935156994308247,0.21514715385387517,0.26107781599432534,0.4214634146341464
pretrain,CERNET.gml,500,0,14,42,0.9351107502965,0.21320028018850964,0.2614917346289917,0.43024390243902433
pretrain,CERNET.gml,500,0,14,43,0.9393227141144854,0.2366081869844423,0.2616510710072206,0.4748780487804878
pretrain,CERNET.gml,500,0,14,44,0.938138282983187,0.20890439707990846,0.2620577070412095,0.4075609756097561
pretrain,CERNET.gml,500,0,14,45,0.9387241726961557,0.22541761210384398,0.26217515794391194,0.4546341463414633
pretrain,CERNET.gml,500,0,14,46,0.9363445713714393,0.20848011364739852,0.2625602209852551,0.42048780487804877
pretrain,CERNET.gml,500,0,14,47,0.9404667693511087,0.23064930174731813,0.26312433364893456,0.4665853658536585
pretrain,CERNET.gml,500,0,14,48,0.9345742739036736,0.20997806824187162,0.2635637323266635,0.4124390243902439
pretrain,CERNET.gml,500,0,14,49,0.938795653592842,0.2417082768165377,0.26372767448379686,0.48243902439024383
pretrain,CERNET.gml,500,0,15,0,0.941094005211742,0.27067684523533486,0.25613045171086063,0.9414634146341462
pretrain,CERNET.gml,500,0,15,1,0.9369320143171757,0.24673526426741216,0.25607280765407914,0.4324390243902439
pretrain,CERNET.gml,500,0,15,2,0.9345703164920413,0.2606660592648219,0.25598161290376525,0.46804878048780485
pretrain,CERNET.gml,500,0,15,3,0.933981172697889,0.2343570842953914,0.2559641861887526,0.4209756097560976
pretrain,CERNET.gml,500,0,15,4,0.9375326130591379,0.28506046666206064,0.2559645211667837,0.5165853658536586
pretrain,CERNET.gml,500,0,15,5,0.9387277312174905,0.27988074629910964,0.25598507889803773,0.47121951219512187
pretrain,CERNET.gml,500,0,15,6,0.939320540369328,0.2545931936386295,0.2560028442497363,0.441219512195122
pretrain,CERNET.gml,500,0,15,7,0.9363205700883829,0.23475916792211585,0.2560597723779502,0.428780487804878
pretrain,CERNET.gml,500,0,15,8,0.9363665655765371,0.25367448617317795,0.2561444920034072,0.4702439024390244
pretrain,CERNET.gml,500,0,15,9,0.9387290248006981,0.25859874619325246,0.2562353600502894,0.4670731707317073
pretrain,CERNET.gml,500,0,15,10,0.9394506049561753,0.27729235002012886,0.2563271131278008,0.4902439024390243
pretrain,CERNET.gml,500,0,15,11,0.9357502436913333,0.2634604681101139,0.25651534221448924,0.4492682926829268
pretrain,CERNET.gml,500,0,15,12,0.9351556979006329,0.2184602914915485,0.2564616176719403,0.40146341463414636
pretrain,CERNET.gml,500,0,15,13,0.9369902353668511,0.245252716239537,0.2565181937561922,0.47195121951219515
pretrain,CERNET.gml,500,0,15,14,0.9357497269583249,0.2616113377017608,0.25654442412536876,0.47682926829268296
pretrain,CERNET.gml,500,0,15,15,0.9351546909528141,0.2586297504720765,0.2567348858887096,0.4573170731707317
pretrain,CERNET.gml,500,0,15,16,0.9357500740898012,0.23063414734253293,0.2567880176315941,0.42073170731707316
pretrain,CERNET.gml,500,0,15,17,0.9351634424013586,0.23367135041778683,0.2568289409611072,0.4487804878048781
pretrain,CERNET.gml,500,0,15,18,0.9379169139564487,0.2471624946268163,0.25702741794386186,0.4665853658536586
pretrain,CERNET.gml,500,0,15,19,0.9363444507006091,0.23974216566437442,0.2572687758601397,0.4439024390243903
pretrain,CERNET.gml,500,0,15,20,0.9375298839669705,0.24459181627684076,0.25743431824474416,0.45829268292682934
pretrain,CERNET.gml,500,0,15,21,0.9381412980718641,0.2741314589158273,0.257557732243369,0.4968292682926829
pretrain,CERNET.gml,500,0,15,22,0.9387236129531957,0.23700815261754293,0.2578003014544445,0.4221951219512195
pretrain,CERNET.gml,500,0,15,23,0.9387011130096068,0.22384847823568998,0.2580669195846975,0.4282926829268293
pretrain,CERNET.gml,500,0,15,24,0.9369371190868788,0.20243004690873193,0.2582293252461034,0.4080487804878049
pretrain,CERNET.gml,500,0,15,25,0.9363289493291956,0.2164014641745019,0.25846414667301687,0.44243902439024385
pretrain,CERNET.gml,500,0,15,26,0.9369423458837733,0.25534225584480774,0.2586261799549934,0.4895121951219512
pretrain,CERNET.gml,500,0,15,27,0.9416967830703624,0.266486801875448,0.2588802310326505,0.48048780487804865
pretrain,CERNET.gml,500,0,15,28,0.9393239670449779,0.23917708556617034,0.2591367420162961,0.4336585365853659
pretrain,CERNET.gml,500,0,15,29,0.9422886115037804,0.24439411627906857,0.25943098764497263,0.45999999999999996
pretrain,CERNET.gml,500,0,15,30,0.9339703613400064,0.20162467662303726,0.2596282195928729,0.39
pretrain,CERNET.gml,500,0,15,31,0.9375396756235919,0.21800152838824532,0.25994287843704167,0.44999999999999996
pretrain,CERNET.gml,500,0,15,32,0.9351526742588624,0.1949877241373601,0.26021217215662323,0.39926829268292685
pretrain,CERNET.gml,500,0,15,33,0.9357509020277638,0.22513077281168045,0.26036214591952744,0.46268292682926826
pretrain,CERNET.gml,500,0,15,34,0.9363609366801445,0.21989770344756174,0.2606360567048145,0.4346341463414634
pretrain,CERNET.gml,500,0,15,35,0.9404900904075185,0.21906432381098656,0.26097444984934787,0.44121951219512195
pretrain,CERNET.gml,500,0,15,36,0.9387255383129863,0.2384398623388399,0.26112957610658144,0.46414634146341466
pretrain,CERNET.gml,500,0,15,37,0.9428462857996309,0.23365233603488295,0.26140652890627347,0.45000000000000007
pretrain,CERNET.gml,500,0,15,38,0.937538280453411,0.23170843420702725,0.2616062051283862,0.44365853658536586
pretrain,CERNET.gml,500,0,15,39,0.9333792291278692,0.2106964746878862,0.2618393934378693,0.4146341463414634
pretrain,CERNET.gml,500,0,15,40,0.9399139738636934,0.25938755247850886,0.26208153126777045,0.5073170731707317
pretrain,CERNET.gml,500,0,15,41,0.9375300083198038,0.2443501180315251,0.2625054307195893,0.4465853658536585
pretrain,CERNET.gml,500,0,15,42,0.9369371715978634,0.24001174491864039,0.2628407669567021,0.4460975609756098
pretrain,CERNET.gml,500,0,15,43,0.940492383556202,0.20883071568140796,0.2630659319842142,0.4121951219512195
pretrain,CERNET.gml,500,0,15,44,0.9369338578477803,0.22169203974432297,0.2633582053466392,0.45048780487804874
pretrain,CERNET.gml,500,0,15,45,0.9351550527756076,0.19802954839003353,0.263717687998387,0.40512195121951217
pretrain,CERNET.gml,500,0,15,46,0.9399139123496109,0.22766776178157802,0.2638980820406714,0.46878048780487813
pretrain,CERNET.gml,500,0,15,47,0.9381317481791468,0.2271582271227054,0.2644289775031785,0.4439024390243903
pretrain,CERNET.gml,500,0,15,48,0.942880819636112,0.2610545920884213,0.26495763353123614,0.5014634146341463
pretrain,CERNET.gml,500,0,15,49,0.937562215490342,0.2307685358936362,0.2654762648868387,0.4165853658536586
pretrain,CERNET.gml,500,0,16,0,0.9357878757351177,0.26231660661582623,0.2563598235823896,0.9260975609756097
pretrain,CERNET.gml,500,0,16,1,0.9387342509236426,0.311682080636323,0.25628493728414076,0.5317073170731706
pretrain,CERNET.gml,500,0,16,2,0.9405131308845499,0.2765562272002675,0.25627096091290374,0.4482926829268292
pretrain,CERNET.gml,500,0,16,3,0.9374131213289402,0.25930510510662597,0.25629304736025516,0.4470731707317074
pretrain,CERNET.gml,500,0,16,4,0.9345597459529503,0.23120414054776167,0.2562485163348406,0.417560975609756
pretrain,CERNET.gml,500,0,16,5,0.9369423735955215,0.25505354570014016,0.2562027311394138,0.4758536585365854
pretrain,CERNET.gml,500,0,16,6,0.9345796596655438,0.27538989978237766,0.2562140950932033,0.48341463414634145
pretrain,CERNET.gml,500,0,16,7,0.9410926457886949,0.262684499859652,0.25618599783672674,0.45780487804878045
pretrain,CERNET.gml,500,0,16,8,0.9387186458903735,0.250938512286173,0.25624842730170466,0.44487804878048776
pretrain,CERNET.gml,500,0,16,9,0.9357469370808922,0.24077042055729175,0.2562120345680761,0.4395121951219512
pretrain,CERNET.gml,500,0,16,10,0.9375241905831019,0.2559887067348053,0.2562640139805078,0.47097560975609754
pretrain,CERNET.gml,500,0,16,11,0.9375364747321157,0.2636004744351065,0.2563029847835461,0.47097560975609754
pretrain,CERNET.gml,500,0,16,12,0.93515276935094,0.2443011084400008,0.25636883828397544,0.43536585365853653
pretrain,CERNET.gml,500,0,16,13,0.9422676912517497,0.24888754631370857,0.25644098020573103,0.4629268292682927
pretrain,CERNET.gml,500,0,16,14,0.9357493402630191,0.23603667653182514,0.25652397437841784,0.43463414634146336
pretrain,CERNET.gml,500,0,16,15,0.9357532776056735,0.2368433268420713,0.25664325986355646,0.4465853658536585
pretrain,CERNET.gml,500,0,16,16,0.9357647114855498,0.26334338958869996,0.2567232674267964,0.4829268292682927
pretrain,CERNET.gml,500,0,16,17,0.9393247398734087,0.2961763467358633,0.2568631249262754,0.5117073170731707
pretrain,CERNET.gml,500,0,16,18,0.9357518206322055,0.23932787260351102,0.2569405613506581,0.41
pretrain,CERNET.gml,500,0,16,19,0.9339603604356237,0.21747623710238434,0.2570953643423648,0.4165853658536587
pretrain,CERNET.gml,500,0,16,20,0.9333955994596304,0.24608331896034294,0.2573042592230482,0.47243902439024393
pretrain,CERNET.gml,500,0,16,21,0.9398967445544433,0.22664873463399068,0.2574326148359058,0.4295121951219512
pretrain,CERNET.gml,500,0,16,22,0.9351645090491585,0.22820518927294176,0.2576272723722254,0.4419512195121951
pretrain,CERNET.gml,500,0,16,23,0.9363491988804977,0.21974756686421962,0.25778393095480423,0.4278048780487805
pretrain,CERNET.gml,500,0,16,24,0.9381539468214717,0.2696999355365252,0.2579181934517248,0.5124390243902439
pretrain,CERNET.gml,500,0,16,25,0.935156301326717,0.21047136780505118,0.25820575417027025,0.383170731707317
pretrain,CERNET.gml,500,0,16,26,0.9404930113099904,0.238350188066716,0.2582744272965786,0.4734146341463414
pretrain,CERNET.gml,500,0,16,27,0.9351836653682672,0.22481773794970775,0.25853500441468646,0.42804878048780487
pretrain,CERNET.gml,500,0,16,28,0.9393218564776915,0.23114272671124597,0.25874651952614125,0.4480487804878049
pretrain,CERNET.gml,500,0,16,29,0.9402202895588837,0.2618129121149271,0.2588984991849883,0.49121951219512194
pretrain,CERNET.gml,500,0,16,30,0.9375373587060273,0.2519667381657377,0.259123143615046,0.4541463414634146
pretrain,CERNET.gml,500,0,16,31,0.9345614553054712,0.22737128939571788,0.2593139816469279,0.4219512195121952
pretrain,CERNET.gml,500,0,16,32,0.9333711854651489,0.20554347917006432,0.2594822072171139,0.4073170731707316
pretrain,CERNET.gml,500,0,16,33,0.9363687014819243,0.22652901418735777,0.2597023027729892,0.4621951219512194
pretrain,CERNET.gml,500,0,16,34,0.9375431609795447,0.23252177194337104,0.26005818305564293,0.45170731707317074
pretrain,CERNET.gml,500,0,16,35,0.9407973867012035,0.2347033444045015,0.26026563657911683,0.45463414634146343
pretrain,CERNET.gml,500,0,16,36,0.9363452469182421,0.2422833121851679,0.26062327327392454,0.45268292682926825
pretrain,CERNET.gml,500,0,16,37,0.9405187889896403,0.24270569425697072,0.2607745120629467,0.458780487804878
pretrain,CERNET.gml,500,0,16,38,0.9410997472883554,0.2367814092071666,0.2611355276645642,0.4492682926829268
pretrain,CERNET.gml,500,0,16,39,0.9411065339604597,0.25633516244858306,0.2614869049843741,0.48121951219512193
pretrain,CERNET.gml,500,0,16,40,0.9393187828368645,0.2391576429975159,0.26194819618126114,0.43707317073170737
pretrain,CERNET.gml,500,0,16,41,0.9369419024324758,0.24443385667840714,0.2622123301216926,0.4624390243902438
pretrain,CERNET.gml,500,0,16,42,0.9387269754170224,0.2203055745330649,0.26254230813203644,0.4236585365853659
pretrain,CERNET.gml,500,0,16,43,0.9399174001210592,0.24037800160469625,0.26295258280235556,0.46878048780487813
pretrain,CERNET.gml,500,0,16,44,0.940502902647801,0.2162679866410365,0.2631855131668943,0.4214634146341464
pretrain,CERNET.gml,500,0,16,45,0.9369605973491899,0.22541360863075557,0.2635267672517839,0.4478048780487805
pretrain,CERNET.gml,500,0,16,46,0.9351647022587457,0.2119352598766081,0.263968212848791,0.4241463414634146
pretrain,CERNET.gml,500,0,16,47,0.9374862864350039,0.23822513656399574,0.26443926685807706,0.46707317073170734
pretrain,CERNET.gml,500,0,16,48,0.9339838377820945,0.21139244352840073,0.26470336305458037,0.4151219512195122
pretrain,CERNET.gml,500,0,16,49,0.941104964839113,0.23127092095054957,0.2653265174001639,0.46975609756097564
pretrain,CERNET.gml,500,0,17,0,0.9393149501128052,0.26690570772841876,0.25571984347151283,0.9339024390243902
pretrain,CERNET.gml,500,0,17,1,0.9363356889873568,0.2693789635909988,0.255734381814258,0.46756097560975607
pretrain,CERNET.gml,500,0,17,2,0.9351529760879858,0.23893783296049403,0.2557149794924385,0.4214634146341464
pretrain,CERNET.gml,500,0,17,3,0.9345588625961866,0.2690645892639388,0.2556505499088309,0.4851219512195123
pretrain,CERNET.gml,500,0,17,4,0.9322065420549621,0.24656594546628874,0.2555809732908324,0.4324390243902439
pretrain,CERNET.gml,500,0,17,5,0.9381338084450309,0.26954644404691797,0.2554995716349093,0.4853658536585366
pretrain,CERNET.gml,500,0,17,6,0.9369347785131987,0.28199683815908977,0.25548824158677125,0.4860975609756097
pretrain,CERNET.gml,500,0,17,7,0.9369608057827042,0.27805581866099405,0.2555977782815402,0.46951219512195114
pretrain,CERNET.gml,500,0,17,8,0.9381232485529872,0.24280960280391864,0.2554945486388621,0.4253658536585367
pretrain,CERNET.gml,500,0,17,9,0.9369423820495665,0.2489250457444513,0.2555493814514665,0.45902439024390235
pretrain,CERNET.gml,500,0,17,10,0.9380956179215914,0.24578424181995506,0.25559600339407834,0.44682926829268294
pretrain,CERNET.gml,500,0,17,11,0.9375146429252862,0.28150974423527064,0.25551499049086285,0.5019512195121951
pretrain,CERNET.gml,500,0,17,12,0.9369555668580802,0.2678382824739098,0.2555651981911007,0.4573170731707317
pretrain,CERNET.gml,500,0,17,13,0.935745685186257,0.24528984623055072,0.2555906036792387,0.4351219512195123
pretrain,CERNET.gml,500,0,17,14,0.9345603613625469,0.2401966727626586,0.2556626896955104,0.44414634146341464
pretrain,CERNET.gml,500,0,17,15,0.9369372682136833,0.2380156183952342,0.25572354014217286,0.44365853658536597
pretrain,CERNET.gml,500,0,17,16,0.9398931705745535,0.23932818095164426,0.2557432216463372,0.4507317073170732
pretrain,CERNET.gml,500,0,17,17,0.938733201088742,0.2374848565116907,0.255871933180021,0.44634146341463415
pretrain,CERNET.gml,500,0,17,18,0.9381351451803532,0.25072481805549696,0.2560704598539815,0.4648780487804879
pretrain,CERNET.gml,500,0,17,19,0.938717927762394,0.24020925318969016,0.25618010342344455,0.4424390243902439
pretrain,CERNET.gml,500,0,17,20,0.9345755295940332,0.25053415142455276,0.25636250558283874,0.4621951219512195
pretrain,CERNET.gml,500,0,17,21,0.9393172565257072,0.24528678805620782,0.25646634355658005,0.4539024390243902
pretrain,CERNET.gml,500,0,17,22,0.9357505608959994,0.2565824568431916,0.2566395896329977,0.468780487804878
pretrain,CERNET.gml,500,0,17,23,0.9363591706492665,0.24553445803029625,0.2568821856387893,0.445609756097561
pretrain,CERNET.gml,500,0,17,24,0.9363473654309905,0.2776717278660517,0.2571102976864836,0.4985365853658537
pretrain,CERNET.gml,500,0,17,25,0.93990729302504,0.2492371666933956,0.2573029615906751,0.43902439024390244
pretrain,CERNET.gml,500,0,17,26,0.9351566910854634,0.23391072425899503,0.2574080616424427,0.4346341463414634
pretrain,CERNET.gml,500,0,17,27,0.9381153369113352,0.2684606056929724,0.2576457867726877,0.49609756097560975
pretrain,CERNET.gml,500,0,17,28,0.9381403460698414,0.25251283197850577,0.2578561422000231,0.45121951219512196
pretrain,CERNET.gml,500,0,17,29,0.9375354135967108,0.2600454540271039,0.2581399394235586,0.4702439024390243
pretrain,CERNET.gml,500,0,17,30,0.9387222816067039,0.22731763783756295,0.25835902029380114,0.42195121951219516
pretrain,CERNET.gml,500,0,17,31,0.9315870871750355,0.18013699944252223,0.2586581001419283,0.3685365853658537
pretrain,CERNET.gml,500,0,17,32,0.9369223922860707,0.22357482832332076,0.25870503106018966,0.4714634146341463
pretrain,CERNET.gml,500,0,17,33,0.9339677018609625,0.20531772837406562,0.2589066125328165,0.40609756097560973
pretrain,CERNET.gml,500,0,17,34,0.9375365825348165,0.22663331240345902,0.2589628290480919,0.4634146341463415
pretrain,CERNET.gml,500,0,17,35,0.9399029792093735,0.2573948283852395,0.25912796969117624,0.4892682926829269
pretrain,CERNET.gml,500,0,17,36,0.9405081357020034,0.24987345771407815,0.25940619076825794,0.45365853658536587
pretrain,CERNET.gml,500,0,17,37,0.9411073952865658,0.24053955303951954,0.259526140685436,0.45146341463414635
pretrain,CERNET.gml,500,0,17,38,0.9375360128503724,0.2515730244623587,0.25987753037699346,0.46731707317073173
pretrain,CERNET.gml,500,0,17,39,0.9363440218665222,0.23108580131346868,0.2601945275183831,0.4336585365853658
pretrain,CERNET.gml,500,0,17,40,0.9345669020438518,0.23034875369373647,0.26057990586884444,0.443170731707317
pretrain,CERNET.gml,500,0,17,41,0.9405204207296185,0.23736654459756734,0.2607424227916344,0.4609756097560975
pretrain,CERNET.gml,500,0,17,42,0.9428868613739463,0.2651159679342203,0.26118418074555577,0.4939024390243902
pretrain,CERNET.gml,500,0,17,43,0.9381304202564523,0.22423540915182735,0.26160908435624985,0.41268292682926827
pretrain,CERNET.gml,500,0,17,44,0.938115759687952,0.24580185665576346,0.26194869543832405,0.47560975609756106
pretrain,CERNET.gml,500,0,17,45,0.9416964085771939,0.23908664315954292,0.26241847084412484,0.45146341463414635
pretrain,CERNET.gml,500,0,17,46,0.9381300390409165,0.22876013364047348,0.2628977678495093,0.4404878048780487
pretrain,CERNET.gml,500,0,17,47,0.9386077021524297,0.23100839434060297,0.26340989365969913,0.44536585365853665
pretrain,CERNET.gml,500,0,17,48,0.9381502903101527,0.20474725403602742,0.2637344741518364,0.4095121951219512
pretrain,CERNET.gml,500,0,17,49,0.9405113357202214,0.23358851481761334,0.26415613740597615,0.47560975609756106
pretrain,CERNET.gml,500,0,18,0,0.935163866234861,0.27070504236870896,0.2560992660722244,0.9373170731707317
pretrain,CERNET.gml,500,0,18,1,0.9304196531497413,0.24009047796092292,0.25604280073418295,0.42048780487804877
pretrain,CERNET.gml,500,0,18,2,0.9405048104545717,0.26136022319623015,0.25597364406578715,0.4787804878048781
pretrain,CERNET.gml,500,0,18,3,0.9351534619755955,0.24959422641689716,0.2559451850420071,0.44219512195121946
pretrain,CERNET.gml,500,0,18,4,0.9405032852146202,0.26237852148734064,0.2559702435670212,0.47341463414634144
pretrain,CERNET.gml,500,0,18,5,0.9316108299582182,0.2492145932692066,0.25597678516919686,0.4382926829268292
pretrain,CERNET.gml,500,0,18,6,0.9345839078331143,0.2585643936114173,0.25594206340695075,0.46609756097560967
pretrain,CERNET.gml,500,0,18,7,0.9345515036463607,0.25526908700708995,0.255877935839809,0.4529268292682927
pretrain,CERNET.gml,500,0,18,8,0.9381283756606473,0.22962818699371637,0.255900169339601,0.42414634146341457
pretrain,CERNET.gml,500,0,18,9,0.9381062424323807,0.24890075165565892,0.25594075478922296,0.46609756097560984
pretrain,CERNET.gml,500,0,18,10,0.9387223894975152,0.2577926191316105,0.2559720197520348,0.46707317073170734
pretrain,CERNET.gml,500,0,18,11,0.9369535567249928,0.2582229940497332,0.25592248417073465,0.45926829268292685
pretrain,CERNET.gml,500,0,18,12,0.9363449221409632,0.23651234942543053,0.2559793180142541,0.43024390243902433
pretrain,CERNET.gml,500,0,18,13,0.9399118790238946,0.24697357841217013,0.256036738240259,0.46146341463414636
pretrain,CERNET.gml,500,0,18,14,0.941099452725525,0.25278345682091474,0.25611493214527253,0.4651219512195122
pretrain,CERNET.gml,500,0,18,15,0.9363452177587342,0.26139091087934774,0.25623681558700095,0.4702439024390243
pretrain,CERNET.gml,500,0,18,16,0.9416932507415359,0.27941449866851015,0.2563395988013633,0.49390243902439024
pretrain,CERNET.gml,500,0,18,17,0.9381309031751619,0.24643945963020705,0.25646497116412104,0.43048780487804883
pretrain,CERNET.gml,500,0,18,18,0.9351518113580503,0.2429705667222806,0.25666631568945697,0.44756097560975605
pretrain,CERNET.gml,500,0,18,19,0.9392924609107418,0.2639597756491871,0.25681381448990387,0.4839024390243902
pretrain,CERNET.gml,500,0,18,20,0.93517069575191,0.2321178208594858,0.25705038816315046,0.4195121951219513
pretrain,CERNET.gml,500,0,18,21,0.936947000299441,0.23391238835798,0.25720054210732385,0.44634146341463427
pretrain,CERNET.gml,500,0,18,22,0.9404703419734697,0.2402371981711847,0.2573893821262707,0.4551219512195122
pretrain,CERNET.gml,500,0,18,23,0.9363506919014538,0.2442398581651793,0.2575694852124734,0.45682926829268283
pretrain,CERNET.gml,500,0,18,24,0.9351642795077925,0.2327453512509346,0.25771248225274207,0.4365853658536586
pretrain,CERNET.gml,500,0,18,25,0.9399135960005967,0.2676214504112877,0.2578622068115819,0.49878048780487805
pretrain,CERNET.gml,500,0,18,26,0.9405059389427554,0.2599084141307111,0.25809253365488033,0.4619512195121951
pretrain,CERNET.gml,500,0,18,27,0.9405063991511905,0.24106466492660295,0.2583054901550806,0.4397560975609756
pretrain,CERNET.gml,500,0,18,28,0.9359935249807928,0.21280286017227468,0.25858269301873005,0.40414634146341466
pretrain,CERNET.gml,500,0,18,29,0.9381190657016146,0.23545472842109197,0.2585537409031833,0.46902439024390247
pretrain,CERNET.gml,500,0,18,30,0.9357349398409769,0.22622927717781932,0.25888864209981965,0.43487804878048786
pretrain,CERNET.gml,500,0,18,31,0.9309930817805591,0.2288284094576356,0.2590570119563277,0.4395121951219512
pretrain,CERNET.gml,500,0,18,32,0.9363653441986038,0.22529718796548145,0.2591968495648707,0.4382926829268292
pretrain,CERNET.gml,500,0,18,33,0.9410450298851563,0.2486907473952473,0.25941939159195865,0.48097560975609754
pretrain,CERNET.gml,500,0,18,34,0.9351693137519208,0.20943280790150154,0.2597459161514917,0.39731707317073167
pretrain,CERNET.gml,500,0,18,35,0.9411018632072086,0.2317205652635861,0.25992681077721286,0.46780487804878046
pretrain,CERNET.gml,500,0,18,36,0.9405061719100859,0.2389098653377352,0.2602518357094761,0.45682926829268294
pretrain,CERNET.gml,500,0,18,37,0.9363402522357565,0.2066489127715758,0.2604609887412353,0.40560975609756095
pretrain,CERNET.gml,500,0,18,38,0.939301374152047,0.2343985051246713,0.2607308871202512,0.47048780487804887
pretrain,CERNET.gml,500,0,18,39,0.938129945983221,0.2324395787569843,0.26113110126622696,0.44463414634146337
pretrain,CERNET.gml,500,0,18,40,0.9411001529647881,0.23829951665444396,0.26142508053613916,0.46146341463414636
pretrain,CERNET.gml,500,0,18,41,0.9393201282147121,0.23392014466612482,0.26176912306479416,0.44365853658536586
pretrain,CERNET.gml,500,0,18,42,0.9369336259830707,0.2162030764149064,0.2620825910758469,0.4229268292682926
pretrain,CERNET.gml,500,0,18,43,0.9369416292828733,0.23092498118394028,0.2624065293893728,0.4570731707317074
pretrain,CERNET.gml,500,0,18,44,0.9345944051463068,0.22031926725891304,0.26274437733559813,0.43195121951219523
pretrain,CERNET.gml,500,0,18,45,0.9375414333728794,0.23982228195034663,0.2630214456702244,0.47292682926829277
pretrain,CERNET.gml,500,0,18,46,0.9399122228242713,0.2398971353546629,0.26344272255255546,0.4565853658536585
pretrain,CERNET.gml,500,0,18,47,0.9375372585644413,0.1990210470890329,0.2639237170617485,0.39
pretrain,CERNET.gml,500,0,18,48,0.9392828423311802,0.22162293544221823,0.2641302569609161,0.4602439024390244
pretrain,CERNET.gml,500,0,18,49,0.9363468764460879,0.2300449815642281,0.2646216558488423,0.44853658536585367
pretrain,CERNET.gml,500,0,19,0,0.9387211075469333,0.26654035390059516,0.2556639693842233,0.9329268292682927
pretrain,CERNET.gml,500,0,19,1,0.9357481388327475,0.2357218366399556,0.255586465179122,0.41829268292682925
pretrain,CERNET.gml,500,0,19,2,0.9345761114443919,0.24259365630150412,0.25558757369540214,0.4492682926829269
pretrain,CERNET.gml,500,0,19,3,0.936347097723279,0.29522089434674464,0.25555541742159743,0.5224390243902439
pretrain,CERNET.gml,500,0,19,4,0.9387102964859453,0.262657583425098,0.2555736614433287,0.4395121951219513
pretrain,CERNET.gml,500,0,19,5,0.9363319021811507,0.2574904679887341,0.2555489894500768,0.4534146341463415
pretrain,CERNET.gml,500,0,19,6,0.9339623948488603,0.2504376515693888,0.25557635287609304,0.4480487804878049
pretrain,CERNET.gml,500,0,19,7,0.9357498304359428,0.2574812589790672,0.2555328487247009,0.4643902439024391
pretrain,CERNET.gml,500,0,19,8,0.9351466084887478,0.2440410829024398,0.25557498113705035,0.4385365853658536
pretrain,CERNET.gml,500,0,19,9,0.9369393467583458,0.22967519363813332,0.2556089312770608,0.43048780487804883
pretrain,CERNET.gml,500,0,19,10,0.9369333265936013,0.27131541543505117,0.25568140080564744,0.4978048780487806
pretrain,CERNET.gml,500,0,19,11,0.9363451225526684,0.2651188793121767,0.2557249906105492,0.4597560975609756
pretrain,CERNET.gml,500,0,19,12,0.9375450430482098,0.2811913036175363,0.25574884559800504,0.4880487804878049
pretrain,CERNET.gml,500,0,19,13,0.9405095698038085,0.25680378254149827,0.2558117877996294,0.4443902439024391
pretrain,CERNET.gml,500,0,19,14,0.9411012505950928,0.2831951584291461,0.2558993131558319,0.4963414634146341
pretrain,CERNET.gml,500,0,19,15,0.9428830732856686,0.2682530727562953,0.25591466337462376,0.4624390243902439
pretrain,CERNET.gml,500,0,19,16,0.93396383040351,0.22787552735445285,0.25604873370634984,0.40609756097560973
pretrain,CERNET.gml,500,0,19,17,0.9404958165138493,0.25350208300419247,0.2560955474819303,0.48024390243902443
pretrain,CERNET.gml,500,0,19,18,0.9405086038138603,0.27014933941495356,0.2562767933887824,0.48560975609756096
pretrain,CERNET.gml,500,0,19,19,0.9405072001649593,0.25380604921067185,0.2564272243609929,0.4473170731707317
pretrain,CERNET.gml,500,0,19,20,0.9381512460951443,0.24729796993387648,0.2565136855433298,0.4497560975609756
pretrain,CERNET.gml,500,0,19,21,0.9363486852502816,0.23609276242314983,0.2566461909848316,0.4395121951219512
pretrain,CERNET.gml,500,0,19,22,0.9363535121159057,0.22039864345014432,0.25679993213197755,0.42268292682926834
pretrain,CERNET.gml,500,0,19,23,0.9369391306727572,0.21459086274331296,0.2567716561347819,0.42902439024390243
pretrain,CERNET.gml,500,0,19,24,0.932194452597686,0.20645100245668904,0.2570150828303672,0.4165853658536585
pretrain,CERNET.gml,500,0,19,25,0.9381270551815527,0.22849295575424866,0.2571956343451085,0.46048780487804875
pretrain,CERNET.gml,500,0,19,26,0.9339684445911747,0.2073326024691772,0.25745461615337517,0.40926829268292675
pretrain,CERNET.gml,500,0,19,27,0.9405192846800652,0.25925784308788824,0.25755566656267653,0.5017073170731707
pretrain,CERNET.gml,500,0,19,28,0.9381289584459697,0.261635808519364,0.257810943357229,0.46609756097560984
pretrain,CERNET.gml,500,0,19,29,0.9351540390151744,0.21109568800103412,0.25793690488875004,0.3948780487804878
pretrain,CERNET.gml,500,0,19,30,0.9387245693326987,0.24888270880353824,0.25815955447490313,0.4863414634146342
pretrain,CERNET.gml,500,0,19,31,0.9410822863588467,0.24789784583539123,0.25841843969082917,0.4587804878048781
pretrain,CERNET.gml,500,0,19,32,0.9363445610004888,0.24912114794690207,0.258672185232197,0.4592682926829268
pretrain,CERNET.gml,500,0,19,33,0.9369416292169416,0.2385617305075952,0.259001422754918,0.4414634146341464
pretrain,CERNET.gml,500,0,19,34,0.9405105120445068,0.25454607171960725,0.2592537274337231,0.4780487804878048
pretrain,CERNET.gml,500,0,19,35,0.9363318059470026,0.22635771535513097,0.25951387090678885,0.4180487804878049
pretrain,CERNET.gml,500,0,19,36,0.9381265322071206,0.23975304550564758,0.25978281715486284,0.46634146341463417
pretrain,CERNET.gml,500,0,19,37,0.9357536326247844,0.2145757012976986,0.2601020770471162,0.4158536585365854
pretrain,CERNET.gml,500,0,19,38,0.941099066054662,0.23296781028182525,0.26034541781464077,0.4643902439024391
pretrain,CERNET.gml,500,0,19,39,0.9387267111147537,0.2328215438742129,0.260679331797723,0.445609756097561
pretrain,CERNET.gml,500,0,19,40,0.9393207209046488,0.23942981738858354,0.26095528682533226,0.4587804878048781
pretrain,CERNET.gml,500,0,19,41,0.9405081884169624,0.22857893858536987,0.2613061351915641,0.43756097560975604
pretrain,CERNET.gml,500,0,19,42,0.9381285350455364,0.2256662130578381,0.2616025396930598,0.44195121951219507
pretrain,CERNET.gml,500,0,19,43,0.939329546323777,0.23490177252587066,0.2619414484053475,0.45902439024390246
pretrain,CERNET.gml,500,0,19,44,0.9411061447491441,0.2338908621758643,0.2623570897961969,0.45219512195121947
pretrain,CERNET.gml,500,0,19,45,0.9363483230343006,0.20849037541924978,0.26269536001393884,0.4080487804878049
pretrain,CERNET.gml,500,0,19,46,0.9387241586060118,0.21788749101304616,0.26299302660452406,0.4460975609756098
pretrain,CERNET.gml,500,0,19,47,0.9369331336882524,0.21934018011807277,0.2633428276361426,0.44268292682926835
pretrain,CERNET.gml,500,0,19,48,0.9375470924919178,0.19869073073019355,0.26379515606376513,0.40975609756097564
pretrain,CERNET.gml,500,0,19,49,0.9387306655080663,0.20223545182503028,0.2641842856130794,0.4324390243902439
