arm,topo,rate,seed,episode,step,rd,rp,th,r_mean
A1b,Abilene.gml,500,0,0,0,0.7603326251312421,0.4528365801974848,0.259192510748189,0.5454545454545454
A1b,Abilene.gml,500,0,0,1,0.8016750015985682,0.5234955638018861,0.25896527358309673,0.6118181818181818
A1b,Abilene.gml,500,0,0,2,0.7933658985896946,0.5716090669729366,0.2589410083436512,0.6436363636363637
A1b,Abilene.gml,500,0,0,3,0.7934012543888452,0.4820070094485134,0.2588169605663127,0.5836363636363636
A1b,Abilene.gml,500,0,0,4,0.7852977071323923,0.5572897375935323,0.2588253354991851,0.6336363636363636
A1b,Abilene.gml,500,0,0,5,0.826342549240321,0.4805127669781555,0.258859592128114,0.5881818181818181
A1b,Abilene.gml,500,0,0,6,0.826515031251531,0.47755470806782174,0.2587154109348148,0.5854545454545454
A1b,Abilene.gml,500,0,0,7,0.8099527902011817,0.5027614732694158,0.2586400974978252,0.6027272727272728
A1b,Abilene.gml,500,0,0,8,0.8015772257317384,0.5215720193464423,0.258723712993045,0.6081818181818183
A1b,Abilene.gml,500,0,0,9,0.8181415263539783,0.5076417019983753,0.2586719641858907,0.6045454545454546
A1b,Abilene.gml,500,0,0,10,0.8099518047268787,0.5089523840698473,0.25858810580645036,0.6054545454545455
A1b,Abilene.gml,500,0,0,11,0.7850423729899465,0.5510744817323574,0.2585301146234287,0.6236363636363635
A1b,Abilene.gml,500,0,0,12,0.8172036898527721,0.5467764804802536,0.2585220551246365,0.6336363636363637
A1b,Abilene.gml,500,0,0,13,0.7933892861976907,0.49612324064159047,0.2585320671514262,0.5963636363636363
A1b,Abilene.gml,500,0,0,14,0.8016614440505246,0.5283926521839025,0.258696393039728,0.6154545454545454
A1b,Abilene.gml,500,0,0,15,0.81818826672596,0.5054372109867812,0.2586731750615791,0.610909090909091
A1b,Abilene.gml,500,0,0,16,0.7684466435291725,0.4614955830496845,0.2588712125153673,0.5572727272727271
A1b,Abilene.gml,500,0,0,17,0.8016221870550314,0.47519541756606376,0.2588817415532032,0.5818181818181818
A1b,Abilene.gml,500,0,0,18,0.7768808102024306,0.4748803648009558,0.25891815771229043,0.5754545454545454
A1b,Abilene.gml,500,0,0,19,0.7851624551767117,0.5201434429430868,0.25898811134722693,0.6036363636363636
A1b,Abilene.gml,500,0,0,20,0.8016142747767276,0.4852868777424208,0.2590804387821406,0.588181818181818
A1b,Abilene.gml,500,0,0,21,0.8017282812268977,0.5900760336755205,0.2592208377377363,0.6636363636363636
A1b,Abilene.gml,500,0,0,22,0.8019596777616951,0.49958983766724696,0.25929129630998177,0.5954545454545455
A1b,Abilene.gml,500,0,0,23,0.8346943289651595,0.5062299044142597,0.2593600509922745,0.6127272727272728
A1b,Abilene.gml,500,0,0,24,0.8179991266125559,0.5011763314607397,0.25951176644319585,0.6118181818181818
A1b,Abilene.gml,500,0,0,25,0.7853526017604988,0.5086279040229882,0.2598279917246556,0.6027272727272727
A1b,Abilene.gml,500,0,0,26,0.752007119242935,0.5165113366006054,0.2600306195218519,0.5972727272727273
A1b,Abilene.gml,500,0,0,27,0.8429519969343395,0.48965418616624184,0.2601256697291378,0.6063636363636363
A1b,Abilene.gml,500,0,0,28,0.768640395672693,0.5517861096944044,0.2604853383096894,0.6327272727272727
A1b,Abilene.gml,500,0,0,29,0.8016001325852191,0.5080136365457318,0.26087101945721397,0.6081818181818183
A1b,Abilene.gml,500,0,0,30,0.8099331478346337,0.5058829590786077,0.26115278603497205,0.6081818181818183
A1b,Abilene.gml,500,0,0,31,0.7765070270996283,0.479251523248899,0.26158255980214434,0.5745454545454546
A1b,Abilene.gml,500,0,0,32,0.809912692590443,0.5269851041233018,0.26143042951445006,0.6254545454545454
A1b,Abilene.gml,500,0,0,33,0.7851003114027392,0.4931249623151869,0.26188434768694085,0.5881818181818183
A1b,Abilene.gml,500,0,0,34,0.809982375248614,0.46756328473161335,0.26215410382437243,0.5800000000000001
A1b,Abilene.gml,500,0,0,35,0.7686904270488338,0.536696712343363,0.26251430798809616,0.6163636363636363
A1b,Abilene.gml,500,0,0,36,0.8015739401025166,0.5113297281460044,0.26252875874133835,0.6136363636363636
A1b,Abilene.gml,500,0,0,37,0.8081688903719673,0.5030677605645052,0.2628384920533546,0.6027272727272727
A1b,Abilene.gml,500,0,0,38,0.8099559031830471,0.47075721382137187,0.2631937233508732,0.5854545454545454
A1b,Abilene.gml,500,0,0,39,0.8016397228095894,0.49879435885790885,0.2637178595304039,0.6063636363636363
A1b,Abilene.gml,500,0,0,40,0.8099676795204857,0.4689212527795361,0.2642683150822696,0.5836363636363636
A1b,Abilene.gml,500,0,0,41,0.7850950934212073,0.4531997747429189,0.2648451424200884,0.5663636363636364
A1b,Abilene.gml,500,0,0,42,0.7687230316051273,0.4779106103463839,0.2653199234754379,0.5809090909090909
A1b,Abilene.gml,500,0,0,43,0.8018181505475959,0.48472644613602844,0.2658157547085772,0.5918181818181819
A1b,Abilene.gml,500,0,0,44,0.826774652330834,0.5279567930831712,0.266338117934064,0.63
A1b,Abilene.gml,500,0,0,45,0.7935147394705012,0.48544831705849084,0.26668085178912787,0.589090909090909
A1b,Abilene.gml,500,0,0,46,0.8429388875082487,0.5409348997750016,0.26735069489775143,0.6381818181818182
A1b,Abilene.gml,500,0,0,47,0.8108851654270531,0.46450780242507234,0.2678198918523968,0.5809090909090909
A1b,Abilene.gml,500,0,0,48,0.7685920810616029,0.4550254539419529,0.26843520339255167,0.5554545454545454
A1b,Abilene.gml,500,0,0,49,0.7358785263442595,0.47535899026777867,0.26891699990502704,0.5536363636363636
A1b,Abilene.gml,500,0,1,0,0.7933430107967131,0.4447274904632304,0.2580344861762065,0.5518181818181818
A1b,Abilene.gml,500,0,1,1,0.7933904068914686,0.5735408890884743,0.25788702876462427,0.6436363636363637
A1b,Abilene.gml,500,0,1,2,0.8014436861247691,0.4863101283728513,0.25777066379991814,0.5863636363636364
A1b,Abilene.gml,500,0,1,3,0.7934287512115116,0.5709722581443505,0.2577449327921306,0.6427272727272727
A1b,Abilene.gml,500,0,1,4,0.776727248484669,0.5262764653937825,0.25766116306134773,0.6063636363636364
A1b,Abilene.gml,500,0,1,5,0.8016220669611926,0.48205344360728736,0.257486634774966,0.5818181818181819
A1b,Abilene.gml,500,0,1,6,0.7021614559937569,0.5004480706117633,0.25732590078394374,0.5645454545454546
A1b,Abilene.gml,500,0,1,7,0.7933071140561747,0.5281687936281212,0.2571797439355077,0.6127272727272727
A1b,Abilene.gml,500,0,1,8,0.7687107930324466,0.5117777956660917,0.25713392445981664,0.5972727272727273
A1b,Abilene.gml,500,0,1,9,0.7933466453224576,0.4768738077497318,0.2571807136555487,0.5781818181818181
A1b,Abilene.gml,500,0,1,10,0.7273980952227617,0.577594132617122,0.2570881329199637,0.6309090909090909
A1b,Abilene.gml,500,0,1,11,0.8265119782397924,0.5122060376415439,0.25708321721152994,0.6154545454545456
A1b,Abilene.gml,500,0,1,12,0.8181782718444478,0.5385622010917136,0.257179760583936,0.6327272727272727
A1b,Abilene.gml,500,0,1,13,0.7602351907156223,0.49236375083529876,0.25730201227806315,0.5781818181818182
A1b,Abilene.gml,500,0,1,14,0.7768532803550293,0.5206706992768072,0.25725343105444604,0.6072727272727273
A1b,Abilene.gml,500,0,1,15,0.8017744260945272,0.5043993507189142,0.25723058003205657,0.5990909090909091
A1b,Abilene.gml,500,0,1,16,0.792606775396626,0.4732118397596656,0.2572396258173422,0.5763636363636363
A1b,Abilene.gml,500,0,1,17,0.8099425366927085,0.4937442646576411,0.2572743946606311,0.6
A1b,Abilene.gml,500,0,1,18,0.7851056645418673,0.4856511699043784,0.2574726000399142,0.5836363636363635
A1b,Abilene.gml,500,0,1,19,0.7935345577467531,0.5638855675133749,0.2575361483806225,0.640909090909091
A1b,Abilene.gml,500,0,1,20,0.8099418310297327,0.48902381208214113,0.2576550048516228,0.5963636363636363
A1b,Abilene.gml,500,0,1,21,0.7853594705688028,0.515278476571336,0.25789428771128614,0.6045454545454546
A1b,Abilene.gml,500,0,1,22,0.8099149172283625,0.5037764658951377,0.25801834191268624,0.6081818181818183
A1b,Abilene.gml,500,0,1,23,0.7937467890621345,0.5207591377802465,0.25829124749575083,0.6136363636363636
A1b,Abilene.gml,500,0,1,24,0.7933540683952726,0.4764295999680428,0.2584489748536743,0.5754545454545454
A1b,Abilene.gml,500,0,1,25,0.818084465294952,0.4811885530480673,0.25827291307223155,0.589090909090909
A1b,Abilene.gml,500,0,1,26,0.7439149349693698,0.469944128975266,0.2584720494437693,0.5599999999999999
A1b,Abilene.gml,500,0,1,27,0.7769028926634644,0.4811116601197943,0.25829894002286496,0.5809090909090909
A1b,Abilene.gml,500,0,1,28,0.8264802268140786,0.4973234742830869,0.25847015830637204,0.6018181818181818
A1b,Abilene.gml,500,0,1,29,0.785238262819935,0.5060149448191845,0.25868265645553207,0.6036363636363636
A1b,Abilene.gml,500,0,1,30,0.818190420315527,0.5010566021358346,0.2590284774638869,0.6109090909090908
A1b,Abilene.gml,500,0,1,31,0.8099545729410651,0.5024254845407033,0.25940016673788735,0.5981818181818181
A1b,Abilene.gml,500,0,1,32,0.851217860129415,0.5100721021481444,0.25966847684426575,0.6263636363636365
A1b,Abilene.gml,500,0,1,33,0.8098520893962057,0.5053289868426244,0.26007435214588986,0.6063636363636363
A1b,Abilene.gml,500,0,1,34,0.8099133205192462,0.49759358779119045,0.2603769252080314,0.6054545454545454
A1b,Abilene.gml,500,0,1,35,0.8099024901670909,0.5268277856656063,0.2608171197214417,0.6254545454545454
A1b,Abilene.gml,500,0,1,36,0.8099275222709152,0.49595486873708966,0.2612833519273728,0.6063636363636363
A1b,Abilene.gml,500,0,1,37,0.8347267517433249,0.5023101276567089,0.26177566584527595,0.6145454545454545
A1b,Abilene.gml,500,0,1,38,0.7769380252089323,0.4611361342012876,0.2622941080983719,0.5645454545454546
A1b,Abilene.gml,500,0,1,39,0.7685382825330257,0.47583992029434957,0.26267023102456133,0.5754545454545453
A1b,Abilene.gml,500,0,1,40,0.8022588082881054,0.4849495036196014,0.26307258336156064,0.5918181818181819
A1b,Abilene.gml,500,0,1,41,0.7357752911227337,0.47340632065074306,0.2634578546724193,0.5554545454545455
A1b,Abilene.gml,500,0,1,42,0.7769193490445615,0.5312586819244982,0.26328872001883535,0.6018181818181819
A1b,Abilene.gml,500,0,1,43,0.8264454145328862,0.5087916899959395,0.26283875497649817,0.6127272727272727
A1b,Abilene.gml,500,0,1,44,0.8099779266882152,0.4732143683538896,0.26309094371418956,0.5854545454545456
A1b,Abilene.gml,500,0,1,45,0.8181292921883813,0.4995020270937063,0.26356858272894546,0.6018181818181817
A1b,Abilene.gml,500,0,1,46,0.8110843425262967,0.4694903730184375,0.26405333838935,0.5809090909090909
A1b,Abilene.gml,500,0,1,47,0.8018592985865504,0.4899666889492609,0.26456445090802755,0.5954545454545456
A1b,Abilene.gml,500,0,1,48,0.8099344900280877,0.5010800562158346,0.26510196876054404,0.6036363636363636
A1b,Abilene.gml,500,0,1,49,0.8429844936389742,0.4797246050479515,0.26563240657998577,0.599090909090909
A1b,Abilene.gml,500,0,2,0,0.7850919709282329,0.4052113887192108,0.257910465354493,0.5172727272727272
A1b,Abilene.gml,500,0,2,1,0.7768930507402954,0.48557885436748743,0.2576123060918525,0.5745454545454546
A1b,Abilene.gml,500,0,2,2,0.8098589988824986,0.4787175957407555,0.2574846869831428,0.5781818181818182
A1b,Abilene.gml,500,0,2,3,0.8099440815446861,0.5230023715409949,0.25729815087676433,0.6154545454545456
A1b,Abilene.gml,500,0,2,4,0.7934013736130762,0.4842664241001781,0.25728820748786246,0.5845454545454545
A1b,Abilene.gml,500,0,2,5,0.8182954398903967,0.48461677199344266,0.25730399391404823,0.59
A1b,Abilene.gml,500,0,2,6,0.7933946803643821,0.5164797036308896,0.2571777934732183,0.6081818181818182
A1b,Abilene.gml,500,0,2,7,0.7769185217617949,0.53498063363777,0.25716940380538683,0.6136363636363636
A1b,Abilene.gml,500,0,2,8,0.7687983306137004,0.4801299862718066,0.25712592330580003,0.5763636363636363
A1b,Abilene.gml,500,0,2,9,0.7651569205575445,0.5146516417403069,0.25721698244814034,0.5972727272727274
A1b,Abilene.gml,500,0,2,10,0.7771450511502652,0.5308081448312932,0.2572037401392733,0.6127272727272727
A1b,Abilene.gml,500,0,2,11,0.8020981210637217,0.5561215369832265,0.25714269157058894,0.6354545454545455
A1b,Abilene.gml,500,0,2,12,0.8176957720555301,0.547269081623072,0.25710736337591844,0.63
A1b,Abilene.gml,500,0,2,13,0.8347743795369899,0.5236840287884662,0.25709774945040503,0.6290909090909091
A1b,Abilene.gml,500,0,2,14,0.7687278813896973,0.5330552540763714,0.2572526607328834,0.6054545454545455
A1b,Abilene.gml,500,0,2,15,0.8180695074603134,0.4831384365695752,0.2569805164563904,0.5899999999999999
A1b,Abilene.gml,500,0,2,16,0.8099404454481376,0.5249128083521778,0.25701149850194477,0.6209090909090909
A1b,Abilene.gml,500,0,2,17,0.7440332578779242,0.49201957514305855,0.2571967589991541,0.5736363636363636
A1b,Abilene.gml,500,0,2,18,0.8181827606039451,0.5373935851831826,0.2571913038866203,0.6345454545454546
A1b,Abilene.gml,500,0,2,19,0.7933618630241018,0.5103571082175647,0.2574100614411567,0.6081818181818183
A1b,Abilene.gml,500,0,2,20,0.7933876005239014,0.4931469088446325,0.25765453812608174,0.5963636363636364
A1b,Abilene.gml,500,0,2,21,0.7521146595251748,0.5327863369040667,0.2579247558171509,0.6136363636363636
A1b,Abilene.gml,500,0,2,22,0.7934246619916774,0.4775659078711078,0.2582207389620328,0.58
A1b,Abilene.gml,500,0,2,23,0.7769259122527903,0.4680967225598805,0.2582722868257074,0.5727272727272728
A1b,Abilene.gml,500,0,2,24,0.7852138076726569,0.5150926183716137,0.25845225669894045,0.6054545454545455
A1b,Abilene.gml,500,0,2,25,0.8099506048428833,0.4750769370996027,0.2585903372720942,0.5836363636363636
A1b,Abilene.gml,500,0,2,26,0.7769207957877508,0.4677095177275899,0.2587491052625421,0.5700000000000001
A1b,Abilene.gml,500,0,2,27,0.8105809297698182,0.4868011711757696,0.25897946800705557,0.5918181818181818
A1b,Abilene.gml,500,0,2,28,0.8346554238365979,0.5082939093687954,0.2591618167290003,0.6154545454545454
A1b,Abilene.gml,500,0,2,29,0.7770445206063353,0.5290618039855567,0.2593705850425863,0.6109090909090908
A1b,Abilene.gml,500,0,2,30,0.7933908761592552,0.48514269739694543,0.25946165820102307,0.5918181818181819
A1b,Abilene.gml,500,0,2,31,0.7434812773786877,0.5440718633726646,0.2598849338039462,0.6145454545454545
A1b,Abilene.gml,500,0,2,32,0.7853182383202068,0.5107469130637619,0.26008533777390813,0.6027272727272727
A1b,Abilene.gml,500,0,2,33,0.80996070075851,0.47899403241501504,0.2603410906169796,0.59
A1b,Abilene.gml,500,0,2,34,0.7851206919136419,0.49868631109981865,0.2608068692894757,0.5918181818181818
A1b,Abilene.gml,500,0,2,35,0.8429639561438326,0.48720911427526575,0.26105595802639414,0.6054545454545454
A1b,Abilene.gml,500,0,2,36,0.8511646093412595,0.568911022958662,0.2615564075827466,0.6590909090909091
A1b,Abilene.gml,500,0,2,37,0.8506667987907922,0.5446826651777475,0.26177695282325514,0.6445454545454545
A1b,Abilene.gml,500,0,2,38,0.7687620320712513,0.4808216324425125,0.2621130415172464,0.5809090909090909
A1b,Abilene.gml,500,0,2,39,0.8182249052897025,0.4971544058221678,0.26251521781527976,0.6099999999999999
A1b,Abilene.gml,500,0,2,40,0.8429697159791814,0.48227582637758215,0.263077960780857,0.6
A1b,Abilene.gml,500,0,2,41,0.7851749019552018,0.4926787301914143,0.2635666731371167,0.5836363636363637
A1b,Abilene.gml,500,0,2,42,0.8018336401016005,0.49627875413164485,0.26348892382121697,0.6027272727272727
A1b,Abilene.gml,500,0,2,43,0.7933391245118073,0.49977951411893035,0.2640935466997362,0.6036363636363636
A1b,Abilene.gml,500,0,2,44,0.7934625776046776,0.4820462444103461,0.2647245184706375,0.5836363636363636
A1b,Abilene.gml,500,0,2,45,0.8345276983849204,0.4703845243342538,0.265233324180458,0.5918181818181819
A1b,Abilene.gml,500,0,2,46,0.8099364037624589,0.5010386182120605,0.265810109121414,0.6036363636363636
A1b,Abilene.gml,500,0,2,47,0.8095532861084279,0.517249970935868,0.26634681777848007,0.6136363636363638
A1b,Abilene.gml,500,0,2,48,0.8428536587809173,0.5024302551059722,0.2669222586700576,0.6181818181818183
A1b,Abilene.gml,500,0,2,49,0.7929048611787426,0.5319778488934227,0.26765466001260524,0.620909090909091
A1b,Abilene.gml,500,0,3,0,0.7933417491154113,0.44873579811319675,0.2613576758434185,0.5536363636363636
A1b,Abilene.gml,500,0,3,1,0.7850915811549277,0.45683609708569484,0.26110434077621825,0.5527272727272727
A1b,Abilene.gml,500,0,3,2,0.8347346463832214,0.5283466917896673,0.2608735520059779,0.6263636363636363
A1b,Abilene.gml,500,0,3,3,0.7932915602098494,0.5702020569237042,0.260835386448293,0.6436363636363637
A1b,Abilene.gml,500,0,3,4,0.8099371068642554,0.5141291130169281,0.2607269327832425,0.6090909090909092
A1b,Abilene.gml,500,0,3,5,0.8102728362134971,0.5038323389421282,0.2607308341633044,0.5990909090909091
A1b,Abilene.gml,500,0,3,6,0.7852196627792979,0.5315899962382633,0.2605634131490378,0.6145454545454545
A1b,Abilene.gml,500,0,3,7,0.8181796258531852,0.537214289204988,0.2606103676527171,0.63
A1b,Abilene.gml,500,0,3,8,0.8015818442401386,0.5106554962460809,0.2606833784977113,0.6090909090909091
A1b,Abilene.gml,500,0,3,9,0.8347685993854916,0.518870356273414,0.26078245037947084,0.6227272727272728
A1b,Abilene.gml,500,0,3,10,0.7686058264414283,0.543483405912851,0.2609075905990801,0.6136363636363636
A1b,Abilene.gml,500,0,3,11,0.8098466402402171,0.47042186094953337,0.26085479895452146,0.5772727272727273
A1b,Abilene.gml,500,0,3,12,0.7769373217380161,0.5501951573468632,0.2607422087066883,0.619090909090909
A1b,Abilene.gml,500,0,3,13,0.801548411587984,0.4534038315727486,0.26065570393875065,0.5654545454545453
A1b,Abilene.gml,500,0,3,14,0.7602163596026468,0.45690215056356787,0.2606257290179958,0.5509090909090909
A1b,Abilene.gml,500,0,3,15,0.7850751043200098,0.4795282184985385,0.26058235828410115,0.5772727272727273
A1b,Abilene.gml,500,0,3,16,0.768622819931534,0.47492608252927204,0.2605992151490469,0.5690909090909092
A1b,Abilene.gml,500,0,3,17,0.7851883621145503,0.5258111289134807,0.26064213024982114,0.6163636363636363
A1b,Abilene.gml,500,0,3,18,0.7686132110351301,0.4734841836526492,0.2608571057457605,0.5690909090909091
A1b,Abilene.gml,500,0,3,19,0.8255552108679501,0.5130628776201247,0.2609338545760433,0.6163636363636363
A1b,Abilene.gml,500,0,3,20,0.7851345651660327,0.46622333513533254,0.26103595513785166,0.5645454545454545
A1b,Abilene.gml,500,0,3,21,0.768616263524155,0.47256946286409285,0.26105431746331004,0.5681818181818182
A1b,Abilene.gml,500,0,3,22,0.7933916682235179,0.45914985386964413,0.2611855901965938,0.570909090909091
A1b,Abilene.gml,500,0,3,23,0.7521547515846614,0.46258202090273576,0.26128755277455884,0.5581818181818181
A1b,Abilene.gml,500,0,3,24,0.7438956658386416,0.5275096820708458,0.26141563391154343,0.6063636363636363
A1b,Abilene.gml,500,0,3,25,0.7933712703728102,0.5006477595641896,0.2615465327380649,0.6045454545454546
A1b,Abilene.gml,500,0,3,26,0.8099319097689439,0.5037974605439652,0.2618552067192636,0.6072727272727273
A1b,Abilene.gml,500,0,3,27,0.7768666870525717,0.4724454147051833,0.26219003535373603,0.5772727272727273
A1b,Abilene.gml,500,0,3,28,0.7704296606091776,0.47333518972296584,0.26238242655600447,0.5754545454545454
A1b,Abilene.gml,500,0,3,29,0.7935975547942339,0.5228195655977349,0.26265474126608485,0.6090909090909091
A1b,Abilene.gml,500,0,3,30,0.8099326558238048,0.46656199291257056,0.2625120197741093,0.5800000000000001
A1b,Abilene.gml,500,0,3,31,0.8099307210845489,0.5008913367004203,0.26281659169820926,0.6063636363636363
A1b,Abilene.gml,500,0,3,32,0.7848969017585499,0.4736070082647723,0.26322995302034174,0.5809090909090909
A1b,Abilene.gml,500,0,3,33,0.7273929796474957,0.5222331718130668,0.26357912297018954,0.5854545454545454
A1b,Abilene.gml,500,0,3,34,0.8179100691700871,0.5080242528932701,0.26326559061895516,0.6045454545454546
A1b,Abilene.gml,500,0,3,35,0.8264717257227339,0.48786865095641424,0.2631771726115809,0.5963636363636364
A1b,Abilene.gml,500,0,3,36,0.7769016022031465,0.47283738230135447,0.2633718899398942,0.5681818181818182
A1b,Abilene.gml,500,0,3,37,0.8428299675481238,0.526407042363874,0.26331753308435957,0.6281818181818181
A1b,Abilene.gml,500,0,3,38,0.8264372425040876,0.45611046332581484,0.26364946737256084,0.5781818181818181
A1b,Abilene.gml,500,0,3,39,0.7521601949363322,0.47455309634728465,0.26406372277467577,0.5690909090909091
A1b,Abilene.gml,500,0,3,40,0.8016310460976522,0.4999296020599841,0.26442085391954173,0.6090909090909091
A1b,Abilene.gml,500,0,3,41,0.768720241786382,0.47908464467301803,0.26491795206169555,0.5818181818181819
A1b,Abilene.gml,500,0,3,42,0.8512644587921563,0.5038206573767942,0.26537616198108194,0.6236363636363635
A1b,Abilene.gml,500,0,3,43,0.8098102792769865,0.49917283879107077,0.26591843480132926,0.5945454545454546
A1b,Abilene.gml,500,0,3,44,0.8512230035926361,0.487571527318538,0.26578281988403124,0.600909090909091
A1b,Abilene.gml,500,0,3,45,0.8098685439303508,0.4952900390614596,0.2656685115184248,0.5881818181818181
A1b,Abilene.gml,500,0,3,46,0.8099292029894912,0.49508248094565005,0.2652880499902765,0.6054545454545455
A1b,Abilene.gml,500,0,3,47,0.8019846971561317,0.44950241695628185,0.265845127763763,0.5690909090909092
A1b,Abilene.gml,500,0,3,48,0.7852108754859707,0.5102681443066542,0.26638251242046257,0.6054545454545455
A1b,Abilene.gml,500,0,3,49,0.7520260451303566,0.4589343263825169,0.2668890098272968,0.5499999999999999
A1b,Abilene.gml,500,0,4,0,0.7271684698060303,0.4181481305124134,0.2613628507122563,0.5136363636363636
A1b,Abilene.gml,500,0,4,1,0.7851709202329005,0.5252185436750522,0.26121325072891083,0.6072727272727273
A1b,Abilene.gml,500,0,4,2,0.8098768075455373,0.5117898457841362,0.26105987208076376,0.6054545454545455
A1b,Abilene.gml,500,0,4,3,0.7851524691085572,0.4711103497462702,0.2609945214048722,0.57
A1b,Abilene.gml,500,0,4,4,0.8016621017289087,0.5242012624591704,0.2607778116687826,0.6090909090909091
A1b,Abilene.gml,500,0,4,5,0.7685655865538514,0.4465149470819835,0.2605885499054257,0.5472727272727274
A1b,Abilene.gml,500,0,4,6,0.7768936236702249,0.4271612096654857,0.26041118428662,0.5327272727272727
A1b,Abilene.gml,500,0,4,7,0.8138802316972927,0.47389172760648984,0.2602555433641567,0.5790909090909092
A1b,Abilene.gml,500,0,4,8,0.7686107608546192,0.47658496238373044,0.2602070951355677,0.5690909090909091
A1b,Abilene.gml,500,0,4,9,0.7940506863541065,0.47466674764113037,0.26007526196829883,0.5745454545454545
A1b,Abilene.gml,500,0,4,10,0.8101585142678168,0.5118912769671349,0.2600611842797387,0.6054545454545455
A1b,Abilene.gml,500,0,4,11,0.7933990430117345,0.5040919484115935,0.2599637145654083,0.5990909090909091
A1b,Abilene.gml,500,0,4,12,0.8099230315167781,0.5388942678902647,0.2600129812012376,0.6281818181818182
A1b,Abilene.gml,500,0,4,13,0.8184308685151408,0.5088333113781884,0.2600882442085235,0.6081818181818182
A1b,Abilene.gml,500,0,4,14,0.7852472030351894,0.520949676212373,0.2600511328158938,0.6045454545454546
A1b,Abilene.gml,500,0,4,15,0.8265016085281627,0.503321120659223,0.26004111787527723,0.61
A1b,Abilene.gml,500,0,4,16,0.8099390368766993,0.49026961365827454,0.26016730242392677,0.5972727272727273
A1b,Abilene.gml,500,0,4,17,0.7437736649432858,0.39091601101367196,0.260319491084364,0.5063636363636363
A1b,Abilene.gml,500,0,4,18,0.8181979725388875,0.5385619046284156,0.2604976964750436,0.629090909090909
A1b,Abilene.gml,500,0,4,19,0.7605231907821982,0.5490393229797534,0.2605802801799342,0.6145454545454545
A1b,Abilene.gml,500,0,4,20,0.8263296306095671,0.5117222634961673,0.260333744543829,0.6127272727272728
A1b,Abilene.gml,500,0,4,21,0.8175995460037776,0.47836713918092355,0.2603584198554445,0.5872727272727274
A1b,Abilene.gml,500,0,4,22,0.8099116011543093,0.4819191405980785,0.2604926165874261,0.5890909090909091
A1b,Abilene.gml,500,0,4,23,0.7604642487595092,0.4967795042560287,0.26058352457075384,0.5890909090909091
A1b,Abilene.gml,500,0,4,24,0.7437757922692729,0.48890134006646646,0.26068352564002645,0.5754545454545454
A1b,Abilene.gml,500,0,4,25,0.7851883568936088,0.5149485137234415,0.26080958506175594,0.6054545454545455
A1b,Abilene.gml,500,0,4,26,0.7935139564573565,0.5328643799987345,0.26106891444234603,0.6127272727272727
A1b,Abilene.gml,500,0,4,27,0.8096586589474163,0.5068642539398657,0.2608075254009192,0.6072727272727273
A1b,Abilene.gml,500,0,4,28,0.8426187092695874,0.5102735679809247,0.26102010633112405,0.6236363636363637
A1b,Abilene.gml,500,0,4,29,0.7933970491795123,0.549905594402393,0.26131228249782523,0.63
A1b,Abilene.gml,500,0,4,30,0.7931797064127811,0.4853964101037253,0.261502309610594,0.5927272727272728
A1b,Abilene.gml,500,0,4,31,0.8181900955686064,0.4965586296174942,0.261829251105136,0.6072727272727273
A1b,Abilene.gml,500,0,4,32,0.7769106138669065,0.46857623422189415,0.26218234283063907,0.5645454545454545
A1b,Abilene.gml,500,0,4,33,0.7779400499767345,0.5580009429911365,0.26237409649597504,0.6336363636363637
A1b,Abilene.gml,500,0,4,34,0.793745444169344,0.5257201600950651,0.26261203555473583,0.6081818181818183
A1b,Abilene.gml,500,0,4,35,0.851086867529466,0.5369206265984864,0.262522909569833,0.6418181818181817
A1b,Abilene.gml,500,0,4,36,0.8018242966099226,0.48415489851095095,0.2628478261845238,0.59
A1b,Abilene.gml,500,0,4,37,0.7686643046879671,0.5434538411044622,0.26326037360985255,0.62
A1b,Abilene.gml,500,0,4,38,0.7769108883614344,0.5223077918325028,0.26332417533890784,0.5972727272727273
A1b,Abilene.gml,500,0,4,39,0.7521657423660262,0.4764003708176983,0.2629209845375685,0.5654545454545454
A1b,Abilene.gml,500,0,4,40,0.7933570994005652,0.5255580388597969,0.26279250619266253,0.6118181818181818
A1b,Abilene.gml,500,0,4,41,0.7935114564605633,0.48608761630659814,0.26269653835975443,0.59
A1b,Abilene.gml,500,0,4,42,0.7852622624560684,0.5612656445866311,0.26311939180380545,0.63
A1b,Abilene.gml,500,0,4,43,0.801686027097681,0.5568434853837864,0.2633457996254093,0.6390909090909092
A1b,Abilene.gml,500,0,4,44,0.8018708464522323,0.4735192691482258,0.26370905446069876,0.579090909090909
A1b,Abilene.gml,500,0,4,45,0.7933919194308457,0.4806197564425483,0.2636992629898367,0.5781818181818182
A1b,Abilene.gml,500,0,4,46,0.7684848103112771,0.46430245807339254,0.2640294575025491,0.5672727272727273
A1b,Abilene.gml,500,0,4,47,0.7852211237671335,0.526402795229703,0.2644287414180251,0.6209090909090911
A1b,Abilene.gml,500,0,4,48,0.7693376638662194,0.48400056482347154,0.26477727995702627,0.5781818181818182
A1b,Abilene.gml,500,0,4,49,0.7769105801911338,0.5431901015667712,0.2647835373756944,0.6154545454545455
A1b,Abilene.gml,500,0,5,0,0.7026546981181283,0.499005282727936,0.2588103750081496,0.5618181818181818
A1b,Abilene.gml,500,0,5,1,0.7851724418887855,0.5736851563120663,0.25858661978503844,0.6409090909090909
A1b,Abilene.gml,500,0,5,2,0.8016595728077784,0.5229619850093253,0.2584606187378611,0.6118181818181818
A1b,Abilene.gml,500,0,5,3,0.7686834501060023,0.5268428321532634,0.2584429582752244,0.6045454545454546
A1b,Abilene.gml,500,0,5,4,0.7604285807156841,0.5264594602436242,0.25827051878278284,0.6018181818181818
A1b,Abilene.gml,500,0,5,5,0.7935700463306731,0.511244218263906,0.2582149852185193,0.6
A1b,Abilene.gml,500,0,5,6,0.8016519858733289,0.5450479552961227,0.2580942878180761,0.630909090909091
A1b,Abilene.gml,500,0,5,7,0.7603099070302313,0.4936988952188894,0.2581432534363144,0.5754545454545454
A1b,Abilene.gml,500,0,5,8,0.8181892126531151,0.5142513552007609,0.25803851662363386,0.6154545454545455
A1b,Abilene.gml,500,0,5,9,0.8033225978625071,0.5063743861742215,0.25812102610505494,0.5990909090909091
A1b,Abilene.gml,500,0,5,10,0.79336968819578,0.4770653646036413,0.25812217045652114,0.578181818181818
A1b,Abilene.gml,500,0,5,11,0.777026944682497,0.5237350605059807,0.2580597955905631,0.6072727272727272
A1b,Abilene.gml,500,0,5,12,0.8099169231069314,0.4215504420523066,0.25806872113935336,0.5418181818181819
A1b,Abilene.gml,500,0,5,13,0.8016264851073319,0.4784024143447834,0.2579591775771134,0.5836363636363635
A1b,Abilene.gml,500,0,5,14,0.810178623666994,0.48043596840486136,0.2579460722262434,0.5872727272727274
A1b,Abilene.gml,500,0,5,15,0.7853811116940446,0.45115012681388933,0.258109978235759,0.5590909090909092
A1b,Abilene.gml,500,0,5,16,0.7935212543225691,0.5234814101140595,0.2581678394087566,0.6145454545454545
A1b,Abilene.gml,500,0,5,17,0.7769609903126149,0.4720137178877993,0.25825151157957776,0.5727272727272728
A1b,Abilene.gml,500,0,5,18,0.785112188486196,0.5129100942679019,0.25831665315690927,0.6100000000000001
A1b,Abilene.gml,500,0,5,19,0.77692889900928,0.47065778997127444,0.25853856372427747,0.5718181818181819
A1b,Abilene.gml,500,0,5,20,0.7926115215462981,0.5583181474472125,0.25867036051578923,0.6363636363636365
A1b,Abilene.gml,500,0,5,21,0.7851576099108659,0.5224397656581719,0.2587814274211478,0.6063636363636364
A1b,Abilene.gml,500,0,5,22,0.7541293827576393,0.5898731867965469,0.258902268678118,0.6536363636363636
A1b,Abilene.gml,500,0,5,23,0.8098552685322123,0.5777996516679594,0.2590817387983958,0.6663636363636364
A1b,Abilene.gml,500,0,5,24,0.809946802226835,0.47345728513106694,0.25938013063985466,0.5845454545454545
A1b,Abilene.gml,500,0,5,25,0.7851540346702373,0.47993561182037986,0.25955932344567517,0.5845454545454545
A1b,Abilene.gml,500,0,5,26,0.8264793352511183,0.49554175940679956,0.2597781391176005,0.6027272727272727
A1b,Abilene.gml,500,0,5,27,0.768818292549819,0.5074304415542924,0.2598821749230209,0.600909090909091
A1b,Abilene.gml,500,0,5,28,0.7851368333308334,0.48078236454919276,0.260250974666777,0.5827272727272726
A1b,Abilene.gml,500,0,5,29,0.7933776835202141,0.4956856827734906,0.2605310225487729,0.5918181818181819
A1b,Abilene.gml,500,0,5,30,0.8179852216679322,0.5222598154816337,0.260774239199078,0.6227272727272727
A1b,Abilene.gml,500,0,5,31,0.7438150209074802,0.5842641158150486,0.261043508951638,0.6354545454545455
A1b,Abilene.gml,500,0,5,32,0.8183089191932413,0.5099263065148377,0.26102167589358866,0.6118181818181818
A1b,Abilene.gml,500,0,5,33,0.8019720083990659,0.5012316657971375,0.261305775911175,0.6072727272727273
A1b,Abilene.gml,500,0,5,34,0.809986196001121,0.4715749821807855,0.26175250659144295,0.5836363636363636
A1b,Abilene.gml,500,0,5,35,0.8099627166047298,0.47688161887184055,0.26211293358785254,0.59
A1b,Abilene.gml,500,0,5,36,0.767858611441623,0.5082898312904024,0.26260388922449934,0.6054545454545455
A1b,Abilene.gml,500,0,5,37,0.7933985061686912,0.47840207991976763,0.26289528888462105,0.5872727272727273
A1b,Abilene.gml,500,0,5,38,0.8017960061498581,0.48724589770481685,0.2632851572734324,0.5918181818181819
A1b,Abilene.gml,500,0,5,39,0.8426628905336148,0.4905280612065488,0.26367455925809996,0.6018181818181818
A1b,Abilene.gml,500,0,5,40,0.8100023830286361,0.47512670473013646,0.2639473077338104,0.5854545454545456
A1b,Abilene.gml,500,0,5,41,0.8101711015117213,0.47011308240111627,0.2644131301991832,0.5818181818181818
A1b,Abilene.gml,500,0,5,42,0.7844062545001672,0.5496248354211415,0.2648994034919128,0.6190909090909092
A1b,Abilene.gml,500,0,5,43,0.818120620341359,0.5010513197744643,0.26445207087587047,0.6036363636363635
A1b,Abilene.gml,500,0,5,44,0.8099321883419752,0.5040352059163786,0.2644762228356639,0.6054545454545455
A1b,Abilene.gml,500,0,5,45,0.8428986103663434,0.48967096826661755,0.2649645812685217,0.5990909090909091
A1b,Abilene.gml,500,0,5,46,0.8338053526520036,0.5262308820907374,0.26501750205804886,0.6281818181818183
A1b,Abilene.gml,500,0,5,47,0.8429645610864539,0.5032279739677971,0.26534379810453135,0.6136363636363636
A1b,Abilene.gml,500,0,5,48,0.7932644555670624,0.48293276794305773,0.26528507986868893,0.5863636363636364
A1b,Abilene.gml,500,0,5,49,0.776791484568652,0.48845308122839853,0.26542079562279774,0.5800000000000001
A1b,Abilene.gml,500,0,6,0,0.760335274062976,0.5592361072036265,0.26022682207108166,0.6181818181818182
A1b,Abilene.gml,500,0,6,1,0.8181476614633197,0.4793001823354545,0.26010008189573575,0.5836363636363636
A1b,Abilene.gml,500,0,6,2,0.7768827713804499,0.5017567909123727,0.2598996961848143,0.5854545454545454
A1b,Abilene.gml,500,0,6,3,0.8100424490760854,0.46800134738085364,0.2597864064412725,0.5736363636363636
A1b,Abilene.gml,500,0,6,4,0.768751987381992,0.556995714305515,0.25968459768047003,0.6245454545454546
A1b,Abilene.gml,500,0,6,5,0.8099494396951011,0.503069728984064,0.25956976633218676,0.6027272727272728
A1b,Abilene.gml,500,0,6,6,0.7933958708660498,0.5038852136737686,0.25959995779069056,0.5981818181818181
A1b,Abilene.gml,500,0,6,7,0.7768220126627604,0.5063920930319933,0.2596561062258276,0.5863636363636363
A1b,Abilene.gml,500,0,6,8,0.7933879157353335,0.5008666784661817,0.259503005170112,0.5972727272727273
A1b,Abilene.gml,500,0,6,9,0.7890811311694339,0.5086046787192189,0.25959323564634035,0.5918181818181819
A1b,Abilene.gml,500,0,6,10,0.7520679115187282,0.5592932899069225,0.25947423045740264,0.6218181818181818
A1b,Abilene.gml,500,0,6,11,0.7933854390819753,0.4969686739695163,0.2594601628964383,0.5936363636363636
A1b,Abilene.gml,500,0,6,12,0.7933793911036172,0.49485184025809004,0.2595918005934388,0.5954545454545455
A1b,Abilene.gml,500,0,6,13,0.7685135847587277,0.45805201388293076,0.25974938430672884,0.5554545454545454
A1b,Abilene.gml,500,0,6,14,0.8016554948941504,0.5281314728126326,0.2596908348111644,0.6163636363636363
A1b,Abilene.gml,500,0,6,15,0.835742607900869,0.5155104798095789,0.25965826025403066,0.6236363636363637
A1b,Abilene.gml,500,0,6,16,0.7851741314196691,0.5133630470644998,0.25985823402214003,0.6036363636363636
A1b,Abilene.gml,500,0,6,17,0.760388839692969,0.5019417486791132,0.25992884776029546,0.5854545454545454
A1b,Abilene.gml,500,0,6,18,0.8510011878427144,0.5120960811333424,0.260025447321853,0.6236363636363637
A1b,Abilene.gml,500,0,6,19,0.7686484301011213,0.5429386775927042,0.26026651625928515,0.6136363636363636
A1b,Abilene.gml,500,0,6,20,0.793447081537095,0.5227578622223383,0.2600586602139417,0.6145454545454545
A1b,Abilene.gml,500,0,6,21,0.818076643496018,0.5091461665738047,0.2601968109961002,0.6063636363636363
A1b,Abilene.gml,500,0,6,22,0.7851561432299025,0.5176277730625146,0.26025792637737055,0.6000000000000001
A1b,Abilene.gml,500,0,6,23,0.7689111101841991,0.5005169902741318,0.2603802170464425,0.5881818181818183
A1b,Abilene.gml,500,0,6,24,0.7937179353041738,0.4816306938775421,0.2605807476086844,0.5836363636363636
A1b,Abilene.gml,500,0,6,25,0.8015693785497487,0.4772079516345782,0.26080218174668884,0.5845454545454545
A1b,Abilene.gml,500,0,6,26,0.8345575138111759,0.5033319513769722,0.2609473952840639,0.6118181818181818
A1b,Abilene.gml,500,0,6,27,0.8181159063122393,0.45690934644143333,0.261127409298544,0.5727272727272728
A1b,Abilene.gml,500,0,6,28,0.8181175569662944,0.4996417942826208,0.26137597298015974,0.6018181818181817
A1b,Abilene.gml,500,0,6,29,0.7686505068686345,0.5423428503985431,0.26162316449199846,0.6145454545454546
A1b,Abilene.gml,500,0,6,30,0.8181926087249707,0.4968665634090762,0.2614510417389136,0.6081818181818182
A1b,Abilene.gml,500,0,6,31,0.7689651964858771,0.5320153646466517,0.2618270622157776,0.609090909090909
A1b,Abilene.gml,500,0,6,32,0.8181929532311462,0.4961507261562535,0.2618037356281289,0.6081818181818182
A1b,Abilene.gml,500,0,6,33,0.7934334006614279,0.5402296704880841,0.2622052673252101,0.630909090909091
A1b,Abilene.gml,500,0,6,34,0.8099487211619448,0.4659527126284491,0.2624996472997845,0.5781818181818182
A1b,Abilene.gml,500,0,6,35,0.810024953039246,0.48793179581869045,0.26283276775870973,0.5972727272727272
A1b,Abilene.gml,500,0,6,36,0.7933821359177631,0.5124093775065542,0.2630804533987326,0.6063636363636363
A1b,Abilene.gml,500,0,6,37,0.7933907966115732,0.47426632216046816,0.2634506983768598,0.5827272727272729
A1b,Abilene.gml,500,0,6,38,0.7687211300436878,0.4771885536012611,0.2639347515490276,0.5781818181818182
A1b,Abilene.gml,500,0,6,39,0.76861358413833,0.4471503083453735,0.26435016858110083,0.55
A1b,Abilene.gml,500,0,6,40,0.7515319729577814,0.5831201899986262,0.2647003913279629,0.639090909090909
A1b,Abilene.gml,500,0,6,41,0.8264534394548142,0.4831954958639804,0.26474120949392993,0.5927272727272728
A1b,Abilene.gml,500,0,6,42,0.8014746763116896,0.5062866323409225,0.2651701574363261,0.6081818181818182
A1b,Abilene.gml,500,0,6,43,0.8181276565815573,0.49397502084301,0.2655760689570395,0.5972727272727273
A1b,Abilene.gml,500,0,6,44,0.7686973999331521,0.4731775996230965,0.2660633312101926,0.5736363636363636
A1b,Abilene.gml,500,0,6,45,0.8593986009573583,0.4727585950197388,0.26657715107024144,0.600909090909091
A1b,Abilene.gml,500,0,6,46,0.8428569891609734,0.4821967113086215,0.26717405028215385,0.5963636363636363
A1b,Abilene.gml,500,0,6,47,0.7768784912201373,0.5399747447066795,0.26719411031661455,0.6090909090909091
A1b,Abilene.gml,500,0,6,48,0.8593947851462544,0.4731941462813429,0.2667815167682774,0.6
A1b,Abilene.gml,500,0,6,49,0.7938134727481286,0.508509471732017,0.26740177694305334,0.6018181818181818
A1b,Abilene.gml,500,0,7,0,0.7025351413737262,0.4953615019070899,0.2601359891080196,0.5581818181818181
A1b,Abilene.gml,500,0,7,1,0.8099815476368984,0.46916065366355275,0.25993887633161117,0.5754545454545454
A1b,Abilene.gml,500,0,7,2,0.793440398879681,0.5021262127229739,0.259815050303251,0.5890909090909091
A1b,Abilene.gml,500,0,7,3,0.793092268037585,0.5176695918411076,0.25965254311746166,0.6063636363636363
A1b,Abilene.gml,500,0,7,4,0.8016484065671086,0.5211721701649904,0.2594936986892627,0.6127272727272727
A1b,Abilene.gml,500,0,7,5,0.7943235576699799,0.5057849561270488,0.2594857985554945,0.5945454545454546
A1b,Abilene.gml,500,0,7,6,0.8181622100646961,0.48237480967948687,0.25937416620874426,0.59
A1b,Abilene.gml,500,0,7,7,0.7468679807405268,0.46886144506952687,0.25927515735509443,0.5609090909090908
A1b,Abilene.gml,500,0,7,8,0.7851778030993106,0.49641675457711826,0.25931801449820574,0.589090909090909
A1b,Abilene.gml,500,0,7,9,0.8098846020056857,0.5005072288012024,0.2592887314021723,0.6018181818181818
A1b,Abilene.gml,500,0,7,10,0.7522033118318948,0.48145254199707455,0.2593741419412838,0.57
A1b,Abilene.gml,500,0,7,11,0.7605292313412331,0.5094134086287297,0.25933020285836306,0.5954545454545456
A1b,Abilene.gml,500,0,7,12,0.7600445989614589,0.4576052382659178,0.25938292650013733,0.5536363636363636
A1b,Abilene.gml,500,0,7,13,0.7681041149923861,0.4667214343895299,0.25939865248713173,0.5618181818181819
A1b,Abilene.gml,500,0,7,14,0.7518044509612754,0.5213030188985814,0.25941631211599003,0.5972727272727272
A1b,Abilene.gml,500,0,7,15,0.777170381372128,0.5167048785732234,0.2594781804258282,0.6027272727272727
A1b,Abilene.gml,500,0,7,16,0.785100867252974,0.48309402718892075,0.25956599036687794,0.5809090909090909
A1b,Abilene.gml,500,0,7,17,0.7851550477099575,0.47798988610355053,0.25971446790305647,0.5818181818181819
A1b,Abilene.gml,500,0,7,18,0.7768541382990464,0.516824072802537,0.25978936516457496,0.6054545454545454
A1b,Abilene.gml,500,0,7,19,0.7520353942576858,0.4803447747111798,0.2599038199987815,0.570909090909091
A1b,Abilene.gml,500,0,7,20,0.7933907159632955,0.459308630374071,0.260044859757815,0.5700000000000001
A1b,Abilene.gml,500,0,7,21,0.7526537241159056,0.5283021780400102,0.26026302749905367,0.6018181818181819
A1b,Abilene.gml,500,0,7,22,0.7687790074970966,0.4769676589938671,0.26011631929967394,0.5745454545454546
A1b,Abilene.gml,500,0,7,23,0.8099137402163145,0.5035764611258806,0.2602990620153918,0.6081818181818182
A1b,Abilene.gml,500,0,7,24,0.7356602143229218,0.5725294641258921,0.2605495562300325,0.6390909090909092
A1b,Abilene.gml,500,0,7,25,0.7851835615181068,0.4609311175904716,0.2607280634517964,0.5699999999999998
A1b,Abilene.gml,500,0,7,26,0.7850588724180546,0.4795687508278755,0.26102232247237017,0.5809090909090908
A1b,Abilene.gml,500,0,7,27,0.8181865691973337,0.5006096201641443,0.26125773289728166,0.61
A1b,Abilene.gml,500,0,7,28,0.7603082317977718,0.4864858521063393,0.26159599034696107,0.5845454545454546
A1b,Abilene.gml,500,0,7,29,0.8099314907131082,0.5047546217660854,0.26196037356993007,0.6081818181818183
A1b,Abilene.gml,500,0,7,30,0.793295213933634,0.49249257406369884,0.26235091639193375,0.5936363636363636
A1b,Abilene.gml,500,0,7,31,0.818096304685838,0.5128399182788458,0.26262437239591474,0.6090909090909092
A1b,Abilene.gml,500,0,7,32,0.7851614917428212,0.5492445344398896,0.26292406349153485,0.6354545454545455
A1b,Abilene.gml,500,0,7,33,0.7850391411765554,0.48958078989281906,0.2633584134544546,0.5872727272727273
A1b,Abilene.gml,500,0,7,34,0.7769424102280074,0.5308014549111996,0.26367743363589896,0.6054545454545456
A1b,Abilene.gml,500,0,7,35,0.7848282060055862,0.47434119095665567,0.2632971102645593,0.5736363636363636
A1b,Abilene.gml,500,0,7,36,0.7687177742584846,0.5424833353014165,0.26323974559333174,0.6172727272727273
A1b,Abilene.gml,500,0,7,37,0.8098884256709941,0.4609901665144321,0.26314636417640463,0.5772727272727273
A1b,Abilene.gml,500,0,7,38,0.8182597559436494,0.5064853780314442,0.26352233038360295,0.6081818181818182
A1b,Abilene.gml,500,0,7,39,0.7850503442277006,0.45237881387936746,0.26398527011156925,0.5672727272727274
A1b,Abilene.gml,500,0,7,40,0.7934040263953971,0.4717242607202005,0.26437204869360514,0.5818181818181818
A1b,Abilene.gml,500,0,7,41,0.768706642818011,0.510039962386796,0.2647915110720906,0.5963636363636364
A1b,Abilene.gml,500,0,7,42,0.793401709622465,0.47095908500943956,0.26523741065544537,0.5827272727272729
A1b,Abilene.gml,500,0,7,43,0.8182628969270876,0.5059842175489879,0.2656898375206233,0.6072727272727273
A1b,Abilene.gml,500,0,7,44,0.7768826037777697,0.48876680753014123,0.2661382059466204,0.5790909090909092
A1b,Abilene.gml,500,0,7,45,0.7933854334122077,0.500191159946815,0.2661052492157786,0.5972727272727273
A1b,Abilene.gml,500,0,7,46,0.8182705743473299,0.5061831979153625,0.26658358066372606,0.6090909090909091
A1b,Abilene.gml,500,0,7,47,0.8017089863240155,0.4843774167544245,0.26706846869237577,0.5927272727272727
A1b,Abilene.gml,500,0,7,48,0.8511284034562824,0.5011282348551271,0.26767942635223624,0.6190909090909091
A1b,Abilene.gml,500,0,7,49,0.7765567406131774,0.46722866612569314,0.268317090858966,0.5636363636363636
A1b,Abilene.gml,500,0,8,0,0.8093953758172506,0.45898494305299775,0.259349432994381,0.5645454545454546
A1b,Abilene.gml,500,0,8,1,0.7850967004592387,0.4589780353092305,0.2592144132729246,0.5554545454545455
A1b,Abilene.gml,500,0,8,2,0.7768915423652906,0.5005475109440359,0.25901040417017246,0.5863636363636364
A1b,Abilene.gml,500,0,8,3,0.8222288476887827,0.5507851295578013,0.25891914331988414,0.6363636363636364
A1b,Abilene.gml,500,0,8,4,0.7603132359726213,0.4932522463052949,0.2588208617234011,0.5754545454545456
A1b,Abilene.gml,500,0,8,5,0.8098656919803076,0.4745570594224813,0.2586690502072354,0.5781818181818181
A1b,Abilene.gml,500,0,8,6,0.7974028849129892,0.4755582436701562,0.25854312077724223,0.5763636363636363
A1b,Abilene.gml,500,0,8,7,0.8098618701666266,0.47499933427014474,0.2585298676989123,0.5809090909090909
A1b,Abilene.gml,500,0,8,8,0.7850919285008605,0.4631397825252961,0.25844757308251476,0.5636363636363636
A1b,Abilene.gml,500,0,8,9,0.7772852109073636,0.5212260890323224,0.2583911314528871,0.6036363636363636
A1b,Abilene.gml,500,0,8,10,0.8181767841144115,0.4847560426141989,0.25843924975140325,0.5918181818181819
A1b,Abilene.gml,500,0,8,11,0.7274481133682417,0.5217580886566172,0.25848130826439636,0.5963636363636364
A1b,Abilene.gml,500,0,8,12,0.7934004439500498,0.5001829986350912,0.25849206321426665,0.5954545454545456
A1b,Abilene.gml,500,0,8,13,0.834193005380774,0.5098181092424277,0.2585763791280929,0.6127272727272728
A1b,Abilene.gml,500,0,8,14,0.8181082077343315,0.5144622694336674,0.2585364136527183,0.610909090909091
A1b,Abilene.gml,500,0,8,15,0.7687080131658621,0.6006930550855191,0.25866393258749737,0.6572727272727273
A1b,Abilene.gml,500,0,8,16,0.8099431873774897,0.4898195590933456,0.25864697169245904,0.5981818181818181
A1b,Abilene.gml,500,0,8,17,0.7685784104318668,0.5144205710176305,0.25880891240132997,0.6018181818181819
A1b,Abilene.gml,500,0,8,18,0.8181875813925411,0.5028789581126485,0.25902005760342683,0.6090909090909091
A1b,Abilene.gml,500,0,8,19,0.7933945328567439,0.48885324112990064,0.2592245139359728,0.5936363636363636
A1b,Abilene.gml,500,0,8,20,0.7686376317765965,0.5334364931133174,0.2594548722742791,0.62
A1b,Abilene.gml,500,0,8,21,0.7851045533521339,0.48276478966438174,0.259711153063979,0.5809090909090909
A1b,Abilene.gml,500,0,8,22,0.7933931071674114,0.4836598769869136,0.2598500397544947,0.5881818181818181
A1b,Abilene.gml,500,0,8,23,0.7521600450090993,0.4658835879319215,0.2601400847671338,0.5581818181818181
A1b,Abilene.gml,500,0,8,24,0.7687489118579172,0.50214162122686,0.25995873293088784,0.5936363636363636
A1b,Abilene.gml,500,0,8,25,0.7931609592473517,0.5293522891733116,0.2600977968595657,0.6154545454545454
A1b,Abilene.gml,500,0,8,26,0.7769563656332708,0.5401379810737704,0.26002209982191654,0.6227272727272728
A1b,Abilene.gml,500,0,8,27,0.8012480998377149,0.5563600636804027,0.26018405554792295,0.6390909090909092
A1b,Abilene.gml,500,0,8,28,0.801697001121585,0.4793916219818572,0.260407784746954,0.5836363636363637
A1b,Abilene.gml,500,0,8,29,0.7769188972961953,0.48329976071729885,0.260673195589563,0.5790909090909092
A1b,Abilene.gml,500,0,8,30,0.7686285866975641,0.5221895420951058,0.2609228660479918,0.6036363636363636
A1b,Abilene.gml,500,0,8,31,0.8182672499757065,0.526003138354779,0.26107325900036066,0.6245454545454545
A1b,Abilene.gml,500,0,8,32,0.7687493117650543,0.5018847875705559,0.2612814162411528,0.5918181818181819
A1b,Abilene.gml,500,0,8,33,0.8099445561376423,0.4716105339587253,0.26144011144412027,0.5863636363636364
A1b,Abilene.gml,500,0,8,34,0.7851192540311231,0.5017100186045534,0.2618414967618565,0.6
A1b,Abilene.gml,500,0,8,35,0.752120179280275,0.5315108587298596,0.26200305302314025,0.6000000000000001
A1b,Abilene.gml,500,0,8,36,0.7932865880912305,0.5228958488596971,0.2619090831823064,0.61
A1b,Abilene.gml,500,0,8,37,0.8181483259609393,0.49873126374810683,0.2618187269179626,0.600909090909091
A1b,Abilene.gml,500,0,8,38,0.7189594166579252,0.5246141783393702,0.26215332997082474,0.6036363636363636
A1b,Abilene.gml,500,0,8,39,0.7933090465697745,0.4995697972761462,0.2626070443041506,0.6027272727272728
A1b,Abilene.gml,500,0,8,40,0.752174191705171,0.47871621322557356,0.2630869739704735,0.5690909090909092
A1b,Abilene.gml,500,0,8,41,0.7769811257233598,0.4631495346990515,0.26301578610499543,0.5663636363636364
A1b,Abilene.gml,500,0,8,42,0.7934603371928121,0.5239820346400891,0.2630573371666696,0.620909090909091
A1b,Abilene.gml,500,0,8,43,0.8263947633276726,0.5512266819129432,0.2635773626462013,0.639090909090909
A1b,Abilene.gml,500,0,8,44,0.8346937436204555,0.4732699845801777,0.26339229126242,0.5909090909090909
A1b,Abilene.gml,500,0,8,45,0.7202759516728119,0.4602833325053078,0.2637074563502013,0.5400000000000001
A1b,Abilene.gml,500,0,8,46,0.7602878011229314,0.5709858894295358,0.26373204464336814,0.6427272727272727
A1b,Abilene.gml,500,0,8,47,0.7768994575050973,0.48767470228162857,0.2641700862770096,0.59
A1b,Abilene.gml,500,0,8,48,0.7770031067091978,0.4619942602077213,0.26473601124850066,0.5672727272727273
A1b,Abilene.gml,500,0,8,49,0.7273551399175795,0.5152896503469108,0.26474575990338495,0.5936363636363636
A1b,Abilene.gml,500,0,9,0,0.801548855657952,0.5483853366413679,0.25760871990061085,0.6281818181818182
A1b,Abilene.gml,500,0,9,1,0.8099833736201748,0.5168231752651704,0.25748397366787823,0.61
A1b,Abilene.gml,500,0,9,2,0.7686077336920611,0.5409184461751841,0.25744635773823193,0.6145454545454546
A1b,Abilene.gml,500,0,9,3,0.8264991924594735,0.5231005022293921,0.257336656396023,0.6199999999999999
A1b,Abilene.gml,500,0,9,4,0.6779086526155184,0.46160700499822127,0.25734083661323576,0.530909090909091
A1b,Abilene.gml,500,0,9,5,0.7766446992944808,0.5275640435803227,0.257241870113076,0.6072727272727273
A1b,Abilene.gml,500,0,9,6,0.7850680804593494,0.5558929699317021,0.25708276603515884,0.6272727272727272
A1b,Abilene.gml,500,0,9,7,0.8265538691973973,0.47968457276465715,0.25702473219985517,0.5890909090909091
A1b,Abilene.gml,500,0,9,8,0.818228871767516,0.47649727227225874,0.256994585265096,0.5827272727272728
A1b,Abilene.gml,500,0,9,9,0.8098890898120655,0.5332050226022931,0.25688806233024053,0.62
A1b,Abilene.gml,500,0,9,10,0.7685624361712221,0.5254083772743043,0.2568069694137672,0.6063636363636363
A1b,Abilene.gml,500,0,9,11,0.7770941456988587,0.5241700727802715,0.256751565303527,0.6081818181818182
A1b,Abilene.gml,500,0,9,12,0.7849167060788496,0.5647487909921085,0.25680010437548195,0.6381818181818182
A1b,Abilene.gml,500,0,9,13,0.8181863163704096,0.5421479563118947,0.25675635329525065,0.6345454545454544
A1b,Abilene.gml,500,0,9,14,0.768695777723049,0.4830330878751033,0.2568644481323139,0.5745454545454547
A1b,Abilene.gml,500,0,9,15,0.8182563311618417,0.5129676430042469,0.25695852659804275,0.6118181818181818
A1b,Abilene.gml,500,0,9,16,0.8181076738536138,0.518688574565216,0.25701945376910307,0.6163636363636363
A1b,Abilene.gml,500,0,9,17,0.8014715999174803,0.48343511276873125,0.2571060767928232,0.5872727272727272
A1b,Abilene.gml,500,0,9,18,0.7768154361410801,0.5238392385391496,0.25716926305302884,0.6009090909090911
A1b,Abilene.gml,500,0,9,19,0.7930650230075944,0.4878436313950584,0.2572581599209138,0.5863636363636363
A1b,Abilene.gml,500,0,9,20,0.7688483575696118,0.5313397703105737,0.2573867451438379,0.6118181818181817
A1b,Abilene.gml,500,0,9,21,0.7768981413243847,0.4855943982985378,0.25751043011453373,0.5827272727272728
A1b,Abilene.gml,500,0,9,22,0.8108964908898983,0.5102004923682487,0.25773765849010394,0.6063636363636363
A1b,Abilene.gml,500,0,9,23,0.7851219233806578,0.5109838367240283,0.2578730084327084,0.6054545454545455
A1b,Abilene.gml,500,0,9,24,0.7686826519164075,0.5137347189590206,0.2579461160177125,0.6036363636363636
A1b,Abilene.gml,500,0,9,25,0.8263457966181832,0.523361396658105,0.2580589581127839,0.6245454545454545
A1b,Abilene.gml,500,0,9,26,0.867585672173728,0.5177896487488914,0.2582983955491847,0.6354545454545455
A1b,Abilene.gml,500,0,9,27,0.7603902247615522,0.5757708899198996,0.2586053918695375,0.65
A1b,Abilene.gml,500,0,9,28,0.7933911394224586,0.5543598898527896,0.2589382180294452,0.6363636363636362
A1b,Abilene.gml,500,0,9,29,0.8098204839284346,0.4922679934835968,0.25923912579351005,0.5972727272727273
A1b,Abilene.gml,500,0,9,30,0.8099307795907166,0.5049728520403971,0.2595066393888271,0.6118181818181818
A1b,Abilene.gml,500,0,9,31,0.8096360086352459,0.511198846880826,0.25989195917683927,0.6100000000000001
A1b,Abilene.gml,500,0,9,32,0.8098465554239692,0.5526671259272741,0.2601941936453799,0.6327272727272727
A1b,Abilene.gml,500,0,9,33,0.8099572891802722,0.47982918074914543,0.26013033738085983,0.5909090909090909
A1b,Abilene.gml,500,0,9,34,0.7851476611634741,0.47148491156137484,0.2605485733800165,0.5781818181818182
A1b,Abilene.gml,500,0,9,35,0.7686370959925459,0.5037058664483773,0.2609928224129112,0.5981818181818181
A1b,Abilene.gml,500,0,9,36,0.7768816953576387,0.5967942263213204,0.261463126303144,0.6690909090909091
A1b,Abilene.gml,500,0,9,37,0.8177064119269211,0.5293860019954264,0.26195952947561807,0.62
A1b,Abilene.gml,500,0,9,38,0.7357042633992996,0.4748429742261378,0.26184827595349436,0.5572727272727274
A1b,Abilene.gml,500,0,9,39,0.7934081048426141,0.44153105493046535,0.2617520479258721,0.5554545454545454
A1b,Abilene.gml,500,0,9,40,0.7359192814061984,0.45017881711600416,0.2618189344247499,0.5463636363636364
A1b,Abilene.gml,500,0,9,41,0.8096769191628223,0.5068441636506439,0.2622734931636866,0.6081818181818183
A1b,Abilene.gml,500,0,9,42,0.7686262562825493,0.5294052737827907,0.2626764450469058,0.6209090909090909
A1b,Abilene.gml,500,0,9,43,0.8017142565406203,0.49897794789561606,0.2632380695787166,0.6054545454545454
A1b,Abilene.gml,500,0,9,44,0.8317373134027372,0.4935312690232518,0.26382596175503203,0.6027272727272727
A1b,Abilene.gml,500,0,9,45,0.8098675374140852,0.5042852682053559,0.26380808375757886,0.6036363636363636
A1b,Abilene.gml,500,0,9,46,0.7936459680009741,0.4869703336255952,0.2642708375700324,0.5818181818181819
A1b,Abilene.gml,500,0,9,47,0.760471015291694,0.4878452550445018,0.26428607341650384,0.5845454545454546
A1b,Abilene.gml,500,0,9,48,0.7355926333773962,0.4763668566079233,0.26483535796386004,0.5690909090909092
A1b,Abilene.gml,500,0,9,49,0.7769553271764873,0.4639971688549638,0.265478195734691,0.5681818181818182
A1b,Abilene.gml,500,0,10,0,0.7437482966324231,0.37998270733944667,0.2611514157236727,0.49272727272727274
A1b,Abilene.gml,500,0,10,1,0.768603363589769,0.444787255867058,0.261011509103412,0.5418181818181819
A1b,Abilene.gml,500,0,10,2,0.7933409835649807,0.4534467428364535,0.26077441054526157,0.5554545454545455
A1b,Abilene.gml,500,0,10,3,0.8098550823117366,0.47081419939118335,0.2605365999099557,0.5754545454545454
A1b,Abilene.gml,500,0,10,4,0.7685601533294784,0.5223621509179183,0.2603426369529791,0.6018181818181818
A1b,Abilene.gml,500,0,10,5,0.7934310975363649,0.523868785053732,0.2602564455529269,0.6109090909090908
A1b,Abilene.gml,500,0,10,6,0.7850571365836725,0.47645220780741293,0.26017415693558754,0.5727272727272728
A1b,Abilene.gml,500,0,10,7,0.7934302548732856,0.5630741686069408,0.2601311178877619,0.639090909090909
A1b,Abilene.gml,500,0,10,8,0.7934071331472949,0.5023587037942637,0.26008851364349395,0.5972727272727273
A1b,Abilene.gml,500,0,10,9,0.7934011903992343,0.4999780899498718,0.2601298659521403,0.5972727272727273
A1b,Abilene.gml,500,0,10,10,0.8016431996358127,0.5154700198427675,0.26019722711215104,0.6045454545454546
A1b,Abilene.gml,500,0,10,11,0.7933965019166458,0.49555954102023764,0.26022916306925564,0.5963636363636363
A1b,Abilene.gml,500,0,10,12,0.7933917984187296,0.4933552312106501,0.2603384471292305,0.5936363636363636
A1b,Abilene.gml,500,0,10,13,0.8015326199704067,0.571345842132446,0.2604737541055121,0.6463636363636364
A1b,Abilene.gml,500,0,10,14,0.8016443692735737,0.4892639466441431,0.2604268620264323,0.588181818181818
A1b,Abilene.gml,500,0,10,15,0.8101061216146296,0.4711902391010918,0.2604646689779755,0.5809090909090909
A1b,Abilene.gml,500,0,10,16,0.7768534317832134,0.466117133172944,0.2604578603212191,0.57
A1b,Abilene.gml,500,0,10,17,0.7768619724046251,0.46516316716530814,0.2606609943451074,0.5709090909090908
A1b,Abilene.gml,500,0,10,18,0.7850976927768073,0.5032658068070769,0.2606887997081327,0.6018181818181819
A1b,Abilene.gml,500,0,10,19,0.7357930307788162,0.5814858422717541,0.26093526942704776,0.640909090909091
A1b,Abilene.gml,500,0,10,20,0.8254170379713718,0.5048657011141091,0.2611178655196605,0.61
A1b,Abilene.gml,500,0,10,21,0.8016136888717671,0.4826420391292013,0.2612422217381114,0.5827272727272728
A1b,Abilene.gml,500,0,10,22,0.760320214922115,0.4327000273432672,0.2613922900647174,0.5363636363636364
A1b,Abilene.gml,500,0,10,23,0.7687075733024487,0.5504993976000121,0.2613882778062113,0.6218181818181818
A1b,Abilene.gml,500,0,10,24,0.8260126173022211,0.5072667723442311,0.261512405443555,0.6090909090909091
A1b,Abilene.gml,500,0,10,25,0.7603367205294581,0.47016976416341993,0.26166570168485737,0.5681818181818182
A1b,Abilene.gml,500,0,10,26,0.8099275847506872,0.5398540904884164,0.2618603241118139,0.6281818181818181
A1b,Abilene.gml,500,0,10,27,0.8262608955461929,0.5072095570190908,0.26194666595644683,0.6127272727272728
A1b,Abilene.gml,500,0,10,28,0.7685075821402744,0.5792140154339177,0.26217778988903095,0.6400000000000001
A1b,Abilene.gml,500,0,10,29,0.8098465271898935,0.4790157156210368,0.2620452678777416,0.5890909090909091
A1b,Abilene.gml,500,0,10,30,0.7933894284498333,0.4506588981937305,0.2622556392876339,0.5654545454545454
A1b,Abilene.gml,500,0,10,31,0.7108116030910441,0.46918325009721057,0.26266558539891405,0.5481818181818181
A1b,Abilene.gml,500,0,10,32,0.793320367257063,0.4945575425678532,0.26248410860227195,0.5945454545454546
A1b,Abilene.gml,500,0,10,33,0.7851486214179957,0.4841007618038366,0.2627041441697016,0.5863636363636364
A1b,Abilene.gml,500,0,10,34,0.8015928760231429,0.47859443410051666,0.2628576057768608,0.5818181818181818
A1b,Abilene.gml,500,0,10,35,0.7769520397976226,0.4598523163736589,0.26304105863898747,0.5672727272727273
A1b,Abilene.gml,500,0,10,36,0.7688382645409998,0.4760496901805174,0.26339894020364213,0.5772727272727273
A1b,Abilene.gml,500,0,10,37,0.7521805142648895,0.47680754268141173,0.26378312587416075,0.5672727272727273
A1b,Abilene.gml,500,0,10,38,0.7769498840521188,0.4855177473045588,0.26366423106475334,0.5754545454545454
A1b,Abilene.gml,500,0,10,39,0.8347400943293329,0.502987268010902,0.26369572958691984,0.6127272727272728
A1b,Abilene.gml,500,0,10,40,0.794066470823924,0.5197981023467583,0.26419140137540253,0.6145454545454545
A1b,Abilene.gml,500,0,10,41,0.8017803140158809,0.47498535676822085,0.26452513880655265,0.58
A1b,Abilene.gml,500,0,10,42,0.8017246834136241,0.4866081105078994,0.26444548569239396,0.5918181818181819
A1b,Abilene.gml,500,0,10,43,0.7851384887359814,0.47677496266180036,0.26497475735260423,0.5827272727272728
A1b,Abilene.gml,500,0,10,44,0.8099600029496756,0.47012993561799804,0.26537680596178426,0.5845454545454545
A1b,Abilene.gml,500,0,10,45,0.8008108469573801,0.4350111778896429,0.2659418194005534,0.5545454545454546
A1b,Abilene.gml,500,0,10,46,0.7685690426292734,0.4986150640417904,0.26592351823110927,0.5872727272727273
A1b,Abilene.gml,500,0,10,47,0.7687195909658402,0.4759628308374323,0.2663264658763957,0.5781818181818182
A1b,Abilene.gml,500,0,10,48,0.7929318556486117,0.46147105032448965,0.2669354763478964,0.570909090909091
A1b,Abilene.gml,500,0,10,49,0.7934935560995978,0.4954808296213508,0.2670835954138397,0.5872727272727273
A1b,Abilene.gml,500,0,11,0,0.7272716838144017,0.4950009623093019,0.25684141446817904,0.5645454545454546
A1b,Abilene.gml,500,0,11,1,0.7768839235587819,0.47774105083468715,0.25663323914549724,0.5718181818181818
A1b,Abilene.gml,500,0,11,2,0.7686437718128665,0.5404878540621211,0.25643778006963897,0.6163636363636363
A1b,Abilene.gml,500,0,11,3,0.7685927414512879,0.5289177967447901,0.2563505352420532,0.6072727272727273
A1b,Abilene.gml,500,0,11,4,0.7603571224771687,0.4792794435206844,0.2562930850721996,0.5690909090909091
A1b,Abilene.gml,500,0,11,5,0.7687617700043685,0.5279147098979866,0.25614948230241674,0.6081818181818183
A1b,Abilene.gml,500,0,11,6,0.8016456713832077,0.4868271784679998,0.25603548840326973,0.5854545454545454
A1b,Abilene.gml,500,0,11,7,0.7768283232984565,0.4586521202874749,0.2559921403677924,0.5590909090909091
A1b,Abilene.gml,500,0,11,8,0.7520635486597783,0.4334639517681403,0.25591251506633744,0.5372727272727272
A1b,Abilene.gml,500,0,11,9,0.8016306834697988,0.4802252152728938,0.2559115623098088,0.5827272727272726
A1b,Abilene.gml,500,0,11,10,0.7768931212129069,0.48198627256984583,0.25587544460520467,0.5781818181818182
A1b,Abilene.gml,500,0,11,11,0.8099262182068953,0.5440094095643165,0.2558335933459077,0.6336363636363636
A1b,Abilene.gml,500,0,11,12,0.7851253694981222,0.5573216198501092,0.25594665289362245,0.6381818181818182
A1b,Abilene.gml,500,0,11,13,0.818178808428317,0.5139792330449179,0.25600558794852624,0.6172727272727272
A1b,Abilene.gml,500,0,11,14,0.7933261055315056,0.512833304392695,0.25615173296047816,0.6100000000000001
A1b,Abilene.gml,500,0,11,15,0.8099431385925606,0.49557049719999835,0.25632347853122506,0.6018181818181818
A1b,Abilene.gml,500,0,11,16,0.7934154116313458,0.49307474661404993,0.256520839275268,0.5927272727272728
A1b,Abilene.gml,500,0,11,17,0.7768361661605984,0.5122418492410268,0.25654514221662067,0.6036363636363636
A1b,Abilene.gml,500,0,11,18,0.8016685550462153,0.5364465138777083,0.256545525790052,0.6218181818181818
A1b,Abilene.gml,500,0,11,19,0.7933961529141814,0.5248259824091291,0.2564710841068774,0.6072727272727273
A1b,Abilene.gml,500,0,11,20,0.7933766013657901,0.4799500169802096,0.25657083635137073,0.578181818181818
A1b,Abilene.gml,500,0,11,21,0.7691402446130347,0.5146287758688065,0.25639725273464425,0.6027272727272727
A1b,Abilene.gml,500,0,11,22,0.7686565320353149,0.5011459050193715,0.2565378005756441,0.5945454545454546
A1b,Abilene.gml,500,0,11,23,0.7767719904824572,0.5941653955506715,0.25679165782058794,0.6636363636363636
A1b,Abilene.gml,500,0,11,24,0.8099447416480022,0.4892769584203656,0.256962841215153,0.5963636363636364
A1b,Abilene.gml,500,0,11,25,0.7933826534476318,0.5316649506820532,0.2572595052958054,0.6145454545454546
A1b,Abilene.gml,500,0,11,26,0.8099366426183761,0.5169224761522742,0.2569073697989083,0.6163636363636363
A1b,Abilene.gml,500,0,11,27,0.7604707071935592,0.5195824384054177,0.2572183547183561,0.6000000000000001
A1b,Abilene.gml,500,0,11,28,0.8263251813481873,0.4836295789085877,0.2573321710217056,0.5981818181818181
A1b,Abilene.gml,500,0,11,29,0.7521630818075138,0.5884942735301362,0.2574717091605269,0.6463636363636364
A1b,Abilene.gml,500,0,11,30,0.7934028498449573,0.4887918720049751,0.2575743611983646,0.5927272727272727
A1b,Abilene.gml,500,0,11,31,0.8178968411016547,0.4617631234438236,0.2579371710901372,0.5809090909090908
A1b,Abilene.gml,500,0,11,32,0.7932712551935617,0.5131505996233526,0.25822816088192146,0.6054545454545455
A1b,Abilene.gml,500,0,11,33,0.7769879446611614,0.472020444499798,0.25849496991382065,0.5736363636363636
A1b,Abilene.gml,500,0,11,34,0.8262188869096128,0.4723765431682932,0.2588215643947922,0.589090909090909
A1b,Abilene.gml,500,0,11,35,0.7109525201401969,0.5306443481035732,0.25905003589638775,0.5927272727272728
A1b,Abilene.gml,500,0,11,36,0.7522192848833094,0.4843845569785669,0.2591189926678959,0.5763636363636364
A1b,Abilene.gml,500,0,11,37,0.7850800619737107,0.5283597779872589,0.25945659009456956,0.6100000000000001
A1b,Abilene.gml,500,0,11,38,0.7853127359269159,0.4795812489065247,0.2591085120278284,0.5809090909090909
A1b,Abilene.gml,500,0,11,39,0.7522869310749307,0.5390599052790276,0.2594393477729223,0.6172727272727273
A1b,Abilene.gml,500,0,11,40,0.7696214689320283,0.4900544244262521,0.2598975419638451,0.5890909090909091
A1b,Abilene.gml,500,0,11,41,0.8097990438298969,0.442838262767828,0.2603163544180482,0.5636363636363636
A1b,Abilene.gml,500,0,11,42,0.7768872505596406,0.48621105702996864,0.2607483867011426,0.5854545454545454
A1b,Abilene.gml,500,0,11,43,0.7685778654192178,0.5021765070774554,0.2611723321775971,0.5927272727272728
A1b,Abilene.gml,500,0,11,44,0.8098512344258523,0.5047337631240496,0.26115493781175714,0.6127272727272728
A1b,Abilene.gml,500,0,11,45,0.7766992500369838,0.49102689418773054,0.2616829591674693,0.5827272727272729
A1b,Abilene.gml,500,0,11,46,0.7521408168416432,0.5429086852896501,0.26168960376684813,0.6236363636363635
A1b,Abilene.gml,500,0,11,47,0.793338828769559,0.46647723568003846,0.26224166322062914,0.5736363636363635
A1b,Abilene.gml,500,0,11,48,0.7756635113823053,0.5604140355779499,0.262819891634787,0.6472727272727272
A1b,Abilene.gml,500,0,11,49,0.8015991080914305,0.5044319753731327,0.26342434421526667,0.610909090909091
A1b,Abilene.gml,500,0,12,0,0.8013335147686913,0.3906885995486393,0.2616476306684499,0.5163636363636364
A1b,Abilene.gml,500,0,12,1,0.7604383240298269,0.43990519140836337,0.2614411708938882,0.5381818181818181
A1b,Abilene.gml,500,0,12,2,0.7938379279635627,0.4683972994779486,0.2613338444695493,0.569090909090909
A1b,Abilene.gml,500,0,12,3,0.7851455309099626,0.41820079438809876,0.2611355947213454,0.5290909090909092
A1b,Abilene.gml,500,0,12,4,0.8346820198889435,0.46320503972315075,0.2609634783575883,0.58
A1b,Abilene.gml,500,0,12,5,0.8263368531241297,0.544602709607259,0.2608174755533035,0.6327272727272727
A1b,Abilene.gml,500,0,12,6,0.8099432236921306,0.5013552262167399,0.2607897822439748,0.6
A1b,Abilene.gml,500,0,12,7,0.7603305103173692,0.48732881338968315,0.2607744210146443,0.5709090909090908
A1b,Abilene.gml,500,0,12,8,0.809851392026291,0.4744560716267195,0.2606509706403069,0.5809090909090909
A1b,Abilene.gml,500,0,12,9,0.7768245739223366,0.4569938026058772,0.2605535977080709,0.5554545454545454
A1b,Abilene.gml,500,0,12,10,0.8016542250882825,0.5271329811340878,0.2604822898728989,0.6127272727272728
A1b,Abilene.gml,500,0,12,11,0.8262826831448212,0.4793130651987843,0.2604370373974978,0.5890909090909091
A1b,Abilene.gml,500,0,12,12,0.7849369810168271,0.5172317107844324,0.260481187516885,0.6054545454545455
A1b,Abilene.gml,500,0,12,13,0.7933813504300531,0.5133542632476936,0.2604355715750013,0.6081818181818183
A1b,Abilene.gml,500,0,12,14,0.8016413565122864,0.5115952775042374,0.26052324279835304,0.6090909090909091
A1b,Abilene.gml,500,0,12,15,0.7684547093941141,0.4607731050022368,0.26063695757886224,0.5581818181818181
A1b,Abilene.gml,500,0,12,16,0.79327508154803,0.4654277708970182,0.26065979969472325,0.5690909090909091
A1b,Abilene.gml,500,0,12,17,0.7768424567081134,0.5313482243104849,0.26069215577853266,0.6099999999999999
A1b,Abilene.gml,500,0,12,18,0.8180953959463401,0.5111567813997597,0.260758020154567,0.6081818181818183
A1b,Abilene.gml,500,0,12,19,0.7524905837275544,0.5676233370261646,0.26082388154812475,0.6254545454545454
A1b,Abilene.gml,500,0,12,20,0.826799076492404,0.49611594824681043,0.2608117956410066,0.6045454545454546
A1b,Abilene.gml,500,0,12,21,0.7769071056994128,0.47019885631091474,0.26100184391884323,0.5718181818181818
A1b,Abilene.gml,500,0,12,22,0.7356093622355765,0.4697458888352763,0.2611482438002661,0.5563636363636363
A1b,Abilene.gml,500,0,12,23,0.7686387954098897,0.5402172118060972,0.2609901042245655,0.6236363636363637
A1b,Abilene.gml,500,0,12,24,0.7769192955834989,0.5159580107749722,0.2612219062996185,0.6063636363636363
A1b,Abilene.gml,500,0,12,25,0.8181892744814605,0.5015977660024876,0.2613961766615031,0.6100000000000001
A1b,Abilene.gml,500,0,12,26,0.8016421044728926,0.5058979224942494,0.26166256745671723,0.6090909090909092
A1b,Abilene.gml,500,0,12,27,0.8099307920460007,0.5092493312806264,0.2619550978695975,0.6099999999999999
A1b,Abilene.gml,500,0,12,28,0.8099427664155257,0.47713322007724895,0.26227379453922345,0.5890909090909091
A1b,Abilene.gml,500,0,12,29,0.8095281401943953,0.44037347198152954,0.2626186867186363,0.5590909090909092
A1b,Abilene.gml,500,0,12,30,0.7771553046794011,0.5313482687182819,0.2628855952176629,0.6054545454545454
A1b,Abilene.gml,500,0,12,31,0.7853787364221094,0.5358514394695276,0.26266666226183744,0.6163636363636363
A1b,Abilene.gml,500,0,12,32,0.7933590047749569,0.5021232937551501,0.2625282818672519,0.6063636363636364
A1b,Abilene.gml,500,0,12,33,0.7685643693995228,0.5695417420372247,0.262914377673495,0.650909090909091
A1b,Abilene.gml,500,0,12,34,0.7880796125961402,0.5025553024044321,0.2633267263079248,0.5990909090909091
A1b,Abilene.gml,500,0,12,35,0.7686506377226798,0.4772874257336035,0.26362160079598157,0.5763636363636363
A1b,Abilene.gml,500,0,12,36,0.7189655498602072,0.45858375389466327,0.26398434308777463,0.5445454545454546
A1b,Abilene.gml,500,0,12,37,0.8100386065209069,0.48811317772753243,0.26429979067972637,0.5963636363636364
A1b,Abilene.gml,500,0,12,38,0.7685627878549497,0.48368967724823403,0.2645667447604389,0.5736363636363636
A1b,Abilene.gml,500,0,12,39,0.809511943371091,0.5549401771685604,0.26451988949108607,0.6427272727272727
A1b,Abilene.gml,500,0,12,40,0.8181817950588267,0.49412334977913674,0.26475876098689005,0.6063636363636363
A1b,Abilene.gml,500,0,12,41,0.7603525658149347,0.45614966110293625,0.2652604038937186,0.5536363636363637
A1b,Abilene.gml,500,0,12,42,0.7521609308364766,0.4759581295911191,0.26563951083257215,0.5700000000000001
A1b,Abilene.gml,500,0,12,43,0.7833334896516919,0.5263084790388546,0.26573622508074446,0.6072727272727273
A1b,Abilene.gml,500,0,12,44,0.7934858058858224,0.4845593433062875,0.2656625192378249,0.5845454545454546
A1b,Abilene.gml,500,0,12,45,0.7934158445563853,0.49451579400358253,0.2656774799211789,0.5909090909090908
A1b,Abilene.gml,500,0,12,46,0.7686054629044506,0.4458602078811252,0.2661223524899748,0.5509090909090909
A1b,Abilene.gml,500,0,12,47,0.7769961549756911,0.4640738494487968,0.2665914819157952,0.5681818181818182
A1b,Abilene.gml,500,0,12,48,0.8099078971735264,0.5196629252762472,0.2666631089236304,0.6172727272727273
A1b,Abilene.gml,500,0,12,49,0.8511760586344846,0.4942483586154998,0.26718643165413075,0.6136363636363636
A1b,Abilene.gml,500,0,13,0,0.8098265904873159,0.3987352996337432,0.25774710001650986,0.52
A1b,Abilene.gml,500,0,13,1,0.6942780732479666,0.5549957291981382,0.2574355450137763,0.5990909090909091
A1b,Abilene.gml,500,0,13,2,0.8013698756232607,0.5446786942718898,0.2573023659612263,0.6272727272727272
A1b,Abilene.gml,500,0,13,3,0.8429594928578872,0.5850137564822478,0.25730194058404576,0.6663636363636364
A1b,Abilene.gml,500,0,13,4,0.8018029750341945,0.5421598661147633,0.25719646846774885,0.6281818181818182
A1b,Abilene.gml,500,0,13,5,0.809871873828966,0.47847399816176384,0.2572285056821758,0.5818181818181819
A1b,Abilene.gml,500,0,13,6,0.7375383050556154,0.5797096184229079,0.25704494716399107,0.6354545454545455
A1b,Abilene.gml,500,0,13,7,0.760330431508465,0.4958355471757221,0.2569948917572789,0.5790909090909091
A1b,Abilene.gml,500,0,13,8,0.8181575253682909,0.5661232799840957,0.256854620152859,0.6518181818181819
A1b,Abilene.gml,500,0,13,9,0.8099479625287377,0.5303093408387638,0.25682925030224407,0.6218181818181818
A1b,Abilene.gml,500,0,13,10,0.8181602051702238,0.5112613374828828,0.256934819634831,0.609090909090909
A1b,Abilene.gml,500,0,13,11,0.7933961435445224,0.5022723660423897,0.25687890722075085,0.599090909090909
A1b,Abilene.gml,500,0,13,12,0.7775031078009633,0.527230848757104,0.2570270599232274,0.6045454545454546
A1b,Abilene.gml,500,0,13,13,0.7934456070394351,0.5264638150621093,0.2570197291020102,0.6136363636363636
A1b,Abilene.gml,500,0,13,14,0.8263565532475506,0.4818371145877643,0.25703073446864155,0.5909090909090909
A1b,Abilene.gml,500,0,13,15,0.7769361376759771,0.5215457916176199,0.2570674418081832,0.6072727272727273
A1b,Abilene.gml,500,0,13,16,0.7932652166412425,0.511740486231033,0.2570489204789465,0.6018181818181817
A1b,Abilene.gml,500,0,13,17,0.7852138298949899,0.5188680478556482,0.257079879013522,0.6081818181818183
A1b,Abilene.gml,500,0,13,18,0.7854727326226594,0.4635060896784385,0.2571696843331528,0.5645454545454546
A1b,Abilene.gml,500,0,13,19,0.7686904491985309,0.4903796942012337,0.25721179770319946,0.5818181818181819
A1b,Abilene.gml,500,0,13,20,0.8181496528677012,0.5349869061140883,0.25731943937872265,0.6318181818181818
A1b,Abilene.gml,500,0,13,21,0.7686680694551853,0.50803942617327,0.25756450920628055,0.5927272727272728
A1b,Abilene.gml,500,0,13,22,0.7604068218281786,0.4893984873188421,0.2577238368299273,0.58
A1b,Abilene.gml,500,0,13,23,0.8016052263354272,0.5641370346368222,0.2578369888196928,0.6427272727272727
A1b,Abilene.gml,500,0,13,24,0.776950115321688,0.5696657022420858,0.258016373063243,0.6490909090909093
A1b,Abilene.gml,500,0,13,25,0.7933996145904317,0.4861274080268425,0.25831173089749665,0.5909090909090909
A1b,Abilene.gml,500,0,13,26,0.768643049105162,0.48824714031739924,0.2586328903690565,0.5790909090909092
A1b,Abilene.gml,500,0,13,27,0.7357278916515146,0.46707450696168407,0.2588763425512864,0.5536363636363636
A1b,Abilene.gml,500,0,13,28,0.7934254602135639,0.5299195001691395,0.2587274696120044,0.6136363636363635
A1b,Abilene.gml,500,0,13,29,0.7604769212335687,0.6267773916168892,0.2586058859389172,0.6781818181818182
A1b,Abilene.gml,500,0,13,30,0.826492120347719,0.49389953909916245,0.25886098220762027,0.6
A1b,Abilene.gml,500,0,13,31,0.7450689415223796,0.47869855416867,0.25911828345426385,0.5672727272727274
A1b,Abilene.gml,500,0,13,32,0.785173800095114,0.5308212410466993,0.2593626757203607,0.61
A1b,Abilene.gml,500,0,13,33,0.8099655995519011,0.47283694950462235,0.25896321818708634,0.5836363636363637
A1b,Abilene.gml,500,0,13,34,0.8100389778726748,0.5098222597310381,0.2592472526770671,0.6118181818181818
A1b,Abilene.gml,500,0,13,35,0.7357354643127118,0.46711101581777187,0.2594673767917582,0.5545454545454546
A1b,Abilene.gml,500,0,13,36,0.7689759917508173,0.5090426790121707,0.2594012931928167,0.5918181818181819
A1b,Abilene.gml,500,0,13,37,0.8181894026290066,0.5000466262852448,0.25944327009540663,0.610909090909091
A1b,Abilene.gml,500,0,13,38,0.7932391160012457,0.4786989027058956,0.2598535340063312,0.5772727272727273
A1b,Abilene.gml,500,0,13,39,0.8019275310822291,0.5137581032281221,0.2598335417252128,0.6045454545454546
A1b,Abilene.gml,500,0,13,40,0.7851130015702839,0.47712931718462337,0.25983953479749494,0.5781818181818182
A1b,Abilene.gml,500,0,13,41,0.7523360686381512,0.4816969745476653,0.260246945101526,0.5700000000000001
A1b,Abilene.gml,500,0,13,42,0.7522786444910207,0.4824740174581004,0.26016868103378427,0.5754545454545454
A1b,Abilene.gml,500,0,13,43,0.7541525251888561,0.46955385631471724,0.2605753983779072,0.56
A1b,Abilene.gml,500,0,13,44,0.8017031229235634,0.5234234994428602,0.2606109980364524,0.6163636363636363
A1b,Abilene.gml,500,0,13,45,0.8427961723494989,0.514799087896838,0.26101269199275273,0.620909090909091
A1b,Abilene.gml,500,0,13,46,0.8102431579082077,0.5051823520158897,0.26092975295121457,0.5972727272727272
A1b,Abilene.gml,500,0,13,47,0.8345283094026841,0.5309186782358738,0.2605363751890475,0.629090909090909
A1b,Abilene.gml,500,0,13,48,0.8100022374706942,0.5163790393110109,0.2608602201975118,0.6127272727272728
A1b,Abilene.gml,500,0,13,49,0.809936845015727,0.5249049967733023,0.2612332656377216,0.62
A1b,Abilene.gml,500,0,14,0,0.7520613924811316,0.49490239648154954,0.2576262571830175,0.5745454545454546
A1b,Abilene.gml,500,0,14,1,0.8016755592179016,0.5262366684094262,0.25741830534351257,0.6154545454545454
A1b,Abilene.gml,500,0,14,2,0.7934319055088438,0.5330770540748592,0.2573999048063126,0.6163636363636364
A1b,Abilene.gml,500,0,14,3,0.8182434075815792,0.5578399803042114,0.25728660329788017,0.640909090909091
A1b,Abilene.gml,500,0,14,4,0.7933776116582604,0.5302126654634925,0.25719904177992836,0.6136363636363635
A1b,Abilene.gml,500,0,14,5,0.826342499378842,0.4849646164361674,0.2571372089223064,0.5909090909090908
A1b,Abilene.gml,500,0,14,6,0.8181892879208271,0.5460902140441809,0.2569870074090331,0.6345454545454545
A1b,Abilene.gml,500,0,14,7,0.8016409946599964,0.4657663128053264,0.2570319012660872,0.5681818181818183
A1b,Abilene.gml,500,0,14,8,0.7603037001664262,0.49052621169742816,0.25692423821210997,0.5727272727272728
A1b,Abilene.gml,500,0,14,9,0.8180614881258257,0.5437271040280358,0.2568181706209382,0.629090909090909
A1b,Abilene.gml,500,0,14,10,0.8428571059146533,0.5068136639081922,0.25682410010678447,0.6136363636363636
A1b,Abilene.gml,500,0,14,11,0.8016625459061913,0.5347007836318788,0.2568180240882025,0.619090909090909
A1b,Abilene.gml,500,0,14,12,0.7603546746300864,0.4939887558380916,0.25678146677218233,0.5818181818181819
A1b,Abilene.gml,500,0,14,13,0.8098335463681806,0.48186726018344755,0.25677059125857105,0.5872727272727272
A1b,Abilene.gml,500,0,14,14,0.793200519122689,0.4770869606890738,0.25678539389163696,0.5818181818181818
A1b,Abilene.gml,500,0,14,15,0.7770773946694963,0.5074597563850282,0.25685011799929786,0.5936363636363636
A1b,Abilene.gml,500,0,14,16,0.7685424461875751,0.4895064881850433,0.2569601599789205,0.5818181818181819
A1b,Abilene.gml,500,0,14,17,0.8016431013929902,0.530518445350456,0.25704635442211277,0.6163636363636363
A1b,Abilene.gml,500,0,14,18,0.8179712858828808,0.5223688975104506,0.2571557127130327,0.619090909090909
A1b,Abilene.gml,500,0,14,19,0.7935027512015942,0.4824931157475128,0.2573267660532456,0.5863636363636363
A1b,Abilene.gml,500,0,14,20,0.7686094839219373,0.4889051204732127,0.2574486406479377,0.5827272727272726
A1b,Abilene.gml,500,0,14,21,0.7768591461553945,0.5199847193062311,0.2576148878914403,0.6081818181818182
A1b,Abilene.gml,500,0,14,22,0.81785958658193,0.48286632443791755,0.2577810205874411,0.5927272727272728
A1b,Abilene.gml,500,0,14,23,0.7851605913539824,0.4854532566090585,0.2580317971098647,0.5872727272727272
A1b,Abilene.gml,500,0,14,24,0.8181592507866675,0.5106862587022382,0.25815042744678496,0.6090909090909092
A1b,Abilene.gml,500,0,14,25,0.8506567838373452,0.5161212448280464,0.25833636667528465,0.6309090909090909
A1b,Abilene.gml,500,0,14,26,0.7934311176424864,0.48972884781592346,0.2585972901417118,0.5890909090909091
A1b,Abilene.gml,500,0,14,27,0.76866491076444,0.4810236235490265,0.25882743924944424,0.5745454545454546
A1b,Abilene.gml,500,0,14,28,0.7580719958219284,0.5388591721844664,0.25909304575187203,0.6172727272727273
A1b,Abilene.gml,500,0,14,29,0.809938613810279,0.5121978533149989,0.2593734558827826,0.6127272727272728
A1b,Abilene.gml,500,0,14,30,0.7934041276211058,0.4857770756247012,0.25969546742645006,0.5918181818181818
A1b,Abilene.gml,500,0,14,31,0.7521824852038722,0.5118861046528131,0.26004341631570577,0.5990909090909091
A1b,Abilene.gml,500,0,14,32,0.7446097383300213,0.5444728613436419,0.2603460959031365,0.6145454545454546
A1b,Abilene.gml,500,0,14,33,0.8015860531301526,0.5062241799582936,0.260486272504822,0.6109090909090908
A1b,Abilene.gml,500,0,14,34,0.7769497213444702,0.5564212013239784,0.26088591486563484,0.6327272727272727
A1b,Abilene.gml,500,0,14,35,0.8099501366603078,0.4743801397369488,0.2612338016357518,0.5881818181818181
A1b,Abilene.gml,500,0,14,36,0.7769607387688815,0.46706170142579173,0.2616688571402692,0.5718181818181818
A1b,Abilene.gml,500,0,14,37,0.7355814477931003,0.5352554452352349,0.2620445941123522,0.610909090909091
A1b,Abilene.gml,500,0,14,38,0.7688244069065108,0.5241684277374824,0.26244977401051456,0.6018181818181818
A1b,Abilene.gml,500,0,14,39,0.8099372588418913,0.5202244672144771,0.26238044202296257,0.6145454545454544
A1b,Abilene.gml,500,0,14,40,0.7934968527132678,0.49013959813470614,0.2628048022710012,0.5918181818181819
A1b,Abilene.gml,500,0,14,41,0.8182753011183792,0.5104997321804192,0.26331100044775235,0.6118181818181818
A1b,Abilene.gml,500,0,14,42,0.744205559030288,0.48710618138810297,0.26368598478689914,0.5709090909090909
A1b,Abilene.gml,500,0,14,43,0.7771028948533736,0.46670609542613506,0.26365677943461335,0.5718181818181819
A1b,Abilene.gml,500,0,14,44,0.7768355738178521,0.49987612193433767,0.2641431405808304,0.5918181818181818
A1b,Abilene.gml,500,0,14,45,0.7847556175307883,0.4876529965358032,0.26414608279236423,0.5918181818181818
A1b,Abilene.gml,500,0,14,46,0.7771783123695848,0.4667450047626609,0.2646645882981903,0.5700000000000002
A1b,Abilene.gml,500,0,14,47,0.8018238714766046,0.506564904289439,0.26465405898862165,0.5945454545454546
A1b,Abilene.gml,500,0,14,48,0.8181177880873282,0.5412260847669053,0.2642857599771904,0.6245454545454545
A1b,Abilene.gml,500,0,14,49,0.8099309790910876,0.49713372665827776,0.26395243071090896,0.6000000000000001
A1b,Abilene.gml,500,0,15,0,0.7599375829212047,0.4221135300924725,0.26089898991620025,0.5245454545454545
A1b,Abilene.gml,500,0,15,1,0.8016745673987452,0.5194997552657878,0.26076817182857354,0.61
A1b,Abilene.gml,500,0,15,2,0.7933123046530092,0.5090923213610444,0.2607190187996852,0.5936363636363636
A1b,Abilene.gml,500,0,15,3,0.7683500975307157,0.5722287134624957,0.2604932594235841,0.6354545454545456
A1b,Abilene.gml,500,0,15,4,0.8181698317705005,0.5190467171466309,0.2604117698358166,0.6163636363636363
A1b,Abilene.gml,500,0,15,5,0.8016341304638609,0.5131063818420014,0.26042187347086815,0.6063636363636363
A1b,Abilene.gml,500,0,15,6,0.760483269226599,0.4756114194691079,0.2604580182829033,0.5654545454545454
A1b,Abilene.gml,500,0,15,7,0.7768558502042727,0.5490898577533261,0.26043456685849437,0.6281818181818183
A1b,Abilene.gml,500,0,15,8,0.7685795383751369,0.4978169033750437,0.2605127415602645,0.5827272727272728
A1b,Abilene.gml,500,0,15,9,0.8002330537865272,0.4573518533705896,0.26047705756298495,0.5627272727272726
A1b,Abilene.gml,500,0,15,10,0.7692592622976201,0.4698568545485855,0.26037407336558793,0.5645454545454546
A1b,Abilene.gml,500,0,15,11,0.7764792175359393,0.4723039601383322,0.26019989295455503,0.5672727272727273
A1b,Abilene.gml,500,0,15,12,0.7769058263509577,0.49822556672373897,0.2601300817578786,0.5863636363636364
A1b,Abilene.gml,500,0,15,13,0.7850745794496401,0.5278601195086945,0.26015578987311055,0.6072727272727273
A1b,Abilene.gml,500,0,15,14,0.8016372990168599,0.5067209967635796,0.2600990204359213,0.6063636363636363
A1b,Abilene.gml,500,0,15,15,0.7441567261371778,0.5132146730663859,0.2602580902440239,0.5909090909090909
A1b,Abilene.gml,500,0,15,16,0.7686462997932608,0.5097058448622112,0.26023534112994356,0.5954545454545456
A1b,Abilene.gml,500,0,15,17,0.8268780744015181,0.46753190855792065,0.2602386178248876,0.5836363636363636
A1b,Abilene.gml,500,0,15,18,0.7935057801410995,0.5132765226454018,0.26026871276381713,0.6081818181818182
A1b,Abilene.gml,500,0,15,19,0.7768910319780814,0.513158662844075,0.2603998417429914,0.6036363636363635
A1b,Abilene.gml,500,0,15,20,0.793372690555885,0.5043628456375191,0.2604572758795907,0.6036363636363636
A1b,Abilene.gml,500,0,15,21,0.8181857753608327,0.49758092463989595,0.2606820301956063,0.6072727272727273
A1b,Abilene.gml,500,0,15,22,0.8015895287936811,0.5287450994176229,0.2609328302392098,0.6163636363636363
A1b,Abilene.gml,500,0,15,23,0.760361624292733,0.484493299742179,0.26084453906897165,0.5763636363636363
A1b,Abilene.gml,500,0,15,24,0.7760447930335199,0.46866384855139015,0.2609615712807613,0.5654545454545454
A1b,Abilene.gml,500,0,15,25,0.7437759259924251,0.6012902504385059,0.2609604591718492,0.6509090909090909
A1b,Abilene.gml,500,0,15,26,0.793393212689864,0.5473638132445834,0.26080812630836464,0.629090909090909
A1b,Abilene.gml,500,0,15,27,0.8264468309429339,0.5254525185317345,0.26100049254999347,0.6227272727272727
A1b,Abilene.gml,500,0,15,28,0.8099872389982942,0.5618835519818132,0.2612553616508158,0.6381818181818182
A1b,Abilene.gml,500,0,15,29,0.7769125664345519,0.5805800918243651,0.26141530179240957,0.6481818181818183
A1b,Abilene.gml,500,0,15,30,0.7687741706436829,0.47083823651990736,0.26171384677413967,0.5672727272727273
A1b,Abilene.gml,500,0,15,31,0.7858900368450423,0.47563726664285305,0.2619684124689574,0.5790909090909091
A1b,Abilene.gml,500,0,15,32,0.7686095344343642,0.47309876209760754,0.2622222831808225,0.5763636363636363
A1b,Abilene.gml,500,0,15,33,0.7441244043815683,0.5255603652272938,0.26255723034445744,0.6045454545454546
A1b,Abilene.gml,500,0,15,34,0.7939080738242303,0.4968058584004416,0.26284643214622766,0.5927272727272728
A1b,Abilene.gml,500,0,15,35,0.7700512271783416,0.4875056523496754,0.26311936738313463,0.5881818181818183
A1b,Abilene.gml,500,0,15,36,0.8016463915736582,0.49718763299824276,0.2635084263593291,0.6054545454545455
A1b,Abilene.gml,500,0,15,37,0.818282533677355,0.5013115313226136,0.2639237972722619,0.6054545454545455
A1b,Abilene.gml,500,0,15,38,0.7936022889712787,0.48025394844109215,0.26436551902783056,0.5854545454545454
A1b,Abilene.gml,500,0,15,39,0.760375149708041,0.3992557045822588,0.26472112363633005,0.5163636363636364
A1b,Abilene.gml,500,0,15,40,0.7606688014287123,0.5270919509733863,0.26509807529761736,0.6099999999999999
A1b,Abilene.gml,500,0,15,41,0.8516761355767098,0.47329048391896095,0.26559443854432985,0.5981818181818181
A1b,Abilene.gml,500,0,15,42,0.7850996940034506,0.5335666240198979,0.26611731159857216,0.6136363636363638
A1b,Abilene.gml,500,0,15,43,0.7687345084990903,0.4767778832061316,0.2657146512606842,0.58
A1b,Abilene.gml,500,0,15,44,0.6880549060548854,0.49730099397737604,0.26614761914628393,0.5681818181818181
A1b,Abilene.gml,500,0,15,45,0.7685984461097454,0.4563650276179639,0.26623270917955577,0.560909090909091
A1b,Abilene.gml,500,0,15,46,0.7852201848219522,0.4144432763074013,0.26669099917458194,0.5345454545454547
A1b,Abilene.gml,500,0,15,47,0.7853918429451375,0.4770604778466652,0.26717591244052624,0.5790909090909091
A1b,Abilene.gml,500,0,15,48,0.8099313758126054,0.4906020148432209,0.2677577397107428,0.5954545454545455
A1b,Abilene.gml,500,0,15,49,0.7934031748797147,0.46504607978579154,0.26828404241344705,0.5772727272727273
A1b,Abilene.gml,500,0,16,0,0.7194014249855145,0.44360562986084945,0.25734176148284466,0.5272727272727273
A1b,Abilene.gml,500,0,16,1,0.7850978743482961,0.46384044214899717,0.2571041902136633,0.5572727272727275
A1b,Abilene.gml,500,0,16,2,0.7685747659990997,0.5017828698109903,0.2568829421723929,0.5845454545454546
A1b,Abilene.gml,500,0,16,3,0.7604704985029297,0.5556329650211755,0.2566877645774996,0.6245454545454545
A1b,Abilene.gml,500,0,16,4,0.809961069296671,0.5393008596123804,0.2566964062187748,0.6272727272727273
A1b,Abilene.gml,500,0,16,5,0.777730090058665,0.5160917830282543,0.25673071663650765,0.5963636363636362
A1b,Abilene.gml,500,0,16,6,0.7518243261178501,0.5621807225750461,0.25663890677973705,0.6236363636363635
A1b,Abilene.gml,500,0,16,7,0.8181572539494895,0.471613650821655,0.2564845929443508,0.58
A1b,Abilene.gml,500,0,16,8,0.7273598623135665,0.48235260014017256,0.25642975153499764,0.5645454545454546
A1b,Abilene.gml,500,0,16,9,0.7768084995763002,0.5271449789332077,0.25651164037258173,0.6081818181818183
A1b,Abilene.gml,500,0,16,10,0.7603584092808228,0.44810316110274023,0.256408846851974,0.5481818181818183
A1b,Abilene.gml,500,0,16,11,0.7685745277032656,0.46358134866382256,0.2565243016708774,0.5590909090909091
A1b,Abilene.gml,500,0,16,12,0.8016358142376006,0.48000619281616025,0.25645509307365405,0.5827272727272726
A1b,Abilene.gml,500,0,16,13,0.8345656215830194,0.48303090660937015,0.25641153690659774,0.5945454545454546
A1b,Abilene.gml,500,0,16,14,0.7686795281330897,0.4109245412540077,0.25645082277920284,0.5272727272727272
A1b,Abilene.gml,500,0,16,15,0.7602665724269607,0.5147289276482493,0.25662376652637797,0.5954545454545455
A1b,Abilene.gml,500,0,16,16,0.801754218303152,0.6046846940641213,0.2566343430900274,0.6727272727272727
A1b,Abilene.gml,500,0,16,17,0.7605514899658523,0.49491755784223573,0.25666596030667094,0.5836363636363636
A1b,Abilene.gml,500,0,16,18,0.8089918297345836,0.48153433038157584,0.2567735612033329,0.5881818181818183
A1b,Abilene.gml,500,0,16,19,0.7519670862764237,0.47581226847105584,0.2568285303312715,0.5663636363636364
A1b,Abilene.gml,500,0,16,20,0.7934680998227119,0.48153969990641754,0.2569091768153304,0.5845454545454545
A1b,Abilene.gml,500,0,16,21,0.7932557483615814,0.4770492220914436,0.25701550615242236,0.578181818181818
A1b,Abilene.gml,500,0,16,22,0.8094598182261439,0.53329475312456,0.2568901098537866,0.6281818181818181
A1b,Abilene.gml,500,0,16,23,0.8016441669096724,0.5135920805966876,0.25711868710741137,0.6154545454545454
A1b,Abilene.gml,500,0,16,24,0.7858460905811135,0.522562621735209,0.25737295337202154,0.6136363636363635
A1b,Abilene.gml,500,0,16,25,0.7768143218130679,0.46775673901981124,0.2575927367423199,0.5700000000000001
A1b,Abilene.gml,500,0,16,26,0.7767379940793956,0.5929488837428987,0.25777545137969676,0.6627272727272727
A1b,Abilene.gml,500,0,16,27,0.8099468669987466,0.4852344023720651,0.25797828910262816,0.5945454545454545
A1b,Abilene.gml,500,0,16,28,0.6695539317168625,0.5310952364680617,0.25829194003107186,0.5827272727272726
A1b,Abilene.gml,500,0,16,29,0.7355904771966625,0.4801068766969635,0.25854764924394247,0.5627272727272727
A1b,Abilene.gml,500,0,16,30,0.8099477277377279,0.4831476273257404,0.25844957251419154,0.5927272727272727
A1b,Abilene.gml,500,0,16,31,0.821048005401482,0.4740323776456085,0.2587960505828686,0.5863636363636364
A1b,Abilene.gml,500,0,16,32,0.7356887481874442,0.46291474892882084,0.25895281480795657,0.5518181818181819
A1b,Abilene.gml,500,0,16,33,0.7851686827913622,0.5055040220022015,0.2592407002950486,0.6054545454545455
A1b,Abilene.gml,500,0,16,34,0.8099495914322844,0.47954738918467155,0.25963222969403943,0.5918181818181817
A1b,Abilene.gml,500,0,16,35,0.8268737066778198,0.4767599291409471,0.26004968316305976,0.5918181818181818
A1b,Abilene.gml,500,0,16,36,0.7769336410021989,0.4690087308949867,0.26030942695179066,0.5736363636363636
A1b,Abilene.gml,500,0,16,37,0.8181997706707421,0.4778303633855621,0.26067916765973365,0.5881818181818183
A1b,Abilene.gml,500,0,16,38,0.8100500137984636,0.5115988351591771,0.2609593481057076,0.6090909090909091
A1b,Abilene.gml,500,0,16,39,0.826349100437097,0.5324537255968708,0.261373701588097,0.6272727272727271
A1b,Abilene.gml,500,0,16,40,0.8676470004518252,0.5112186398038955,0.2612125465904983,0.6318181818181818
A1b,Abilene.gml,500,0,16,41,0.8016032987194904,0.5677309152199738,0.2617136580099542,0.6472727272727273
A1b,Abilene.gml,500,0,16,42,0.826444591615353,0.5266976686014375,0.262095164571168,0.6227272727272728
A1b,Abilene.gml,500,0,16,43,0.8265620990261188,0.4933906496605384,0.2621159729261009,0.6009090909090908
A1b,Abilene.gml,500,0,16,44,0.801695041924841,0.5255488966190239,0.2620844924745818,0.6218181818181818
A1b,Abilene.gml,500,0,16,45,0.7933340049180688,0.49876453902309614,0.26262800875457026,0.5972727272727273
A1b,Abilene.gml,500,0,16,46,0.7686484338655752,0.4991329093150972,0.26273672457499553,0.5954545454545455
A1b,Abilene.gml,500,0,16,47,0.7357418101245852,0.48027054675532777,0.2633129467584302,0.570909090909091
A1b,Abilene.gml,500,0,16,48,0.7603743732213926,0.46269321709757877,0.2638550915855333,0.5590909090909091
A1b,Abilene.gml,500,0,16,49,0.7357526320970905,0.48254730609997465,0.2643511719480691,0.5609090909090908
A1b,Abilene.gml,500,0,17,0,0.7354950668924651,0.4565705538426203,0.25842824096254974,0.5390909090909091
A1b,Abilene.gml,500,0,17,1,0.8015504737728136,0.5304709451137654,0.2581903367269833,0.6145454545454545
A1b,Abilene.gml,500,0,17,2,0.7850940836050566,0.4626929903109805,0.25797494710498375,0.56
A1b,Abilene.gml,500,0,17,3,0.7616015797861407,0.5246621160503792,0.2577853765166568,0.6009090909090908
A1b,Abilene.gml,500,0,17,4,0.7770106291907664,0.523971170975869,0.25770202311917034,0.6072727272727273
A1b,Abilene.gml,500,0,17,5,0.7768370684200686,0.48673286939448984,0.25770115371851504,0.5818181818181819
A1b,Abilene.gml,500,0,17,6,0.7932585558512137,0.527379140398456,0.2577260545201718,0.6127272727272727
A1b,Abilene.gml,500,0,17,7,0.7851489170703041,0.49119415044728604,0.25768249031232715,0.5818181818181818
A1b,Abilene.gml,500,0,17,8,0.8264131380337703,0.5118456588474192,0.25766469870993447,0.6090909090909091
A1b,Abilene.gml,500,0,17,9,0.7851372552503842,0.5548528666471193,0.2575702253201952,0.6272727272727272
A1b,Abilene.gml,500,0,17,10,0.7933570028705348,0.5191389445700351,0.25750151840032676,0.6099999999999999
A1b,Abilene.gml,500,0,17,11,0.7685533588338143,0.4851130157419501,0.2575822610824423,0.5772727272727273
A1b,Abilene.gml,500,0,17,12,0.7273138206385986,0.574255831016229,0.2575671569201965,0.6236363636363637
A1b,Abilene.gml,500,0,17,13,0.7429378575317472,0.5519565395840703,0.2575873097354313,0.6190909090909091
A1b,Abilene.gml,500,0,17,14,0.7605656525435802,0.5755366075823718,0.25766067478420485,0.6418181818181818
A1b,Abilene.gml,500,0,17,15,0.8016348932378755,0.5147502101381651,0.25770164316030364,0.6127272727272728
A1b,Abilene.gml,500,0,17,16,0.7686411598965861,0.5173542684335546,0.25785651314196945,0.600909090909091
A1b,Abilene.gml,500,0,17,17,0.7768121821764276,0.48656900738380815,0.2578578007536016,0.5790909090909091
A1b,Abilene.gml,500,0,17,18,0.8016377117813637,0.5123686266812105,0.25792403780999174,0.610909090909091
A1b,Abilene.gml,500,0,17,19,0.743899617656428,0.48803198531754943,0.25812164845418484,0.5700000000000001
A1b,Abilene.gml,500,0,17,20,0.7687590559994949,0.4917167266791054,0.2581760669326067,0.5845454545454545
A1b,Abilene.gml,500,0,17,21,0.8099370952764775,0.5167595546164198,0.25835517929638285,0.6154545454545454
A1b,Abilene.gml,500,0,17,22,0.7520856711323968,0.46627068851660486,0.25859518749377997,0.5563636363636365
A1b,Abilene.gml,500,0,17,23,0.7521645601847134,0.4714286784218968,0.25870239460088584,0.5609090909090909
A1b,Abilene.gml,500,0,17,24,0.7686779460464024,0.5331916935343204,0.25849949764469793,0.6072727272727273
A1b,Abilene.gml,500,0,17,25,0.8015658167584743,0.5760684197210145,0.2583294937407803,0.6536363636363636
A1b,Abilene.gml,500,0,17,26,0.7521750513428013,0.5142359140022236,0.2586007592678268,0.5990909090909091
A1b,Abilene.gml,500,0,17,27,0.7768975079558079,0.46146107048179724,0.25875307940767683,0.5663636363636363
A1b,Abilene.gml,500,0,17,28,0.7356977603480328,0.5063462739061722,0.2589968071071368,0.5827272727272728
A1b,Abilene.gml,500,0,17,29,0.7769129540915439,0.46992952868452365,0.25919599809345484,0.5727272727272728
A1b,Abilene.gml,500,0,17,30,0.7346612134827997,0.5379733075909686,0.2594583287493762,0.6100000000000001
A1b,Abilene.gml,500,0,17,31,0.769368391371198,0.5162241610129695,0.2597101424971267,0.6036363636363636
A1b,Abilene.gml,500,0,17,32,0.768578242210391,0.5610042179419814,0.25997091954022555,0.6309090909090908
A1b,Abilene.gml,500,0,17,33,0.7027178512041741,0.48487591224678667,0.2603493430272715,0.5636363636363636
A1b,Abilene.gml,500,0,17,34,0.7933947534991564,0.5178076063862398,0.2606826106451169,0.6109090909090908
A1b,Abilene.gml,500,0,17,35,0.7933760784110165,0.48557140859981646,0.2610419131972651,0.5836363636363636
A1b,Abilene.gml,500,0,17,36,0.7606624489076772,0.5210203040495609,0.26132330192412284,0.6018181818181818
A1b,Abilene.gml,500,0,17,37,0.7935153653216624,0.5311417282555854,0.2617066686466491,0.61
A1b,Abilene.gml,500,0,17,38,0.7438111165032659,0.5878294761921815,0.261372221788949,0.6372727272727272
A1b,Abilene.gml,500,0,17,39,0.7771491702680638,0.47670568810066727,0.2614353158388059,0.5827272727272728
A1b,Abilene.gml,500,0,17,40,0.7437494610337538,0.4847067723085257,0.26182276237191593,0.5763636363636364
A1b,Abilene.gml,500,0,17,41,0.7522520897682905,0.5322277597640587,0.26223635243660987,0.6027272727272727
A1b,Abilene.gml,500,0,17,42,0.7273613864957724,0.48392089958706214,0.2621999738666561,0.5636363636363636
A1b,Abilene.gml,500,0,17,43,0.7767723113657237,0.505313520419108,0.2621777420245447,0.6054545454545454
A1b,Abilene.gml,500,0,17,44,0.7687531821658747,0.48380044881056533,0.26264219831434216,0.5818181818181819
A1b,Abilene.gml,500,0,17,45,0.793367493268424,0.5167684145523382,0.2631219635859969,0.6154545454545455
A1b,Abilene.gml,500,0,17,46,0.7437963852057714,0.5636038781323295,0.26349190282814566,0.629090909090909
A1b,Abilene.gml,500,0,17,47,0.7768024029969784,0.5160295880540201,0.26369692319415156,0.6090909090909091
A1b,Abilene.gml,500,0,17,48,0.7607167712616476,0.4895823279143519,0.2642114206329788,0.5863636363636364
A1b,Abilene.gml,500,0,17,49,0.7357992157721597,0.4749528931426678,0.26476178391034866,0.5581818181818181
A1b,Abilene.gml,500,0,18,0,0.7107648850417486,0.4405812298022692,0.25758619992915566,0.5236363636363636
A1b,Abilene.gml,500,0,18,1,0.7767720507790703,0.4827580696728537,0.25744430040694277,0.5745454545454545
A1b,Abilene.gml,500,0,18,2,0.8182513282335965,0.5352356157609033,0.25732665004657795,0.6236363636363638
A1b,Abilene.gml,500,0,18,3,0.8263432670579341,0.4836885506737467,0.2572287494153288,0.59
A1b,Abilene.gml,500,0,18,4,0.8181878441680316,0.5425080478106968,0.25704704598323186,0.6300000000000001
A1b,Abilene.gml,500,0,18,5,0.7850909463135697,0.46461282648751384,0.256992565876823,0.5618181818181819
A1b,Abilene.gml,500,0,18,6,0.7686025089279849,0.4597085633866353,0.2568348459821486,0.5545454545454546
A1b,Abilene.gml,500,0,18,7,0.7933126740825419,0.47966852807710675,0.2567028253440618,0.5790909090909091
A1b,Abilene.gml,500,0,18,8,0.760413815118775,0.5628653336114735,0.25659774609959984,0.6327272727272728
A1b,Abilene.gml,500,0,18,9,0.7768003351761401,0.5272734384347992,0.2566709535913624,0.61
A1b,Abilene.gml,500,0,18,10,0.7934041052976951,0.5067830412470902,0.25658911291864706,0.6009090909090908
A1b,Abilene.gml,500,0,18,11,0.7933261076960227,0.47734563223892307,0.2566958764396375,0.5800000000000001
A1b,Abilene.gml,500,0,18,12,0.7356475214472851,0.56155960004272,0.25666702315877227,0.6263636363636365
A1b,Abilene.gml,500,0,18,13,0.7686962897634548,0.4857185549223278,0.2566964175984699,0.5763636363636364
A1b,Abilene.gml,500,0,18,14,0.7686882684363795,0.5593121942751256,0.2567139040790509,0.6336363636363637
A1b,Abilene.gml,500,0,18,15,0.7934089524112126,0.522576273231823,0.25688757171945686,0.6036363636363636
A1b,Abilene.gml,500,0,18,16,0.7768004457584085,0.4463033336705376,0.25689128932648125,0.5481818181818182
A1b,Abilene.gml,500,0,18,17,0.8016435359930815,0.4887410049513439,0.25697915064966986,0.589090909090909
A1b,Abilene.gml,500,0,18,18,0.7686043139975052,0.48243888570928506,0.2571121094332734,0.5781818181818181
A1b,Abilene.gml,500,0,18,19,0.8264131199325518,0.5269618917002876,0.2571971265229363,0.6254545454545455
A1b,Abilene.gml,500,0,18,20,0.7686241372953635,0.549538831596735,0.25721331545730125,0.62
A1b,Abilene.gml,500,0,18,21,0.8099634514353581,0.5476519481282326,0.25732688193516623,0.6318181818181817
A1b,Abilene.gml,500,0,18,22,0.7851550229442357,0.5287455394109423,0.25749397914126393,0.61
A1b,Abilene.gml,500,0,18,23,0.8182052884543083,0.5298873245997909,0.25738616505911543,0.6272727272727272
A1b,Abilene.gml,500,0,18,24,0.7851555644146395,0.48591690882201183,0.2575087951825518,0.5863636363636363
A1b,Abilene.gml,500,0,18,25,0.8347974941935434,0.5473907912363379,0.2576758257163648,0.6436363636363637
A1b,Abilene.gml,500,0,18,26,0.793404847230148,0.5090140991364022,0.25791086523730394,0.6036363636363636
A1b,Abilene.gml,500,0,18,27,0.8098553771616146,0.5208351598777238,0.25809189846753344,0.6190909090909092
A1b,Abilene.gml,500,0,18,28,0.7848790546105533,0.48736728129000206,0.25837050426238156,0.5863636363636363
A1b,Abilene.gml,500,0,18,29,0.6695622342981512,0.5309417296533515,0.258591926109803,0.5818181818181818
A1b,Abilene.gml,500,0,18,30,0.7686658313267141,0.5405713191711488,0.25882919118626996,0.6127272727272728
A1b,Abilene.gml,500,0,18,31,0.7930489770362216,0.5313738822131344,0.25871026821658716,0.62
A1b,Abilene.gml,500,0,18,32,0.8099547087472442,0.47966657248883243,0.2590500250744856,0.5909090909090908
A1b,Abilene.gml,500,0,18,33,0.7521707938113323,0.4820452907318801,0.2594086225226023,0.5709090909090909
A1b,Abilene.gml,500,0,18,34,0.8259980173980065,0.4745028716153825,0.25928732661996373,0.5881818181818181
A1b,Abilene.gml,500,0,18,35,0.7772698498456446,0.5349220459974907,0.25948775143349506,0.61
A1b,Abilene.gml,500,0,18,36,0.8098426912964194,0.49261238351686953,0.25911044297629265,0.5963636363636364
A1b,Abilene.gml,500,0,18,37,0.7933932418210563,0.5091945585045101,0.2595007814435084,0.6118181818181818
A1b,Abilene.gml,500,0,18,38,0.8099352932558062,0.5409371234086756,0.25989246104242447,0.63
A1b,Abilene.gml,500,0,18,39,0.8181491264716422,0.5259203721921625,0.26015209919619997,0.62
A1b,Abilene.gml,500,0,18,40,0.8181731391412019,0.5024900472117749,0.26047064029721184,0.6145454545454545
A1b,Abilene.gml,500,0,18,41,0.7518282673260763,0.5389232179762594,0.2608842519979619,0.609090909090909
A1b,Abilene.gml,500,0,18,42,0.7603523204714762,0.44882958380406046,0.26064064143030746,0.5499999999999999
A1b,Abilene.gml,500,0,18,43,0.7274298688360757,0.5448554569537998,0.26069640862368487,0.6136363636363636
A1b,Abilene.gml,500,0,18,44,0.7603984954655684,0.46768413548063525,0.2608515974536577,0.5654545454545455
A1b,Abilene.gml,500,0,18,45,0.7603304043451239,0.46769381195835263,0.2612785719512221,0.5645454545454546
A1b,Abilene.gml,500,0,18,46,0.7608052637085003,0.5259446616014937,0.26173163160853186,0.6054545454545454
A1b,Abilene.gml,500,0,18,47,0.7602627065477048,0.45844453375808686,0.2621931998688672,0.5572727272727274
A1b,Abilene.gml,500,0,18,48,0.7603753186633967,0.4677436809503501,0.2626918808883673,0.5654545454545454
A1b,Abilene.gml,500,0,18,49,0.7604077134133267,0.5279230128274774,0.26321678122785436,0.6045454545454545
A1b,Abilene.gml,500,0,19,0,0.661361946061207,0.4579988879751377,0.26101866324816464,0.5227272727272727
A1b,Abilene.gml,500,0,19,1,0.7604461218474948,0.548738567456075,0.26089308364624075,0.619090909090909
A1b,Abilene.gml,500,0,19,2,0.7933873541183125,0.5124854633488671,0.2608723513454688,0.6018181818181817
A1b,Abilene.gml,500,0,19,3,0.7768676754294715,0.4247651348206777,0.2606847201547231,0.5327272727272728
A1b,Abilene.gml,500,0,19,4,0.7686004005880966,0.5244307366595131,0.26052389994292974,0.6072727272727273
A1b,Abilene.gml,500,0,19,5,0.7768373099299666,0.47926628610083183,0.2603872397228307,0.5754545454545454
A1b,Abilene.gml,500,0,19,6,0.8206619353006488,0.4750082983053364,0.26042526425064866,0.5809090909090909
A1b,Abilene.gml,500,0,19,7,0.801631690767896,0.46872481235934715,0.2603601210473314,0.5736363636363637
A1b,Abilene.gml,500,0,19,8,0.7850507747690589,0.5268113945781984,0.2602683720541407,0.6136363636363638
A1b,Abilene.gml,500,0,19,9,0.743961025391874,0.5390244202624104,0.26017224894419066,0.610909090909091
A1b,Abilene.gml,500,0,19,10,0.7273567732624435,0.4586529671375162,0.26016412686005624,0.5463636363636364
A1b,Abilene.gml,500,0,19,11,0.7851436208362176,0.4726860933791301,0.2602515282373326,0.5754545454545454
A1b,Abilene.gml,500,0,19,12,0.7521590351864839,0.5319646219418579,0.2602188355032921,0.610909090909091
A1b,Abilene.gml,500,0,19,13,0.7934424596233437,0.5207264276942146,0.26035635690821196,0.6118181818181818
A1b,Abilene.gml,500,0,19,14,0.7768963108245255,0.5172682489242433,0.260385159735229,0.6054545454545455
A1b,Abilene.gml,500,0,19,15,0.7847857396853404,0.5824064212498417,0.26038892380569173,0.6490909090909092
A1b,Abilene.gml,500,0,19,16,0.7607009182285952,0.49955762709913826,0.26043501859241275,0.5918181818181818
A1b,Abilene.gml,500,0,19,17,0.7770218748719052,0.5120610105687147,0.260483292037849,0.6009090909090908
A1b,Abilene.gml,500,0,19,18,0.7934873879907521,0.5609228916994642,0.2605926494658479,0.6390909090909092
A1b,Abilene.gml,500,0,19,19,0.7438541558553939,0.48924191850423304,0.26070138763202777,0.5781818181818182
A1b,Abilene.gml,500,0,19,20,0.7851468769984679,0.4747401410286709,0.2609138157386578,0.5790909090909091
A1b,Abilene.gml,500,0,19,21,0.7769097154707086,0.4655476097387361,0.26101383431937003,0.5681818181818182
A1b,Abilene.gml,500,0,19,22,0.7769048996983376,0.5943740372861306,0.26119208494045515,0.6672727272727272
A1b,Abilene.gml,500,0,19,23,0.7853579773742205,0.5025245410850139,0.2614661727048201,0.6027272727272727
A1b,Abilene.gml,500,0,19,24,0.8005526693336921,0.47377796970417735,0.2617663796776791,0.5772727272727273
A1b,Abilene.gml,500,0,19,25,0.819895395344351,0.4747461385004184,0.26187529808461363,0.5890909090909091
A1b,Abilene.gml,500,0,19,26,0.8178554447023292,0.4547870817217153,0.2620103931295159,0.5745454545454546
A1b,Abilene.gml,500,0,19,27,0.8016126930578246,0.46943128645985266,0.26228565546497085,0.5800000000000001
A1b,Abilene.gml,500,0,19,28,0.793348830078144,0.46875699057838127,0.26264881603953133,0.5745454545454545
A1b,Abilene.gml,500,0,19,29,0.7520775077042331,0.45555178257690193,0.2628816813838684,0.5527272727272727
A1b,Abilene.gml,500,0,19,30,0.7686489706590607,0.5581613637223835,0.26314081160980946,0.6309090909090908
A1b,Abilene.gml,500,0,19,31,0.7857791418563488,0.5029406480543028,0.2633985553615803,0.5981818181818181
A1b,Abilene.gml,500,0,19,32,0.7685030039014141,0.46986182895567236,0.2636923107329964,0.5672727272727273
A1b,Abilene.gml,500,0,19,33,0.7769125847334748,0.4754608256857243,0.26401589449140245,0.5681818181818182
A1b,Abilene.gml,500,0,19,34,0.760503173085798,0.4872016705013225,0.26394227487950206,0.5763636363636364
A1b,Abilene.gml,500,0,19,35,0.8015868435226629,0.5032970816875223,0.2642875293817574,0.6081818181818182
A1b,Abilene.gml,500,0,19,36,0.8016571417902579,0.4851430377603947,0.2645779680958841,0.589090909090909
A1b,Abilene.gml,500,0,19,37,0.719023420706587,0.5212425023443882,0.2649622979886702,0.5809090909090909
A1b,Abilene.gml,500,0,19,38,0.7603176392587829,0.4768508743515796,0.2646263738847691,0.5718181818181819
A1b,Abilene.gml,500,0,19,39,0.7769150318827347,0.47470425336483474,0.2650531301223737,0.5690909090909092
A1b,Abilene.gml,500,0,19,40,0.7520844844727462,0.5303041178796328,0.26505998612752496,0.6054545454545455
A1b,Abilene.gml,500,0,19,41,0.8099047908191195,0.4886710801163927,0.265153457886772,0.5945454545454545
A1b,Abilene.gml,500,0,19,42,0.6943983419409773,0.46500717482232273,0.2656037335485406,0.5472727272727272
A1b,Abilene.gml,500,0,19,43,0.7603423513003199,0.4629937608093489,0.2661588698607909,0.5618181818181818
A1b,Abilene.gml,500,0,19,44,0.7665218412254746,0.48551768859215694,0.2665281929072329,0.5754545454545454
A1b,Abilene.gml,500,0,19,45,0.8098326748573421,0.4411945443047028,0.26659303756243796,0.5636363636363636
A1b,Abilene.gml,500,0,19,46,0.7933500168818136,0.49815464962678474,0.2670997389830028,0.6036363636363636
A1b,Abilene.gml,500,0,19,47,0.8427621138712861,0.5116428773528039,0.2676233980534325,0.6263636363636365
A1b,Abilene.gml,500,0,19,48,0.7851071577696388,0.49166576326115163,0.2681723845905866,0.5872727272727273
A1b,Abilene.gml,500,0,19,49,0.8270218808324278,0.5200221234021238,0.26874813346754606,0.619090909090909
A1b,Abilene.gml,500,0,20,0,0.7271825462481918,0.52983081297667,0.2579480036244089,0.5927272727272727
A1b,Abilene.gml,500,0,20,1,0.8347350208243495,0.5344811375423965,0.257802599856249,0.63
A1b,Abilene.gml,500,0,20,2,0.7851438389158687,0.47564698244562104,0.25776669592632184,0.5709090909090909
A1b,Abilene.gml,500,0,20,3,0.7767810727952544,0.5511538001335936,0.25755268142466353,0.62
A1b,Abilene.gml,500,0,20,4,0.825611248919289,0.49386737238734657,0.25736444359259797,0.5936363636363636
A1b,Abilene.gml,500,0,20,5,0.7026207986466337,0.5580124849590864,0.2572019610286749,0.6081818181818182
A1b,Abilene.gml,500,0,20,6,0.7933519037898331,0.5298248005806854,0.25713191522410545,0.6127272727272727
A1b,Abilene.gml,500,0,20,7,0.7850616421863705,0.5337076393167823,0.2570564265135039,0.6063636363636363
A1b,Abilene.gml,500,0,20,8,0.7191948875294133,0.43893676777594437,0.25686854594541403,0.5263636363636364
A1b,Abilene.gml,500,0,20,9,0.801702070480287,0.4971647616052069,0.25681169872249776,0.5909090909090908
A1b,Abilene.gml,500,0,20,10,0.7851865994303641,0.5196400311572859,0.25671753121860663,0.61
A1b,Abilene.gml,500,0,20,11,0.785110408606733,0.46503366000660706,0.25672228226960353,0.5636363636363636
A1b,Abilene.gml,500,0,20,12,0.7600411775376291,0.49412457715974245,0.25664229779671854,0.5809090909090909
A1b,Abilene.gml,500,0,20,13,0.752109043973698,0.5013047394843562,0.2566612156133377,0.5845454545454546
A1b,Abilene.gml,500,0,20,14,0.8268701900761339,0.5043501087564072,0.2567672102669212,0.6054545454545454
A1b,Abilene.gml,500,0,20,15,0.7934325098408258,0.5574759841747651,0.256785984253596,0.64
A1b,Abilene.gml,500,0,20,16,0.7933411567080918,0.5493092166217278,0.2568238546853051,0.6263636363636363
A1b,Abilene.gml,500,0,20,17,0.7694322889947987,0.5525650652389932,0.2567705001786453,0.6218181818181818
A1b,Abilene.gml,500,0,20,18,0.8265027469993483,0.49072840630364445,0.25669201168618816,0.5990909090909091
A1b,Abilene.gml,500,0,20,19,0.752019876234321,0.4665367248396512,0.25679705120282764,0.5590909090909091
A1b,Abilene.gml,500,0,20,20,0.7768957833530009,0.4834854571483515,0.2568567190757089,0.5818181818181819
A1b,Abilene.gml,500,0,20,21,0.8262539454549244,0.4852322202370562,0.2569446159124417,0.5954545454545453
A1b,Abilene.gml,500,0,20,22,0.8016347720320799,0.5281045235127638,0.2571019863771365,0.6172727272727272
A1b,Abilene.gml,500,0,20,23,0.7768888882834005,0.5104160498713329,0.2572623920512918,0.6045454545454546
A1b,Abilene.gml,500,0,20,24,0.7769275075567819,0.4733262413443693,0.2574772963262329,0.5754545454545454
A1b,Abilene.gml,500,0,20,25,0.784975716076126,0.4940426853184352,0.2576263578472981,0.5945454545454546
A1b,Abilene.gml,500,0,20,26,0.8181564984562602,0.488265343942973,0.2578849543987003,0.5972727272727273
A1b,Abilene.gml,500,0,20,27,0.8181852322565856,0.5821423325396109,0.2581693135858872,0.6618181818181817
A1b,Abilene.gml,500,0,20,28,0.8019371882085092,0.5324059213497622,0.25827316425919894,0.6254545454545455
A1b,Abilene.gml,500,0,20,29,0.818332744954697,0.533267106682397,0.25859268228802673,0.6309090909090909
A1b,Abilene.gml,500,0,20,30,0.760388595817398,0.5650916188734659,0.25877750825904555,0.6418181818181817
A1b,Abilene.gml,500,0,20,31,0.8181440021965074,0.5038423575843414,0.2591318103619752,0.6063636363636364
A1b,Abilene.gml,500,0,20,32,0.7602362983710648,0.5081545382962767,0.25940594130930744,0.5881818181818181
A1b,Abilene.gml,500,0,20,33,0.7769113774677912,0.5242197650443685,0.25924643927961294,0.6027272727272727
A1b,Abilene.gml,500,0,20,34,0.8098385262074103,0.48996155653797635,0.25890238958494194,0.5972727272727272
A1b,Abilene.gml,500,0,20,35,0.7934151258422933,0.5473041504577032,0.259287621229488,0.63
A1b,Abilene.gml,500,0,20,36,0.7934729477703807,0.5074901325593949,0.2595914889628292,0.5927272727272727
A1b,Abilene.gml,500,0,20,37,0.7438951761956154,0.5363286708616782,0.2595077349641968,0.6154545454545454
A1b,Abilene.gml,500,0,20,38,0.7603915233020924,0.5668245179223733,0.25992555808433576,0.6463636363636364
A1b,Abilene.gml,500,0,20,39,0.8100475281749829,0.518552753129674,0.26036933197797113,0.6154545454545454
A1b,Abilene.gml,500,0,20,40,0.7685725916922478,0.5258434188891511,0.2607417832301578,0.6081818181818182
A1b,Abilene.gml,500,0,20,41,0.7851822058997187,0.4894829989161343,0.26100869078942684,0.5818181818181818
A1b,Abilene.gml,500,0,20,42,0.7603306335119374,0.5352989999962215,0.2609111832050442,0.610909090909091
A1b,Abilene.gml,500,0,20,43,0.776910337139128,0.48904877070721403,0.26097971540340703,0.5909090909090909
A1b,Abilene.gml,500,0,20,44,0.7933753768908244,0.5454794921729066,0.26147526829443873,0.6309090909090909
A1b,Abilene.gml,500,0,20,45,0.8099353475371124,0.5214004828756672,0.26192247666641266,0.6172727272727272
A1b,Abilene.gml,500,0,20,46,0.7769157247545746,0.49145441473004287,0.26239583256521604,0.58
A1b,Abilene.gml,500,0,20,47,0.7934032028286292,0.48092219122729174,0.2620552439560495,0.5827272727272726
A1b,Abilene.gml,500,0,20,48,0.7273058111712895,0.506858485667099,0.26242061235841235,0.5863636363636364
A1b,Abilene.gml,500,0,20,49,0.7604640622782313,0.4908241931064376,0.2627216994729644,0.5872727272727272
A1b,Abilene.gml,500,0,21,0,0.6861076214940898,0.47751962011622684,0.256345786720211,0.5445454545454546
A1b,Abilene.gml,500,0,21,1,0.8182900343193803,0.4820620537858757,0.2562952536389787,0.5845454545454545
A1b,Abilene.gml,500,0,21,2,0.8016445401300196,0.5014716244639789,0.25616034685774103,0.5945454545454546
A1b,Abilene.gml,500,0,21,3,0.7686833104702029,0.5347360180051142,0.25604430789692106,0.6090909090909091
A1b,Abilene.gml,500,0,21,4,0.7933797461043247,0.5209545480446134,0.2558759116017655,0.6081818181818182
A1b,Abilene.gml,500,0,21,5,0.8016331011355876,0.4820105716304744,0.2558817820795233,0.5836363636363636
A1b,Abilene.gml,500,0,21,6,0.8016325296921841,0.48240490329136615,0.2557468197132268,0.5827272727272728
A1b,Abilene.gml,500,0,21,7,0.7603572328074965,0.4531299491743281,0.25563744552513834,0.5509090909090909
A1b,Abilene.gml,500,0,21,8,0.8016444744425435,0.49136873400279774,0.25568453717762923,0.5890909090909091
A1b,Abilene.gml,500,0,21,9,0.7767698718672599,0.587214704811489,0.2556524447522039,0.6509090909090909
A1b,Abilene.gml,500,0,21,10,0.7851526869145634,0.4824001204579837,0.2556591225733032,0.5809090909090909
A1b,Abilene.gml,500,0,21,11,0.785422702346219,0.48132997251786575,0.2556115509297519,0.5800000000000001
A1b,Abilene.gml,500,0,21,12,0.7851560452693448,0.4838920357171505,0.25558954519845795,0.5818181818181819
A1b,Abilene.gml,500,0,21,13,0.7850970349745839,0.49362908921776344,0.2555931006222569,0.5881818181818183
A1b,Abilene.gml,500,0,21,14,0.752112600621459,0.5363673116138419,0.25560888023271483,0.6045454545454546
A1b,Abilene.gml,500,0,21,15,0.7521263800926044,0.5642474476677232,0.2556427414267499,0.63
A1b,Abilene.gml,500,0,21,16,0.7771052047308845,0.5145539061344799,0.2557237982210006,0.5981818181818181
A1b,Abilene.gml,500,0,21,17,0.7933834870890393,0.4916435947118258,0.25581061380604386,0.59
A1b,Abilene.gml,500,0,21,18,0.7687103094593131,0.5206336266345011,0.2560058294695276,0.6045454545454545
A1b,Abilene.gml,500,0,21,19,0.8099549862917979,0.48395095383678055,0.2560773995302281,0.5909090909090909
A1b,Abilene.gml,500,0,21,20,0.8181236060251771,0.5223666970368882,0.25630651021060924,0.62
A1b,Abilene.gml,500,0,21,21,0.7769295219409155,0.4757510775548251,0.2565612286309434,0.5754545454545453
A1b,Abilene.gml,500,0,21,22,0.7850991509865815,0.5524041104030457,0.2567354866633974,0.6254545454545455
A1b,Abilene.gml,500,0,21,23,0.7680020428310144,0.46422359888546816,0.2568733593138148,0.5590909090909091
A1b,Abilene.gml,500,0,21,24,0.7686822257132523,0.5347145350931382,0.25702215647682214,0.6063636363636363
A1b,Abilene.gml,500,0,21,25,0.7577405124629494,0.4994908402381407,0.25688427278552994,0.5854545454545454
A1b,Abilene.gml,500,0,21,26,0.8016448140307812,0.5127568636900136,0.2571970791781992,0.6163636363636363
A1b,Abilene.gml,500,0,21,27,0.7769394884278625,0.4730344365947212,0.257535573998147,0.5763636363636363
A1b,Abilene.gml,500,0,21,28,0.7687317193926368,0.5505576309438822,0.2578028009614318,0.6254545454545454
A1b,Abilene.gml,500,0,21,29,0.810050682042614,0.5047036635499776,0.2580363461580642,0.6081818181818182
A1b,Abilene.gml,500,0,21,30,0.8099544360362331,0.4852735835105969,0.25820456158273325,0.5945454545454546
A1b,Abilene.gml,500,0,21,31,0.7933571187716789,0.47739226820432656,0.2586044250580939,0.5818181818181819
A1b,Abilene.gml,500,0,21,32,0.7849392919489057,0.4741885065539331,0.2588661833376822,0.5718181818181818
A1b,Abilene.gml,500,0,21,33,0.7770494777992742,0.5748460735781797,0.2591709848185188,0.6463636363636364
A1b,Abilene.gml,500,0,21,34,0.8181786188353658,0.5359716191105902,0.25946905719557584,0.6354545454545454
A1b,Abilene.gml,500,0,21,35,0.8016464664672065,0.5090914164594532,0.2599301891948482,0.6136363636363635
A1b,Abilene.gml,500,0,21,36,0.7603642187293304,0.462593547190313,0.2604172680998401,0.5590909090909091
A1b,Abilene.gml,500,0,21,37,0.8024857925737998,0.567218193085291,0.2607525241322491,0.6418181818181817
A1b,Abilene.gml,500,0,21,38,0.8175257754422925,0.510910488592263,0.26058932378489913,0.6136363636363636
A1b,Abilene.gml,500,0,21,39,0.7925739311054568,0.561062600007959,0.2608398724056392,0.6472727272727273
A1b,Abilene.gml,500,0,21,40,0.7278677677304245,0.5298433220501949,0.26111647995875786,0.5945454545454546
A1b,Abilene.gml,500,0,21,41,0.7769191533991805,0.5616040338650313,0.26067758278351005,0.6445454545454546
A1b,Abilene.gml,500,0,21,42,0.7768711756188057,0.46756332764527125,0.2612082929815002,0.5681818181818182
A1b,Abilene.gml,500,0,21,43,0.8016380862904934,0.5097603606610099,0.2611839459507043,0.6127272727272728
A1b,Abilene.gml,500,0,21,44,0.7771425957555905,0.47040826285706494,0.261748292258346,0.5736363636363636
A1b,Abilene.gml,500,0,21,45,0.8016939243475634,0.5060894816596071,0.2617702258190171,0.6099999999999999
A1b,Abilene.gml,500,0,21,46,0.8263773491491802,0.5355282593261015,0.2623681893704724,0.629090909090909
A1b,Abilene.gml,500,0,21,47,0.8016109736885604,0.5086487581693537,0.2622485187844259,0.6145454545454545
A1b,Abilene.gml,500,0,21,48,0.7520365157505388,0.4608567325122026,0.26287228539562757,0.5554545454545454
A1b,Abilene.gml,500,0,21,49,0.7602959711691427,0.4846483567178325,0.26332334842010147,0.5754545454545454
A1b,Abilene.gml,500,0,22,0,0.7763701339463543,0.4244035734850866,0.26073963748610524,0.530909090909091
A1b,Abilene.gml,500,0,22,1,0.8015722752462779,0.5001436381016698,0.26061979709040056,0.5936363636363636
A1b,Abilene.gml,500,0,22,2,0.8098830045522873,0.5437352170035397,0.26056374476374616,0.6281818181818181
A1b,Abilene.gml,500,0,22,3,0.7850381909209684,0.4774727544589393,0.26053375441680093,0.5718181818181818
A1b,Abilene.gml,500,0,22,4,0.793402896383025,0.508060513546141,0.2604336931705484,0.600909090909091
A1b,Abilene.gml,500,0,22,5,0.7191013290387096,0.5057346250188971,0.2604458163451323,0.5772727272727272
A1b,Abilene.gml,500,0,22,6,0.7768777727739548,0.4991827042064557,0.2603651282758055,0.5854545454545454
A1b,Abilene.gml,500,0,22,7,0.7850906773881324,0.45954188082043984,0.2603170667192386,0.5590909090909091
A1b,Abilene.gml,500,0,22,8,0.7751189914473667,0.519830517567333,0.26019029816184513,0.6045454545454546
A1b,Abilene.gml,500,0,22,9,0.8016308803995862,0.5127848281578895,0.26008956131112354,0.609090909090909
A1b,Abilene.gml,500,0,22,10,0.7851348860886219,0.5147781719434624,0.2601670764669089,0.6036363636363636
A1b,Abilene.gml,500,0,22,11,0.8181717942768649,0.478981748109471,0.2601880312829652,0.5872727272727273
A1b,Abilene.gml,500,0,22,12,0.801606740652559,0.4567892895906096,0.26012632380074,0.5681818181818182
A1b,Abilene.gml,500,0,22,13,0.8017377062108646,0.5086996209028758,0.2602542360546021,0.6027272727272728
A1b,Abilene.gml,500,0,22,14,0.8017185601091057,0.5922082104539413,0.2602357776266623,0.6645454545454546
A1b,Abilene.gml,500,0,22,15,0.801576061504986,0.5010061443893604,0.26026070320711875,0.5990909090909091
A1b,Abilene.gml,500,0,22,16,0.8099057089650458,0.5313345467361296,0.26043969889804086,0.6272727272727273
A1b,Abilene.gml,500,0,22,17,0.8016163665555769,0.47564423628481245,0.26064472065928357,0.58
A1b,Abilene.gml,500,0,22,18,0.8128582683518865,0.5099364698101714,0.2606643803525971,0.6081818181818182
A1b,Abilene.gml,500,0,22,19,0.793386642619446,0.4871437327087176,0.26073316311673145,0.5918181818181818
A1b,Abilene.gml,500,0,22,20,0.7438123522518626,0.4868528315371731,0.26098992865791204,0.57
A1b,Abilene.gml,500,0,22,21,0.7521621920247784,0.4666035117486455,0.26106111445093316,0.5581818181818181
A1b,Abilene.gml,500,0,22,22,0.7934300211402481,0.530036278543151,0.26085676368846095,0.6136363636363636
A1b,Abilene.gml,500,0,22,23,0.8016369648033542,0.5037172187401754,0.2607751371893594,0.6072727272727274
A1b,Abilene.gml,500,0,22,24,0.8016356252710896,0.5023184882185988,0.26106333142274224,0.6090909090909092
A1b,Abilene.gml,500,0,22,25,0.7932964801455064,0.47605880449617766,0.2613776031698439,0.5818181818181819
A1b,Abilene.gml,500,0,22,26,0.7933490541519614,0.4688655157839417,0.26152407256079474,0.5781818181818181
A1b,Abilene.gml,500,0,22,27,0.7680561598428625,0.557373031428491,0.2616966797120624,0.6327272727272728
A1b,Abilene.gml,500,0,22,28,0.7769130725542213,0.4636175283493482,0.2618954392705862,0.5690909090909091
A1b,Abilene.gml,500,0,22,29,0.7356859317891188,0.4653966914663148,0.262173767632535,0.5509090909090909
A1b,Abilene.gml,500,0,22,30,0.7523641425728496,0.5086131830205919,0.26203244119475766,0.5936363636363636
A1b,Abilene.gml,500,0,22,31,0.7851617519392629,0.49903889839873194,0.26229655641402166,0.5981818181818181
A1b,Abilene.gml,500,0,22,32,0.7935918282302172,0.4548432234400847,0.2626865635921901,0.5672727272727273
A1b,Abilene.gml,500,0,22,33,0.7438483175435722,0.606616638572869,0.26302423875848374,0.6609090909090909
A1b,Abilene.gml,500,0,22,34,0.7851686190110289,0.48091089268438575,0.2632916895650846,0.5872727272727273
A1b,Abilene.gml,500,0,22,35,0.7686091187095923,0.4732093634987058,0.26361206147480876,0.5718181818181818
A1b,Abilene.gml,500,0,22,36,0.7686010104393429,0.4517010320843767,0.26395876255348943,0.5609090909090909
A1b,Abilene.gml,500,0,22,37,0.7685792844430595,0.4489642482081466,0.2643318248383176,0.5527272727272728
A1b,Abilene.gml,500,0,22,38,0.7685748344101444,0.44837382863007136,0.264731282999401,0.5518181818181819
A1b,Abilene.gml,500,0,22,39,0.7602947106722858,0.45472423604584306,0.26515717434296837,0.5527272727272727
A1b,Abilene.gml,500,0,22,40,0.768807286122917,0.5277995304397929,0.26514035846049633,0.6145454545454545
A1b,Abilene.gml,500,0,22,41,0.7603423469969922,0.4571533062181415,0.2654834124212982,0.5581818181818182
A1b,Abilene.gml,500,0,22,42,0.7615409262282778,0.48316877581564055,0.26596927570282936,0.5809090909090909
A1b,Abilene.gml,500,0,22,43,0.7608697655246339,0.48320159009262204,0.2664690221593053,0.5809090909090909
A1b,Abilene.gml,500,0,22,44,0.7770243716736893,0.49518199686366837,0.2669953655433516,0.5881818181818181
A1b,Abilene.gml,500,0,22,45,0.8428923375728061,0.5625912653245546,0.26746043402932496,0.6527272727272728
A1b,Abilene.gml,500,0,22,46,0.7930668424563145,0.5204447236170803,0.26780072917951014,0.6163636363636363
A1b,Abilene.gml,500,0,22,47,0.7686147256369988,0.5454387105338323,0.268011128646147,0.6245454545454546
A1b,Abilene.gml,500,0,22,48,0.7935889666703558,0.5225547541744341,0.2682441459415241,0.6181818181818183
A1b,Abilene.gml,500,0,22,49,0.8099017778714841,0.46657081614312756,0.2688251227613114,0.5781818181818181
A1b,Abilene.gml,500,0,23,0,0.7768837640343572,0.5063429902024355,0.2585597558779108,0.5890909090909091
A1b,Abilene.gml,500,0,23,1,0.7685729340637817,0.49871551347096743,0.25841087215988645,0.5809090909090909
A1b,Abilene.gml,500,0,23,2,0.7684973129150202,0.560712299230252,0.2581947584761815,0.6281818181818182
A1b,Abilene.gml,500,0,23,3,0.760263803130139,0.49752203506653153,0.25800448587969266,0.5772727272727273
A1b,Abilene.gml,500,0,23,4,0.8181928002442443,0.505007598514111,0.2578313988092499,0.6027272727272727
A1b,Abilene.gml,500,0,23,5,0.8013603232020144,0.4560496963390826,0.25768378086939264,0.5645454545454546
A1b,Abilene.gml,500,0,23,6,0.8096830616308286,0.46772449228736407,0.25760438282646975,0.5727272727272728
A1b,Abilene.gml,500,0,23,7,0.7933973748493858,0.516556146634399,0.2575507531616336,0.6036363636363636
A1b,Abilene.gml,500,0,23,8,0.8181925390204685,0.518648492513737,0.257445049473,0.6145454545454545
A1b,Abilene.gml,500,0,23,9,0.7931757365592543,0.47056592097785294,0.25742545533244776,0.5754545454545456
A1b,Abilene.gml,500,0,23,10,0.7520669751999493,0.44192813496841,0.2573556035887363,0.5418181818181819
A1b,Abilene.gml,500,0,23,11,0.7769317317796823,0.5903318768353955,0.2573452172727714,0.6554545454545454
A1b,Abilene.gml,500,0,23,12,0.8181765188150304,0.4880930143078805,0.2573682454428903,0.5954545454545456
A1b,Abilene.gml,500,0,23,13,0.785702424180164,0.42863937039251554,0.2574698818454426,0.5427272727272728
A1b,Abilene.gml,500,0,23,14,0.7769129725214651,0.5063890012530495,0.2575213126462428,0.5936363636363636
A1b,Abilene.gml,500,0,23,15,0.8340670450848952,0.48289727195444454,0.25759484347473577,0.5945454545454546
A1b,Abilene.gml,500,0,23,16,0.7933375760977351,0.4720419244243312,0.25769412643449335,0.5718181818181818
A1b,Abilene.gml,500,0,23,17,0.7772655413447566,0.5176745592681747,0.25771838682554593,0.6054545454545455
A1b,Abilene.gml,500,0,23,18,0.7851801991136592,0.5475165452276513,0.257852311450629,0.63
A1b,Abilene.gml,500,0,23,19,0.7518794926204438,0.4896906636018334,0.25791876751603676,0.5763636363636363
A1b,Abilene.gml,500,0,23,20,0.752141017631141,0.5410953895173036,0.25796089121730215,0.6172727272727273
A1b,Abilene.gml,500,0,23,21,0.7686596324063523,0.5151618387856289,0.25817185206644216,0.6009090909090908
A1b,Abilene.gml,500,0,23,22,0.8181354283225118,0.51105502441856,0.2582772199412153,0.6100000000000001
A1b,Abilene.gml,500,0,23,23,0.8100429590862017,0.5203989375681921,0.2584490620506454,0.6118181818181818
A1b,Abilene.gml,500,0,23,24,0.7851699828725109,0.6004709502498543,0.2585868692204399,0.67
A1b,Abilene.gml,500,0,23,25,0.8096452690439025,0.5119913996107051,0.2588084627850991,0.6118181818181818
A1b,Abilene.gml,500,0,23,26,0.7686539760429816,0.48446339495804236,0.2590562298648281,0.5772727272727273
A1b,Abilene.gml,500,0,23,27,0.7355637027292247,0.499561376228103,0.25925779929922704,0.5763636363636363
A1b,Abilene.gml,500,0,23,28,0.7851940925078448,0.5766014094655251,0.2592979100118428,0.6481818181818181
A1b,Abilene.gml,500,0,23,29,0.7933813903460764,0.5085643470020715,0.25952313530727356,0.6063636363636363
A1b,Abilene.gml,500,0,23,30,0.8016718917860781,0.5162688272288934,0.2596783356037089,0.6054545454545454
A1b,Abilene.gml,500,0,23,31,0.7854824807881143,0.4919508001217477,0.25994756446952355,0.5890909090909091
A1b,Abilene.gml,500,0,23,32,0.7435486511291177,0.5272809382020314,0.26024276116889866,0.6027272727272727
A1b,Abilene.gml,500,0,23,33,0.7851403641051139,0.570734512765775,0.26051608935449244,0.6554545454545454
A1b,Abilene.gml,500,0,23,34,0.8181339264551021,0.5218815470164047,0.26087848875243175,0.6245454545454545
A1b,Abilene.gml,500,0,23,35,0.7521010521649739,0.5361156951929904,0.2612692795112467,0.6090909090909091
A1b,Abilene.gml,500,0,23,36,0.7357402559168513,0.5502480328871223,0.2613800221190506,0.6172727272727273
A1b,Abilene.gml,500,0,23,37,0.8099551744282177,0.5299943337429185,0.2618049141857439,0.6218181818181817
A1b,Abilene.gml,500,0,23,38,0.8182519391618572,0.5102561592310284,0.2621858024515145,0.618181818181818
A1b,Abilene.gml,500,0,23,39,0.7769527286771784,0.49681638137821094,0.2625636588627767,0.5863636363636363
A1b,Abilene.gml,500,0,23,40,0.8099365280954423,0.5310855010736814,0.26249419784383154,0.6236363636363635
A1b,Abilene.gml,500,0,23,41,0.7933984911790279,0.4924314434683188,0.2629181891466213,0.5909090909090909
A1b,Abilene.gml,500,0,23,42,0.752233368267357,0.5541044098514342,0.2633720110968307,0.6145454545454546
A1b,Abilene.gml,500,0,23,43,0.7274533631101896,0.5507427383566665,0.26294513805321457,0.6181818181818182
A1b,Abilene.gml,500,0,23,44,0.7852571035355794,0.4510125041796616,0.263405014089423,0.5618181818181819
A1b,Abilene.gml,500,0,23,45,0.8014373401290752,0.48376160943900925,0.26395486694860054,0.5854545454545454
A1b,Abilene.gml,500,0,23,46,0.793432706310394,0.5568104896499916,0.2638830641248337,0.6327272727272729
A1b,Abilene.gml,500,0,23,47,0.7521716200411127,0.5114577172898616,0.26390412244714423,0.5872727272727273
A1b,Abilene.gml,500,0,23,48,0.7659724441056721,0.524726318174613,0.26388719437351543,0.61
A1b,Abilene.gml,500,0,23,49,0.7850925740208872,0.5008909554406236,0.26445255241623894,0.5954545454545456
A1b,Abilene.gml,500,0,24,0,0.7768143456798389,0.5012065032163733,0.258031181813009,0.5863636363636363
A1b,Abilene.gml,500,0,24,1,0.8016982922556907,0.5408102759329143,0.2578942623048117,0.62
A1b,Abilene.gml,500,0,24,2,0.7438282118485346,0.5010626431427426,0.25778314591479573,0.5754545454545454
A1b,Abilene.gml,500,0,24,3,0.7273128325781563,0.5329373541247932,0.25758558918298424,0.5972727272727272
A1b,Abilene.gml,500,0,24,4,0.7685397428169807,0.4857784750386669,0.2575166800240036,0.5736363636363636
A1b,Abilene.gml,500,0,24,5,0.7603367641871149,0.4772624535083418,0.25747352942394136,0.5663636363636364
A1b,Abilene.gml,500,0,24,6,0.7934172128884819,0.5084294672860026,0.25733701475476645,0.6018181818181817
A1b,Abilene.gml,500,0,24,7,0.7768302180875044,0.5249832704772873,0.25740600951099785,0.6072727272727273
A1b,Abilene.gml,500,0,24,8,0.7851036383579838,0.5547167546864983,0.2572914327338433,0.6263636363636365
A1b,Abilene.gml,500,0,24,9,0.8181771322470499,0.483559412669797,0.25726461563341385,0.5909090909090908
A1b,Abilene.gml,500,0,24,10,0.785227684467559,0.46178622920494355,0.25719589663767256,0.5636363636363636
A1b,Abilene.gml,500,0,24,11,0.7850943102139186,0.46324253677369837,0.2571529041034947,0.5627272727272726
A1b,Abilene.gml,500,0,24,12,0.7603569695890979,0.47927567242768565,0.25711490757015476,0.5727272727272728
A1b,Abilene.gml,500,0,24,13,0.7851557108349642,0.47928012137391734,0.2571139995497721,0.580909090909091
A1b,Abilene.gml,500,0,24,14,0.7686046726966254,0.5212636992081636,0.25713880302014636,0.6054545454545455
A1b,Abilene.gml,500,0,24,15,0.7851579202434938,0.47938035954139874,0.2572937308210122,0.5809090909090908
A1b,Abilene.gml,500,0,24,16,0.7604152620411445,0.4916266408621425,0.2573519619313121,0.58
A1b,Abilene.gml,500,0,24,17,0.8236553037569454,0.4860496044993734,0.2574058544740798,0.5945454545454546
A1b,Abilene.gml,500,0,24,18,0.7934810920038653,0.554353648218061,0.25750899769808366,0.6345454545454545
A1b,Abilene.gml,500,0,24,19,0.809693700033947,0.5175489036822658,0.2576181271048571,0.6136363636363636
A1b,Abilene.gml,500,0,24,20,0.7933757061137722,0.5111283345064535,0.25775580524426145,0.6090909090909092
A1b,Abilene.gml,500,0,24,21,0.7686991749930808,0.5157488731194384,0.25801435395407984,0.6018181818181817
A1b,Abilene.gml,500,0,24,22,0.8100014436987265,0.5775514408245758,0.2580553592371629,0.6472727272727272
A1b,Abilene.gml,500,0,24,23,0.8266460336544945,0.5144327611195135,0.2581501631972052,0.619090909090909
A1b,Abilene.gml,500,0,24,24,0.7769278939620533,0.47232070396818704,0.25834901953135153,0.5736363636363636
A1b,Abilene.gml,500,0,24,25,0.7686483775420204,0.46398300437419465,0.2585532583463428,0.5654545454545455
A1b,Abilene.gml,500,0,24,26,0.7851354793957377,0.42302461710941247,0.25886988881212875,0.5363636363636364
A1b,Abilene.gml,500,0,24,27,0.8114230943604835,0.5342131061405099,0.2591208188931752,0.6236363636363635
A1b,Abilene.gml,500,0,24,28,0.7601644464719073,0.5403652795667803,0.25925791699654843,0.62
A1b,Abilene.gml,500,0,24,29,0.7273646320288691,0.5256033850591716,0.2595145749156942,0.5981818181818181
A1b,Abilene.gml,500,0,24,30,0.7435521302150847,0.5595973411491811,0.2598854188328504,0.63
A1b,Abilene.gml,500,0,24,31,0.7687065947686299,0.5610760373710348,0.2601767132673687,0.6318181818181818
A1b,Abilene.gml,500,0,24,32,0.7436563404067384,0.6056595477464799,0.2604807962501423,0.6609090909090909
A1b,Abilene.gml,500,0,24,33,0.7551201856045456,0.47567247079979436,0.26081089690424264,0.5672727272727273
A1b,Abilene.gml,500,0,24,34,0.8100445322107209,0.522925647314439,0.26116606594233,0.6136363636363636
A1b,Abilene.gml,500,0,24,35,0.7685110045190143,0.5720021292258869,0.2614421459048619,0.6527272727272727
A1b,Abilene.gml,500,0,24,36,0.7356937995111007,0.5418117278895156,0.2618846410921233,0.6181818181818183
A1b,Abilene.gml,500,0,24,37,0.7934045443800958,0.47844242859819014,0.26235328049397527,0.5872727272727274
A1b,Abilene.gml,500,0,24,38,0.793308399270212,0.49407906394211865,0.2628481083599365,0.5954545454545456
A1b,Abilene.gml,500,0,24,39,0.7768867271836196,0.480884914229974,0.262952177577357,0.5836363636363636
A1b,Abilene.gml,500,0,24,40,0.7934788004630685,0.49118036514724484,0.263392668076018,0.5927272727272728
A1b,Abilene.gml,500,0,24,41,0.8091221716963335,0.4882544286104149,0.2638589130044291,0.5945454545454546
A1b,Abilene.gml,500,0,24,42,0.803593983388411,0.508918407327211,0.26417933565176516,0.6027272727272727
A1b,Abilene.gml,500,0,24,43,0.785130169432674,0.48206196481011004,0.26462208528471404,0.5872727272727273
A1b,Abilene.gml,500,0,24,44,0.8263826230849115,0.46646677625868804,0.26513557458512466,0.5827272727272726
A1b,Abilene.gml,500,0,24,45,0.7851653400731388,0.4956767973471392,0.26551321965364444,0.5972727272727272
A1b,Abilene.gml,500,0,24,46,0.7354544194318945,0.4708399321634069,0.26611913831400763,0.5672727272727273
A1b,Abilene.gml,500,0,24,47,0.7223050253202735,0.5399161826920006,0.26646505578129775,0.6154545454545454
A1b,Abilene.gml,500,0,24,48,0.7934048460564251,0.4736475473465884,0.26711241476590397,0.5836363636363636
A1b,Abilene.gml,500,0,24,49,0.7933515785457669,0.5492527748423505,0.26724619611505473,0.62
A1b,Abilene.gml,500,0,25,0,0.7603155657429653,0.4343371306348434,0.25765775816286524,0.5363636363636364
A1b,Abilene.gml,500,0,25,1,0.7686066751736488,0.45421818854555807,0.25742752388749357,0.5490909090909091
A1b,Abilene.gml,500,0,25,2,0.7687924941141301,0.5560975888775114,0.2572230553879382,0.6245454545454546
A1b,Abilene.gml,500,0,25,3,0.8181777199065482,0.4792453713897222,0.25712159494734943,0.5845454545454545
A1b,Abilene.gml,500,0,25,4,0.7852744940289491,0.5197436193765881,0.257045120653053,0.6045454545454546
A1b,Abilene.gml,500,0,25,5,0.7438768958331942,0.4869201107521209,0.2569861426541357,0.5690909090909092
A1b,Abilene.gml,500,0,25,6,0.8263909904985529,0.486427293851143,0.25695213308165327,0.5936363636363636
A1b,Abilene.gml,500,0,25,7,0.7686504252538241,0.532676686511001,0.25681752786253137,0.6118181818181818
A1b,Abilene.gml,500,0,25,8,0.7850446684101503,0.5161237122373583,0.2567624409462664,0.6
A1b,Abilene.gml,500,0,25,9,0.8016481145767803,0.48375746760000576,0.2566619243217754,0.5827272727272728
A1b,Abilene.gml,500,0,25,10,0.8016453341800708,0.5199142354855446,0.2566796759773139,0.6136363636363636
A1b,Abilene.gml,500,0,25,11,0.8180474680142086,0.5180918605660355,0.2567548911638713,0.6136363636363636
A1b,Abilene.gml,500,0,25,12,0.8265657935033919,0.5294680007450828,0.2567067839583783,0.6281818181818182
A1b,Abilene.gml,500,0,25,13,0.7768491375306716,0.6446021373523108,0.2567545259454793,0.6909090909090909
A1b,Abilene.gml,500,0,25,14,0.7933463168464306,0.5710592487262781,0.2567975505704515,0.6436363636363636
A1b,Abilene.gml,500,0,25,15,0.7850807021235144,0.5119987372352575,0.2568392145226687,0.6018181818181817
A1b,Abilene.gml,500,0,25,16,0.8099459524053426,0.4935799168364225,0.2567809132777916,0.5990909090909091
A1b,Abilene.gml,500,0,25,17,0.7436001843183345,0.46822403480863256,0.2569407226137969,0.5536363636363636
A1b,Abilene.gml,500,0,25,18,0.8181915869628752,0.5084014465161676,0.2569630580714202,0.6145454545454545
A1b,Abilene.gml,500,0,25,19,0.7603477881296534,0.5155209755194557,0.25715740668343146,0.5963636363636363
A1b,Abilene.gml,500,0,25,20,0.7519228759117689,0.476621046854323,0.2572697046451492,0.5627272727272726
A1b,Abilene.gml,500,0,25,21,0.7932554841155869,0.5242884057554072,0.2571011162700835,0.6127272727272726
A1b,Abilene.gml,500,0,25,22,0.8019746509088189,0.5371743145825125,0.2572466166236568,0.6263636363636363
A1b,Abilene.gml,500,0,25,23,0.768663673871222,0.5637312115332109,0.25735582166332915,0.6327272727272727
A1b,Abilene.gml,500,0,25,24,0.7603391394274315,0.48982834559191146,0.25758094414103366,0.5827272727272728
A1b,Abilene.gml,500,0,25,25,0.8016495802900458,0.5103528789794695,0.25768723950923617,0.6100000000000001
A1b,Abilene.gml,500,0,25,26,0.7771491906207392,0.5651933227774087,0.25796623520892603,0.6463636363636364
A1b,Abilene.gml,500,0,25,27,0.776931743124026,0.5218116374924034,0.258270999632567,0.6127272727272728
A1b,Abilene.gml,500,0,25,28,0.7768904261665166,0.5307991105123816,0.25840156831791017,0.6054545454545454
A1b,Abilene.gml,500,0,25,29,0.776483245807984,0.5193774802170517,0.2580281115330952,0.6072727272727273
A1b,Abilene.gml,500,0,25,30,0.8099477990714358,0.48144332518128385,0.25822383617885497,0.5918181818181818
A1b,Abilene.gml,500,0,25,31,0.7850859148168731,0.47141508491459444,0.25856220161317683,0.5727272727272728
A1b,Abilene.gml,500,0,25,32,0.8033538021914292,0.4634539092402642,0.2588472945409366,0.5754545454545454
A1b,Abilene.gml,500,0,25,33,0.7521063828199707,0.5826846856646832,0.2591152137921091,0.6381818181818182
A1b,Abilene.gml,500,0,25,34,0.7853056552493002,0.48616784416205117,0.25913372030384196,0.5854545454545454
A1b,Abilene.gml,500,0,25,35,0.793374383012681,0.5069331823893387,0.25941658144308166,0.6090909090909091
A1b,Abilene.gml,500,0,25,36,0.7440666507268119,0.541012687949388,0.2598172876616385,0.6154545454545455
A1b,Abilene.gml,500,0,25,37,0.8018119958091298,0.49183505828819113,0.2601357269171978,0.5963636363636363
A1b,Abilene.gml,500,0,25,38,0.8016919624154318,0.5663786062690724,0.2605720704156391,0.6454545454545455
A1b,Abilene.gml,500,0,25,39,0.8265090956910104,0.4943983235640344,0.26093688631320383,0.5990909090909091
A1b,Abilene.gml,500,0,25,40,0.7359138338110085,0.5402091157591985,0.2612946851864551,0.6163636363636364
A1b,Abilene.gml,500,0,25,41,0.7686372058967169,0.5257000660520542,0.2617855219128673,0.6181818181818182
A1b,Abilene.gml,500,0,25,42,0.7686050604054696,0.46164909977853186,0.2623024881077982,0.5627272727272727
A1b,Abilene.gml,500,0,25,43,0.7602300472687488,0.5169000304137126,0.26270695138257943,0.6063636363636363
A1b,Abilene.gml,500,0,25,44,0.7769279130186688,0.4769843399735169,0.26313764490617153,0.5681818181818182
A1b,Abilene.gml,500,0,25,45,0.7767854184287318,0.508750576774919,0.262772157644759,0.6
A1b,Abilene.gml,500,0,25,46,0.7533291299142122,0.506235753134458,0.2627378331755526,0.588181818181818
A1b,Abilene.gml,500,0,25,47,0.7688550638046749,0.5034675827247158,0.26273750708378274,0.5936363636363636
A1b,Abilene.gml,500,0,25,48,0.7770510186982694,0.5714656669706191,0.26320458163188615,0.6436363636363636
A1b,Abilene.gml,500,0,25,49,0.7603782060481904,0.5196118038974545,0.2636326969976784,0.5972727272727273
A1b,Abilene.gml,500,0,26,0,0.6861798634604512,0.44091012802553153,0.25732729584154834,0.5163636363636364
A1b,Abilene.gml,500,0,26,1,0.8182592190545883,0.4792140003344178,0.25709719784095203,0.5836363636363637
A1b,Abilene.gml,500,0,26,2,0.7521086300346623,0.5159231766601527,0.2569591034107421,0.5927272727272727
A1b,Abilene.gml,500,0,26,3,0.8016330324346139,0.5552030754441707,0.2568405274800382,0.6327272727272728
A1b,Abilene.gml,500,0,26,4,0.7934742990524456,0.511003498400381,0.2567452739411895,0.5954545454545456
A1b,Abilene.gml,500,0,26,5,0.7869001075041205,0.5676744332958182,0.25656629552470317,0.6390909090909092
A1b,Abilene.gml,500,0,26,6,0.7668581110157766,0.5580596904884324,0.25642241642215385,0.6227272727272727
A1b,Abilene.gml,500,0,26,7,0.7934498162455693,0.5303986025498084,0.256347574559125,0.6154545454545454
A1b,Abilene.gml,500,0,26,8,0.7850967022624086,0.46933586647173126,0.25630274713435475,0.5663636363636363
A1b,Abilene.gml,500,0,26,9,0.7768698011006361,0.5252235237206729,0.2562015537819404,0.6027272727272727
A1b,Abilene.gml,500,0,26,10,0.7355538873650904,0.5461840145623826,0.2561259907042396,0.6136363636363638
A1b,Abilene.gml,500,0,26,11,0.8181087678388071,0.5236196377904901,0.25619872662297144,0.6172727272727273
A1b,Abilene.gml,500,0,26,12,0.7769330914099108,0.488203395067629,0.2560965028194367,0.5809090909090909
A1b,Abilene.gml,500,0,26,13,0.7435372083546131,0.5487275795637842,0.2561203096492219,0.6136363636363636
A1b,Abilene.gml,500,0,26,14,0.8181857494679889,0.5422364112017328,0.25614895408174704,0.6345454545454544
A1b,Abilene.gml,500,0,26,15,0.7933221823159148,0.47339194236219573,0.2562797523558456,0.5736363636363635
A1b,Abilene.gml,500,0,26,16,0.7190855765655302,0.49294400708753366,0.256230565248065,0.5681818181818182
A1b,Abilene.gml,500,0,26,17,0.7603939283741227,0.5426535201903504,0.2562983056304477,0.6172727272727273
A1b,Abilene.gml,500,0,26,18,0.7933473768350878,0.523704949753208,0.2563906986344837,0.6054545454545455
A1b,Abilene.gml,500,0,26,19,0.7769057820128796,0.4840862681727559,0.25644480675262593,0.5818181818181819
A1b,Abilene.gml,500,0,26,20,0.7770077140741772,0.46671145561441985,0.25664283525307086,0.569090909090909
A1b,Abilene.gml,500,0,26,21,0.7973865941944477,0.52540022395449,0.25675813519310836,0.6172727272727273
A1b,Abilene.gml,500,0,26,22,0.8181907704967493,0.5086697045924815,0.256910866741795,0.6163636363636363
A1b,Abilene.gml,500,0,26,23,0.7763729805922267,0.47303749063569445,0.25716019668610457,0.5754545454545454
A1b,Abilene.gml,500,0,26,24,0.768640650692963,0.4824347884304263,0.2574350232591775,0.5754545454545454
A1b,Abilene.gml,500,0,26,25,0.7608272684393881,0.5259391855184679,0.2576175534442138,0.6127272727272727
A1b,Abilene.gml,500,0,26,26,0.7603370886839174,0.5235258824934762,0.2577849983723225,0.6036363636363636
A1b,Abilene.gml,500,0,26,27,0.802717908322893,0.5416130194639878,0.257782517588119,0.6345454545454545
A1b,Abilene.gml,500,0,26,28,0.826359478573626,0.5196279249720409,0.25809895473036093,0.620909090909091
A1b,Abilene.gml,500,0,26,29,0.7853932888851577,0.5664916382825594,0.25832832208159523,0.6400000000000001
A1b,Abilene.gml,500,0,26,30,0.8099139999026665,0.5034688771762349,0.2585606211834211,0.61
A1b,Abilene.gml,500,0,26,31,0.7934010933008284,0.48489315858687915,0.2589296013991359,0.5909090909090909
A1b,Abilene.gml,500,0,26,32,0.793400702893587,0.5166032694325421,0.2593244376769691,0.609090909090909
A1b,Abilene.gml,500,0,26,33,0.7684805197953701,0.5395458182879249,0.25962581121019396,0.6109090909090908
A1b,Abilene.gml,500,0,26,34,0.752160763447216,0.4809245946595423,0.2594840571319512,0.5681818181818182
A1b,Abilene.gml,500,0,26,35,0.7933873839066737,0.5374780752815324,0.2593616409250485,0.6154545454545454
A1b,Abilene.gml,500,0,26,36,0.8099473934467568,0.4804625693099618,0.25898640826097225,0.5927272727272727
A1b,Abilene.gml,500,0,26,37,0.7765281643291754,0.5289929224708604,0.25941009815259863,0.6200000000000001
A1b,Abilene.gml,500,0,26,38,0.8017401242421323,0.5177661457110415,0.2597266553347406,0.610909090909091
A1b,Abilene.gml,500,0,26,39,0.7605430431118233,0.5384645688944004,0.2599770663436134,0.6081818181818183
A1b,Abilene.gml,500,0,26,40,0.7687041771705907,0.48454170203966734,0.2598640997618802,0.5827272727272726
A1b,Abilene.gml,500,0,26,41,0.7357362746693991,0.48507015154732136,0.26024391719638706,0.5654545454545454
A1b,Abilene.gml,500,0,26,42,0.801808978803652,0.4926554840942136,0.26030864036712864,0.5972727272727272
A1b,Abilene.gml,500,0,26,43,0.7356309552753512,0.4854160385130168,0.2608018853411654,0.5745454545454546
A1b,Abilene.gml,500,0,26,44,0.7769759104439973,0.4675824134817489,0.26124348149727766,0.57
A1b,Abilene.gml,500,0,26,45,0.7603866252412133,0.5485354123112,0.2616942013583357,0.6345454545454545
A1b,Abilene.gml,500,0,26,46,0.7849950520497454,0.49373924803663044,0.2622505813017476,0.5936363636363636
A1b,Abilene.gml,500,0,26,47,0.727321301523668,0.5076466308440247,0.2623184402227154,0.5827272727272728
A1b,Abilene.gml,500,0,26,48,0.7028220800378886,0.5372239602226591,0.2627577528657117,0.5972727272727273
A1b,Abilene.gml,500,0,26,49,0.8181372155287066,0.5009151962198731,0.26286854998337095,0.6036363636363636
A1b,Abilene.gml,500,0,27,0,0.7358454747219625,0.3998277193827557,0.25896793610583807,0.5018181818181818
A1b,Abilene.gml,500,0,27,1,0.8110247675758294,0.47306687881081594,0.258751552749883,0.5781818181818181
A1b,Abilene.gml,500,0,27,2,0.8182008341881442,0.5491311866910442,0.2586097110769311,0.6363636363636364
A1b,Abilene.gml,500,0,27,3,0.8098870404855483,0.5178775417013166,0.25855736120291134,0.6118181818181818
A1b,Abilene.gml,500,0,27,4,0.7851437949855096,0.5301694858900988,0.2585308722999994,0.6081818181818183
A1b,Abilene.gml,500,0,27,5,0.7934340186112478,0.5712838843374279,0.2583403609305925,0.6418181818181818
A1b,Abilene.gml,500,0,27,6,0.8261591847632999,0.48175401769230586,0.25824760400852775,0.59
A1b,Abilene.gml,500,0,27,7,0.8347412236824795,0.5468320388955223,0.2581015188592135,0.640909090909091
A1b,Abilene.gml,500,0,27,8,0.8181879452663665,0.5426963000861107,0.2580581991718548,0.6318181818181818
A1b,Abilene.gml,500,0,27,9,0.7771688193307574,0.5691390937412376,0.2581056623575299,0.6381818181818182
A1b,Abilene.gml,500,0,27,10,0.7770015608577006,0.5527569377210121,0.2580622780661426,0.630909090909091
A1b,Abilene.gml,500,0,27,11,0.8016607926752054,0.4940132341198604,0.2581426924758279,0.5918181818181818
A1b,Abilene.gml,500,0,27,12,0.7931333859222616,0.5062073729638852,0.2581658169135222,0.5981818181818181
A1b,Abilene.gml,500,0,27,13,0.8181258535843153,0.5393159744197916,0.25812445022517666,0.6272727272727273
A1b,Abilene.gml,500,0,27,14,0.7768839074511771,0.5200445442833413,0.25814422287288397,0.6063636363636363
A1b,Abilene.gml,500,0,27,15,0.7603378742613642,0.4570692582449873,0.2580929035658452,0.5545454545454546
A1b,Abilene.gml,500,0,27,16,0.7356866169843929,0.5526491443567351,0.2581323103974626,0.6163636363636364
A1b,Abilene.gml,500,0,27,17,0.777084550442225,0.47181304558870213,0.25812518561972264,0.5718181818181819
A1b,Abilene.gml,500,0,27,18,0.768713768161711,0.5199247742459696,0.25814452818297146,0.6027272727272727
A1b,Abilene.gml,500,0,27,19,0.7686745641199256,0.46425458909824385,0.25826283115763565,0.5636363636363636
A1b,Abilene.gml,500,0,27,20,0.8049689977851177,0.5180342028904266,0.2584400994665828,0.6136363636363636
A1b,Abilene.gml,500,0,27,21,0.7769153996325194,0.5224657868104718,0.2585820418807556,0.6118181818181817
A1b,Abilene.gml,500,0,27,22,0.7439105976801232,0.48589214129392455,0.25858999055387916,0.5718181818181818
A1b,Abilene.gml,500,0,27,23,0.776900656990384,0.4811507927205696,0.25868772248716543,0.58
A1b,Abilene.gml,500,0,27,24,0.777741767538063,0.5010491659301063,0.2588134523506526,0.5981818181818181
A1b,Abilene.gml,500,0,27,25,0.7521623571167472,0.5177084720354492,0.25907012443388755,0.6000000000000001
A1b,Abilene.gml,500,0,27,26,0.6861127171059374,0.5166761944293415,0.2592191137217466,0.5763636363636363
A1b,Abilene.gml,500,0,27,27,0.8015633212969017,0.4804317235476748,0.2591965049387286,0.5872727272727272
A1b,Abilene.gml,500,0,27,28,0.7934021422052066,0.4857964094430953,0.2593878201014214,0.5918181818181819
A1b,Abilene.gml,500,0,27,29,0.7931320008483144,0.5171909625034673,0.25968725072117593,0.6081818181818182
A1b,Abilene.gml,500,0,27,30,0.793009068369786,0.5086692634040728,0.2598673301224357,0.6054545454545456
A1b,Abilene.gml,500,0,27,31,0.7932469485122574,0.5062389258865916,0.2601353939251288,0.5990909090909091
A1b,Abilene.gml,500,0,27,32,0.7769458254485375,0.4684788451655081,0.26043774766557926,0.5718181818181818
A1b,Abilene.gml,500,0,27,33,0.7769409929654405,0.4681222280070827,0.2606955792317131,0.5718181818181818
A1b,Abilene.gml,500,0,27,34,0.7769373152717151,0.4677553532584399,0.26097945457261346,0.5718181818181818
A1b,Abilene.gml,500,0,27,35,0.7934370816561253,0.5486322540532327,0.261289399471437,0.63
A1b,Abilene.gml,500,0,27,36,0.8099748845524096,0.4704016560644384,0.26159910824813803,0.5827272727272728
A1b,Abilene.gml,500,0,27,37,0.7521471811678865,0.5967442445323706,0.26194538956584695,0.6554545454545454
A1b,Abilene.gml,500,0,27,38,0.801705773046211,0.5195252864937054,0.26187247573267936,0.6145454545454545
A1b,Abilene.gml,500,0,27,39,0.7273664250377336,0.5175053309468366,0.26225103238642206,0.5936363636363636
A1b,Abilene.gml,500,0,27,40,0.7275116960645515,0.538923510223839,0.26229987845095604,0.6127272727272728
A1b,Abilene.gml,500,0,27,41,0.776645542759702,0.4764961546015229,0.26277578447344196,0.5781818181818182
A1b,Abilene.gml,500,0,27,42,0.818187727643042,0.524038964610171,0.26283618624325483,0.6172727272727273
A1b,Abilene.gml,500,0,27,43,0.8099722786672436,0.517988601488219,0.2632549826259685,0.6172727272727272
A1b,Abilene.gml,500,0,27,44,0.7272417523581939,0.4609325750237481,0.26370006262730655,0.55
A1b,Abilene.gml,500,0,27,45,0.7768734839518334,0.5407183627793739,0.2641453410468294,0.6127272727272728
A1b,Abilene.gml,500,0,27,46,0.7691327323023256,0.4300010590813495,0.2637226476462292,0.5418181818181819
A1b,Abilene.gml,500,0,27,47,0.7850852995359698,0.5007004317095425,0.26419890543561614,0.5972727272727272
A1b,Abilene.gml,500,0,27,48,0.7521302678441409,0.45775046753026954,0.26470153548976755,0.5545454545454546
A1b,Abilene.gml,500,0,27,49,0.7603141563753245,0.5174694395446752,0.26523058543446254,0.6063636363636364
A1b,Abilene.gml,500,0,28,0,0.7768519964641833,0.4949422346994199,0.25866247422766,0.5809090909090909
A1b,Abilene.gml,500,0,28,1,0.743664482986716,0.6029272647863212,0.25842292524455995,0.6472727272727274
A1b,Abilene.gml,500,0,28,2,0.7686047945857829,0.4519397221540454,0.25828404153918577,0.5463636363636363
A1b,Abilene.gml,500,0,28,3,0.7851619200261125,0.4757827020216443,0.2580850134302724,0.5736363636363637
A1b,Abilene.gml,500,0,28,4,0.7768361529838889,0.4574748474503236,0.25789962710316844,0.5581818181818181
A1b,Abilene.gml,500,0,28,5,0.7355023741519581,0.4965703690939357,0.2577432619406274,0.5709090909090909
A1b,Abilene.gml,500,0,28,6,0.7934113825395189,0.5122366170241874,0.25761268674079657,0.6054545454545455
A1b,Abilene.gml,500,0,28,7,0.7521466345314394,0.5334769057974194,0.25763321061281624,0.6
A1b,Abilene.gml,500,0,28,8,0.8016180916479637,0.5858327316101757,0.25737614595880154,0.6545454545454545
A1b,Abilene.gml,500,0,28,9,0.7934051607125546,0.509230686149441,0.25729480706524094,0.6027272727272727
A1b,Abilene.gml,500,0,28,10,0.7933289631220205,0.5180732565330254,0.257346563314287,0.6118181818181818
A1b,Abilene.gml,500,0,28,11,0.7605852196541608,0.5230806842974361,0.2574240490440396,0.6027272727272728
A1b,Abilene.gml,500,0,28,12,0.7857291563484258,0.4686320384524199,0.25738401685846063,0.5663636363636363
A1b,Abilene.gml,500,0,28,13,0.8345064781867803,0.5347404222805833,0.2573485749592801,0.6345454545454545
A1b,Abilene.gml,500,0,28,14,0.8016398125431524,0.5152950489280934,0.2573572933008278,0.6136363636363636
A1b,Abilene.gml,500,0,28,15,0.7933767065660526,0.513620696417185,0.25750163534454534,0.610909090909091
A1b,Abilene.gml,500,0,28,16,0.7602392604828686,0.40988641187832653,0.25767171311759296,0.5263636363636363
A1b,Abilene.gml,500,0,28,17,0.7851956453887876,0.5321543514955102,0.25777122058383695,0.6218181818181818
A1b,Abilene.gml,500,0,28,18,0.7851639166021509,0.5196505446730796,0.2579830312287406,0.6081818181818183
A1b,Abilene.gml,500,0,28,19,0.7852087083741218,0.4790640441482817,0.25805018127675206,0.5809090909090908
A1b,Abilene.gml,500,0,28,20,0.8099211871192543,0.4858387632988476,0.2580498340533803,0.5909090909090909
A1b,Abilene.gml,500,0,28,21,0.8178946961935903,0.5056463460960772,0.25830348253891217,0.6063636363636363
A1b,Abilene.gml,500,0,28,22,0.7521001982451069,0.5136754121298011,0.2584799505875044,0.5945454545454546
A1b,Abilene.gml,500,0,28,23,0.8015662000162392,0.4912114944236976,0.25853065261211944,0.5909090909090909
A1b,Abilene.gml,500,0,28,24,0.8181718303527737,0.4867253958783616,0.2586837304851694,0.5963636363636364
A1b,Abilene.gml,500,0,28,25,0.7933308525305471,0.480694620389762,0.2588451476930205,0.5863636363636363
A1b,Abilene.gml,500,0,28,26,0.7768144672445451,0.49168030251949646,0.25899163401603115,0.5863636363636364
A1b,Abilene.gml,500,0,28,27,0.7688291722279389,0.5420345545073473,0.25916921240056207,0.62
A1b,Abilene.gml,500,0,28,28,0.8017281832375232,0.4872117127151181,0.25936277485730735,0.5918181818181818
A1b,Abilene.gml,500,0,28,29,0.7686139693231705,0.4611666796882842,0.25958225423529263,0.5636363636363636
A1b,Abilene.gml,500,0,28,30,0.7769397574911084,0.46837931038706454,0.2598103347651535,0.5672727272727273
A1b,Abilene.gml,500,0,28,31,0.7686223639417875,0.5042777402459385,0.26007439278368,0.5999999999999999
A1b,Abilene.gml,500,0,28,32,0.7932478968317337,0.48252131497810374,0.2603470984435854,0.5845454545454545
A1b,Abilene.gml,500,0,28,33,0.7521642575857714,0.537165242565221,0.2606558298040851,0.6172727272727273
A1b,Abilene.gml,500,0,28,34,0.76852008389015,0.557232740471549,0.26077373092352246,0.6363636363636364
A1b,Abilene.gml,500,0,28,35,0.7933504335078332,0.47180739717675757,0.2610905265164082,0.5790909090909091
A1b,Abilene.gml,500,0,28,36,0.7934140486817914,0.5609474207546454,0.2614333994823863,0.6427272727272727
A1b,Abilene.gml,500,0,28,37,0.7933675509201007,0.48611529250092467,0.26177251250220473,0.5818181818181819
A1b,Abilene.gml,500,0,28,38,0.7850873923942072,0.48652623216541574,0.2617470302038503,0.58
A1b,Abilene.gml,500,0,28,39,0.7355514495137284,0.4750842884843584,0.26172942105446856,0.560909090909091
A1b,Abilene.gml,500,0,28,40,0.7768558589491051,0.4993879338686915,0.2618034647537044,0.5845454545454546
A1b,Abilene.gml,500,0,28,41,0.7521734540323094,0.4798369194906036,0.2617411653369229,0.5754545454545454
A1b,Abilene.gml,500,0,28,42,0.7920862065944767,0.4838744197665337,0.2621836719005088,0.589090909090909
A1b,Abilene.gml,500,0,28,43,0.7850838406017854,0.47018613068632553,0.26260985015356325,0.5772727272727273
A1b,Abilene.gml,500,0,28,44,0.7355487788301759,0.5372917026764366,0.2630764036517401,0.6036363636363636
A1b,Abilene.gml,500,0,28,45,0.8182453638924297,0.5123734095081001,0.263065991635594,0.6127272727272728
A1b,Abilene.gml,500,0,28,46,0.7933995587315089,0.502472249076744,0.2634620893932798,0.6081818181818183
A1b,Abilene.gml,500,0,28,47,0.7851789567350758,0.5194529540335019,0.26398517218774153,0.6018181818181818
A1b,Abilene.gml,500,0,28,48,0.8017641654551866,0.5218670686611196,0.2636339563623793,0.609090909090909
A1b,Abilene.gml,500,0,28,49,0.8099711765587291,0.4721085261678086,0.26404093809945856,0.5836363636363636
A1b,Abilene.gml,500,0,29,0,0.6535963597605294,0.38174112732362653,0.25923992218276765,0.4645454545454546
A1b,Abilene.gml,500,0,29,1,0.7685238695440604,0.5782140337085402,0.2590033695030645,0.6390909090909092
A1b,Abilene.gml,500,0,29,2,0.8098654003824304,0.4754315929206811,0.2588837116054092,0.5772727272727274
A1b,Abilene.gml,500,0,29,3,0.8099565587101663,0.5373310021629828,0.2586809313003252,0.6245454545454546
A1b,Abilene.gml,500,0,29,4,0.809850406917247,0.6072727492818427,0.25867505612087954,0.6727272727272727
A1b,Abilene.gml,500,0,29,5,0.8181509568970672,0.5017743685433316,0.2585723478877675,0.600909090909091
A1b,Abilene.gml,500,0,29,6,0.7348409630840661,0.46203165502814403,0.25842613518136776,0.5509090909090909
A1b,Abilene.gml,500,0,29,7,0.744502354813989,0.5150137446836823,0.2583524494185773,0.5909090909090909
A1b,Abilene.gml,500,0,29,8,0.7768460223219988,0.4822366282247255,0.25821641007754886,0.5781818181818181
A1b,Abilene.gml,500,0,29,9,0.7850934255709163,0.4613685176272453,0.2582858171193077,0.5590909090909091
A1b,Abilene.gml,500,0,29,10,0.769384809832133,0.44583723103240547,0.25817324120739243,0.5472727272727272
A1b,Abilene.gml,500,0,29,11,0.7765410476003237,0.5235224699252291,0.2580864938771892,0.6072727272727273
A1b,Abilene.gml,500,0,29,12,0.760348979372198,0.5220234403781258,0.2580255638711066,0.6027272727272728
A1b,Abilene.gml,500,0,29,13,0.7933036240004655,0.5875040775065233,0.258129864158725,0.6545454545454544
A1b,Abilene.gml,500,0,29,14,0.801564673642223,0.5282830537211689,0.2580577964390534,0.6227272727272727
A1b,Abilene.gml,500,0,29,15,0.8016657000772603,0.4604039764584053,0.2580785316175059,0.5718181818181818
A1b,Abilene.gml,500,0,29,16,0.7438353892870221,0.47762000120200115,0.2581529932644495,0.5636363636363636
A1b,Abilene.gml,500,0,29,17,0.7685732686489545,0.5455252459581821,0.2581836967338231,0.6172727272727273
A1b,Abilene.gml,500,0,29,18,0.8262848322188812,0.48239787927690225,0.2581407472500077,0.5918181818181818
A1b,Abilene.gml,500,0,29,19,0.7850312764066459,0.4715161447199751,0.2582192485391479,0.5690909090909092
A1b,Abilene.gml,500,0,29,20,0.7602653976665096,0.46786472728985157,0.25827307044349446,0.5590909090909091
A1b,Abilene.gml,500,0,29,21,0.7521086604390624,0.5327832464136525,0.25825392620761856,0.6018181818181819
A1b,Abilene.gml,500,0,29,22,0.7938241276643804,0.5229467537438629,0.2580626518613849,0.6145454545454545
A1b,Abilene.gml,500,0,29,23,0.7933909200859808,0.5160637014482374,0.25820037897838194,0.6072727272727273
A1b,Abilene.gml,500,0,29,24,0.8016422094310677,0.511148614061639,0.25824890710872545,0.6136363636363636
A1b,Abilene.gml,500,0,29,25,0.7933957745562417,0.49150867312452323,0.25847100582234706,0.5954545454545455
A1b,Abilene.gml,500,0,29,26,0.7851083554323328,0.47595975023431847,0.2587189294266796,0.5727272727272728
A1b,Abilene.gml,500,0,29,27,0.7933625649985465,0.5400338922056044,0.25886607372635706,0.629090909090909
A1b,Abilene.gml,500,0,29,28,0.7521706450637686,0.4722101974959111,0.2590170809507933,0.5618181818181818
A1b,Abilene.gml,500,0,29,29,0.7930128059431822,0.5175026264110696,0.25884891205705024,0.6127272727272727
A1b,Abilene.gml,500,0,29,30,0.7851661381073622,0.48398057813065615,0.2590510802982606,0.5863636363636363
A1b,Abilene.gml,500,0,29,31,0.8181179403900045,0.5231104997604884,0.25926602347821187,0.6209090909090909
A1b,Abilene.gml,500,0,29,32,0.7851886356539635,0.5075519266343058,0.25950959852324584,0.6054545454545454
A1b,Abilene.gml,500,0,29,33,0.7768937083865004,0.48469503657977264,0.2598505039186425,0.5863636363636363
A1b,Abilene.gml,500,0,29,34,0.7768789419735775,0.4848477155853171,0.26014217764111724,0.5845454545454545
A1b,Abilene.gml,500,0,29,35,0.7744154532095426,0.5187586383297597,0.2604598364139838,0.6054545454545455
A1b,Abilene.gml,500,0,29,36,0.8016434803870937,0.5058659849852543,0.2607308974490347,0.6109090909090908
A1b,Abilene.gml,500,0,29,37,0.7851459671652644,0.4954251111852417,0.26114261399079947,0.5881818181818183
A1b,Abilene.gml,500,0,29,38,0.7841572708113106,0.5391990134921344,0.261463345684323,0.6190909090909091
A1b,Abilene.gml,500,0,29,39,0.7439365494841493,0.48157168783643206,0.26135502467981875,0.5663636363636363
A1b,Abilene.gml,500,0,29,40,0.7687233497664195,0.4847764110298968,0.2612638827590662,0.5827272727272726
A1b,Abilene.gml,500,0,29,41,0.7850805077362875,0.5248068095170093,0.2616566217146951,0.6072727272727272
A1b,Abilene.gml,500,0,29,42,0.8593974107672543,0.48772756679001633,0.26132395010991216,0.6109090909090908
A1b,Abilene.gml,500,0,29,43,0.8591406477795688,0.5110645724611971,0.2617815210473441,0.63
A1b,Abilene.gml,500,0,29,44,0.7603786709996839,0.4745083921431995,0.262265224379787,0.5663636363636363
A1b,Abilene.gml,500,0,29,45,0.7359161099137931,0.541163516837633,0.26218865928958307,0.6081818181818183
A1b,Abilene.gml,500,0,29,46,0.7684869574184918,0.5632787173879679,0.2623915097484885,0.6400000000000001
A1b,Abilene.gml,500,0,29,47,0.7851549724124612,0.49417739151470674,0.26290705033214795,0.5872727272727273
A1b,Abilene.gml,500,0,29,48,0.7187247313226047,0.4744796318327861,0.2628466280767347,0.5572727272727274
A1b,Abilene.gml,500,0,29,49,0.785141318967974,0.48351381354560136,0.26275749339279636,0.5863636363636364
